#pragma once
#include <stdint.h>
#include <pgmspace.h>

// seeder_splash_logo 160x40
const uint16_t seeder_splash_logo_w = 160;
const uint16_t seeder_splash_logo_h = 40;
const unsigned short seeder_splash_logo[6400] PROGMEM = {
  0x20C3, 0x20C2, 0x20E2, 0x28E2, 0x3102, 0x3122, 0x3922, 0x3921, 0x4942, 0x5141, 0x6120, 0x7160,
  0x91E1, 0xAA62, 0xBAE3, 0xCB23, 0xD343, 0xD343, 0xD343, 0xD343, 0xCB03, 0xB2A2, 0x9A21, 0x81A0,
  0x7140, 0x6981, 0x6181, 0x5982, 0x5162, 0x5162, 0x5142, 0x5141, 0x6961, 0x81E1, 0x89E1, 0x91E1,
  0x91E1, 0x9201, 0x9A21, 0x9A21, 0x9A21, 0xA221, 0x9A21, 0xA241, 0xA221, 0xA241, 0xAA41, 0xA241,
  0xA241, 0xA241, 0xA241, 0x9A42, 0x81E2, 0x6981, 0x61A2, 0x6181, 0x79C1, 0x9221, 0x9A21, 0x9A01,
  0xA221, 0x9A21, 0x9A01, 0x9A01, 0x9A01, 0x9A01, 0x9A01, 0x9A21, 0x9A21, 0x9A21, 0x9A21, 0x9A21,
  0x9A21, 0x9A01, 0x9A01, 0x8A01, 0x71A1, 0x6181, 0x6181, 0x6981, 0x81E1, 0x9A21, 0xA221, 0xA221,
  0xA241, 0xA241, 0xA241, 0xA221, 0xA221, 0xA221, 0x9A21, 0x9A01, 0x9201, 0x91E0, 0x89C0, 0x7980,
  0x6940, 0x6961, 0x6181, 0x5961, 0x5161, 0x4962, 0x4962, 0x4942, 0x4942, 0x5142, 0x5141, 0x69A1,
  0x89E1, 0x91E1, 0x9A01, 0x9A01, 0x9A01, 0x9A21, 0x9A21, 0x9A21, 0x9A21, 0x9A01, 0x9A21, 0x9A21,
  0xA221, 0xA221, 0xA221, 0xA221, 0xA221, 0x9A01, 0x9222, 0x81E2, 0x6981, 0x61A2, 0x69A2, 0x81C1,
  0x9221, 0x9A21, 0xA221, 0xA221, 0xA221, 0xA221, 0xA221, 0x9A01, 0x9A01, 0x9A01, 0x9A01, 0x9A01,
  0x9A01, 0x91C0, 0x81A0, 0x7180, 0x6960, 0x6161, 0x5961, 0x4962, 0x4142, 0x3922, 0x3102, 0x3102,
  0x28E2, 0x2902, 0x20E2, 0x20C2, 0x20E2, 0x20E2, 0x28E2, 0x2902, 0x3122, 0x3922, 0x4122, 0x4942,
  0x5141, 0x6940, 0x9A42, 0xCB44, 0xE384, 0xEB83, 0xF382, 0xF382, 0xF381, 0xF361, 0xFB81, 0xFB82,
  0xF3A3, 0xF3A3, 0xEBC4, 0xDB84, 0xB2A3, 0x8180, 0x7181, 0x6181, 0x5982, 0x5982, 0x5962, 0x5920,
  0x9A63, 0xDBA5, 0xE363, 0xE363, 0xE363, 0xE383, 0xE383, 0xE363, 0xE363, 0xEB62, 0xEB83, 0xEBA3,
  0xEBA3, 0xEBA3, 0xEBC3, 0xEBC3, 0xEBC3, 0xEBC3, 0xEBC3, 0xEBE5, 0xC344, 0x79A1, 0x71C2, 0x71A0,
  0xBB04, 0xEBC5, 0xEB83, 0xEBA3, 0xEB83, 0xEB83, 0xEB83, 0xEB62, 0xE383, 0xE383, 0xE383, 0xE383,
  0xE383, 0xE383, 0xEB83, 0xEB83, 0xE383, 0xEB83, 0xE383, 0xDBA5, 0x9A62, 0x6980, 0x69A1, 0x79A0,
  0xC324, 0xEBE5, 0xEBA3, 0xF3A3, 0xF3A3, 0xEBA2, 0xEBA2, 0xEBA2, 0xEB82, 0xEB82, 0xEB82, 0xEB83,
  0xEBA3, 0xE383, 0xDB83, 0xD343, 0xBAC2, 0x9201, 0x7980, 0x6960, 0x6181, 0x5182, 0x5182, 0x5162,
  0x5162, 0x5982, 0x5940, 0x9A63, 0xDBA5, 0xE383, 0xEB83, 0xEB83, 0xEB83, 0xEBA3, 0xEBA3, 0xEB83,
  0xEB82, 0xEB83, 0xEB83, 0xE383, 0xEBA3, 0xEBA3, 0xEB83, 0xEB83, 0xEB83, 0xE383, 0xE3A5, 0xB2E4,
  0x7180, 0x6982, 0x6960, 0xB2C3, 0xE3A5, 0xE363, 0xEB83, 0xEB82, 0xEB83, 0xEB82, 0xEB82, 0xE362,
  0xE362, 0xE362, 0xEB83, 0xEB83, 0xEB83, 0xE384, 0xDB64, 0xCB43, 0xB2A2, 0x89E1, 0x6940, 0x5961,
  0x4942, 0x4122, 0x3102, 0x3102, 0x2902, 0x2903, 0x20E3, 0x20E2, 0x20E2, 0x28E2, 0x2902, 0x3102,
  0x3922, 0x3922, 0x4942, 0x5121, 0x7160, 0xBB04, 0xE3C5, 0xEBA3, 0xF381, 0xF360, 0xF340, 0xF360,
  0xFB60, 0xFB60, 0xFB60, 0xFB60, 0xFB60, 0xFB80, 0xF381, 0xF3C3, 0xF3C4, 0xD344, 0x91C1, 0x7181,
  0x69A2, 0x6182, 0x6182, 0x6940, 0xAA62, 0xEB63, 0xEB41, 0xF340, 0xF340, 0xF360, 0xF361, 0xF340,
  0xF340, 0xF360, 0xF360, 0xF380, 0xF380, 0xFB80, 0xFBA1, 0xFB81, 0xFBA1, 0xFBA1, 0xF3A0, 0xF3A2,
  0xCB03, 0x81A0, 0x71A1, 0x81A0, 0xCB02, 0xF3A2, 0xF360, 0xFB80, 0xFB80, 0xF380, 0xF360, 0xF360,
  0xF360, 0xF360, 0xF341, 0xF361, 0xF361, 0xF361, 0xF361, 0xF341, 0xF341, 0xF361, 0xF361, 0xE383,
  0xA282, 0x6980, 0x71C1, 0x89C0, 0xD323, 0xF3C2, 0xFB81, 0xFB80, 0xFB80, 0xFB80, 0xFB80, 0xFB80,
  0xFB80, 0xFB80, 0xFB80, 0xF380, 0xF381, 0xF381, 0xF381, 0xF382, 0xF383, 0xE363, 0xC2E3, 0x89E0,
  0x6960, 0x6181, 0x5962, 0x5982, 0x5982, 0x6182, 0x6960, 0xA262, 0xEB83, 0xF361, 0xF360, 0xF360,
  0xF380, 0xF380, 0xF360, 0xF380, 0xF380, 0xFB80, 0xF380, 0xF380, 0xF380, 0xF380, 0xFB60, 0xFB61,
  0xF361, 0xF361, 0xF383, 0xBAC2, 0x7160, 0x6981, 0x7160, 0xBAC2, 0xEB82, 0xEB20, 0xF340, 0xF340,
  0xF340, 0xF340, 0xF360, 0xF360, 0xF360, 0xF360, 0xF380, 0xF380, 0xFB81, 0xFB81, 0xFBA1, 0xF3A2,
  0xEBA3, 0xDB84, 0xA262, 0x6940, 0x5141, 0x4122, 0x3922, 0x3102, 0x3102, 0x2902, 0x20E2, 0x20E2,
  0x20E2, 0x2902, 0x2902, 0x3122, 0x3942, 0x4142, 0x5141, 0x7180, 0xC304, 0xEBA4, 0xEB61, 0xEB40,
  0xF361, 0xF340, 0xF360, 0xF380, 0xF381, 0xFB81, 0xFB60, 0xFB60, 0xFB60, 0xFB60, 0xFB81, 0xF3A1,
  0xF361, 0xF3C4, 0xD364, 0x91E1, 0x71A1, 0x69A2, 0x69A2, 0x7160, 0xB282, 0xEB62, 0xF340, 0xF340,
  0xF360, 0xF340, 0xF340, 0xF340, 0xF360, 0xF340, 0xF360, 0xF360, 0xF380, 0xFB80, 0xFB80, 0xFB80,
  0xFB80, 0xFB80, 0xFB80, 0xF3A1, 0xCB02, 0x81A0, 0x79C1, 0x89C0, 0xD302, 0xFBA2, 0xFB60, 0xFB60,
  0xFB60, 0xFB60, 0xFB60, 0xF360, 0xF340, 0xF360, 0xF340, 0xF360, 0xF360, 0xF340, 0xF340, 0xF340,
  0xF340, 0xF340, 0xF341, 0xE362, 0xAA61, 0x7180, 0x79C1, 0x89C0, 0xD322, 0xFBA2, 0xFB60, 0xFB60,
  0xFB60, 0xFB80, 0xFB80, 0xFB80, 0xFB80, 0xFB80, 0xFB80, 0xFB80, 0xFB80, 0xF360, 0xF360, 0xF360,
  0xF361, 0xEB41, 0xEB63, 0xDB64, 0x9A21, 0x7160, 0x6981, 0x6182, 0x61A2, 0x69A2, 0x7180, 0xAA62,
  0xEB83, 0xFB60, 0xFB60, 0xFB60, 0xFB60, 0xFB60, 0xFB60, 0xF360, 0xFB60, 0xFB60, 0xFB60, 0xFB60,
  0xFB80, 0xFB60, 0xFB60, 0xFB60, 0xFB40, 0xF340, 0xF382, 0xBAC2, 0x7160, 0x6981, 0x7980, 0xBAA2,
  0xEB62, 0xF320, 0xF340, 0xF340, 0xF340, 0xF340, 0xF340, 0xF360, 0xFB60, 0xF360, 0xFB80, 0xFB80,
  0xFB60, 0xFB60, 0xFB80, 0xF360, 0xF361, 0xEB42, 0xE3A4, 0xAA82, 0x6120, 0x5121, 0x4122, 0x3922,
  0x3122, 0x3102, 0x28E2, 0x20E2, 0x2902, 0x2902, 0x3122, 0x3922, 0x4142, 0x5141, 0x6940, 0xC325,
  0xE384, 0xEB41, 0xF361, 0xF341, 0xF361, 0xF361, 0xF382, 0xF3A2, 0xEB83, 0xEB83, 0xF383, 0xF3A3,
  0xFBA2, 0xFBA2, 0xFB81, 0xFB80, 0xFB81, 0xF361, 0xEB83, 0xC2E3, 0x7980, 0x71A1, 0x71C2, 0x7180,
  0xB282, 0xEB62, 0xF340, 0xF340, 0xF360, 0xF340, 0xF341, 0xF361, 0xF381, 0xF381, 0xF382, 0xFBA1,
  0xFBA1, 0xFBA1, 0xFBA2, 0xFBA2, 0xFBA2, 0xFBA2, 0xF3A2, 0xF3C3, 0xCB23, 0x89C0, 0x81E1, 0x89C0,
  0xD302, 0xFBA2, 0xFB60, 0xFB60, 0xFB60, 0xFB60, 0xF360, 0xF381, 0xF381, 0xF381, 0xF381, 0xF381,
  0xF381, 0xF362, 0xF382, 0xF382, 0xF382, 0xF382, 0xEB62, 0xE384, 0xAA62, 0x7180, 0x79C1, 0x89A0,
  0xD303, 0xFBA2, 0xFB80, 0xFB80, 0xFB80, 0xFB60, 0xFB81, 0xFBA1, 0xFBA2, 0xFBA1, 0xFBA1, 0xFBA1,
  0xFB81, 0xF361, 0xF361, 0xFB81, 0xF361, 0xF341, 0xF361, 0xE322, 0xDB64, 0xAA62, 0x7160, 0x71A2,
  0x69A2, 0x71C2, 0x79A0, 0xB282, 0xF3A2, 0xFB60, 0xFB60, 0xFB60, 0xFB60, 0xF360, 0xFB81, 0xFB81,
  0xFB81, 0xFB82, 0xFB81, 0xFBA1, 0xFBA2, 0xF3A2, 0xFB81, 0xFB82, 0xF382, 0xF382, 0xF3A3, 0xC2E3,
  0x7980, 0x71A1, 0x7980, 0xBAA2, 0xF362, 0xF320, 0xF340, 0xF340, 0xF340, 0xF361, 0xF381, 0xF382,
  0xF382, 0xF382, 0xF3A1, 0xF3A2, 0xFB81, 0xF361, 0xF360, 0xF340, 0xF361, 0xF361, 0xEB41, 0xE384,
  0x9A22, 0x6120, 0x5142, 0x4122, 0x3922, 0x3102, 0x2902, 0x20E2, 0x2902, 0x2902, 0x3102, 0x4122,
  0x4921, 0x5920, 0x8A01, 0xDB85, 0xEB62, 0xF361, 0xFB60, 0xF361, 0xEB62, 0xDB02, 0xC281, 0xBA60,
  0xAA20, 0xAA00, 0xB220, 0xBA61, 0xCAC2, 0xDB43, 0xEB62, 0xF361, 0xF340, 0xF361, 0xEB41, 0xDB84,
  0xA262, 0x7180, 0x79C1, 0x79A0, 0xBAA2, 0xF362, 0xF340, 0xF360, 0xF360, 0xF361, 0xE321, 0xDB02,
  0xDB22, 0xDB22, 0xDB42, 0xDB42, 0xDB42, 0xDB42, 0xDB22, 0xDB22, 0xD342, 0xD322, 0xD322, 0xD343,
  0xB2A3, 0x89E0, 0x81E1, 0x91C0, 0xD302, 0xFBA2, 0xFB60, 0xFB60, 0xFB60, 0xF381, 0xEB41, 0xDB01,
  0xD302, 0xD2E2, 0xD302, 0xCAE2, 0xCAE2, 0xCAE2, 0xCAE2, 0xCAE2, 0xCAE2, 0xC2E2, 0xC2E3, 0xBAE3,
  0x9222, 0x7180, 0x79C1, 0x89A0, 0xD302, 0xFB82, 0xFB60, 0xFB80, 0xFB80, 0xFB81, 0xEB42, 0xE342,
  0xE342, 0xE363, 0xE363, 0xE363, 0xE363, 0xEB83, 0xF3A3, 0xF361, 0xF341, 0xF361, 0xF361, 0xF341,
  0xEB42, 0xDB44, 0xA221, 0x79A0, 0x79C2, 0x79E2, 0x81C0, 0xB2A2, 0xF3A2, 0xFB60, 0xFB60, 0xFB60,
  0xFB81, 0xEB41, 0xDB21, 0xDB22, 0xDB22, 0xDB22, 0xDB22, 0xD322, 0xD322, 0xD322, 0xD302, 0xD302,
  0xD302, 0xD302, 0xCB23, 0xAA82, 0x79A0, 0x79E2, 0x81A0, 0xC2A2, 0xF362, 0xF320, 0xF340, 0xF361,
  0xEB61, 0xE321, 0xD301, 0xDB02, 0xD302, 0xD302, 0xD322, 0xD302, 0xDB02, 0xE342, 0xF382, 0xF361,
  0xF361, 0xF340, 0xF340, 0xEB82, 0xCB24, 0x7960, 0x5121, 0x4942, 0x3922, 0x3102, 0x28E2, 0x20E2,
  0x2902, 0x2902, 0x3922, 0x4121, 0x5121, 0x6120, 0xB2A3, 0xEB83, 0xF341, 0xFB61, 0xF360, 0xF382,
  0xDB22, 0xA1E0, 0x99E0, 0x91E0, 0x91E0, 0x91E0, 0x91E0, 0x89C0, 0x91C0, 0x99C0, 0xCAE2, 0xE383,
  0xEB62, 0xEB82, 0xE363, 0xE3C5, 0xB2C3, 0x7980, 0x81E1, 0x81A0, 0xBAA2, 0xF382, 0xFB60, 0xFB60,
  0xF361, 0xF382, 0xD2C1, 0xA9E0, 0xAA20, 0xAA20, 0xA220, 0xA200, 0xA200, 0xA1E0, 0x99E0, 0x99E0,
  0x91E0, 0x91E0, 0x89C0, 0x89C0, 0x81C0, 0x79C1, 0x79C1, 0x89C0, 0xCAE2, 0xF3A2, 0xF360, 0xFB60,
  0xFB60, 0xF381, 0xCAC1, 0xA1E0, 0x99E0, 0x91C0, 0x91C0, 0x91C0, 0x89C0, 0x89C0, 0x89A0, 0x89A0,
  0x81A0, 0x81A0, 0x8180, 0x79A0, 0x79A0, 0x71A1, 0x79C1, 0x89A0, 0xD302, 0xF381, 0xFB60, 0xFB60,
  0xFB60, 0xF382, 0xC280, 0xAA20, 0xA200, 0xA200, 0x9A00, 0x9A00, 0xA200, 0xAA61, 0xC2A2, 0xDB43,
  0xEB62, 0xF341, 0xFB41, 0xFB61, 0xF361, 0xEB42, 0xD323, 0x91E0, 0x81E1, 0x8201, 0x81C0, 0xBAA2,
  0xF382, 0xFB60, 0xFB60, 0xFB81, 0xF382, 0xD2C1, 0xA9E0, 0xA200, 0xA200, 0x9A00, 0x99E0, 0x91E0,
  0x91E0, 0x91C0, 0x91C0, 0x91C0, 0x91C0, 0x89C0, 0x89C0, 0x89E1, 0x81E1, 0x81C1, 0x89C0, 0xCAC2,
  0xF382, 0xF340, 0xF360, 0xF361, 0xEB62, 0xBA60, 0xA1E0, 0xA1E0, 0x9A00, 0x99E0, 0x9A00, 0x9A00,
  0xA200, 0xAA00, 0xD2E1, 0xFBA2, 0xFB60, 0xFB60, 0xFB60, 0xF341, 0xE384, 0x91E1, 0x5920, 0x4942,
  0x3922, 0x3902, 0x3102, 0x28E2, 0x2902, 0x3102, 0x3922, 0x4121, 0x5121, 0x6940, 0xC304, 0xF3A3,
  0xF340, 0xFB60, 0xFB60, 0xF3A2, 0xCAE1, 0x99E0, 0x9A00, 0x9201, 0x8A01, 0x89E1, 0x81E1, 0x81E1,
  0x81E1, 0x81C0, 0x91E0, 0xC324, 0xCB24, 0xBAA2, 0xBAA2, 0xB2A3, 0x9A22, 0x81C1, 0x81E1, 0x89C0,
  0xC2C2, 0xFBA2, 0xFB81, 0xFB80, 0xFB81, 0xF382, 0xD2C1, 0xAA20, 0xA240, 0x9A20, 0x9221, 0x9221,
  0x9201, 0x8A01, 0x8A01, 0x89E1, 0x89E1, 0x81E1, 0x81C1, 0x79C1, 0x79C1, 0x79E2, 0x81E2, 0x81A0,
  0xCAE2, 0xF382, 0xF340, 0xF360, 0xFB60, 0xF382, 0xCAA1, 0xA200, 0x9A20, 0x9221, 0x9201, 0x89E1,
  0x89E1, 0x89E1, 0x89E1, 0x81E1, 0x81E1, 0x79E1, 0x79E1, 0x7A02, 0x79E1, 0x71C1, 0x79C1, 0x89A0,
  0xCB02, 0xF381, 0xF360, 0xFB60, 0xFB81, 0xF3A3, 0xBA60, 0x9A00, 0x9201, 0x89E1, 0x81E1, 0x81E1,
  0x81E0, 0x89E0, 0x89C0, 0x99E0, 0xCAE2, 0xEB42, 0xF341, 0xFB41, 0xFB61, 0xF321, 0xEB63, 0xBA81,
  0x89C0, 0x8A01, 0x89C0, 0xBAA2, 0xF3A2, 0xFB60, 0xFB60, 0xFB81, 0xF382, 0xCAC1, 0xA220, 0x9A20,
  0x9220, 0x9221, 0x9201, 0x89E1, 0x89E1, 0x89E1, 0x89E1, 0x81C1, 0x81E1, 0x81E1, 0x81E1, 0x8202,
  0x81E1, 0x8202, 0x91E1, 0xCAE2, 0xFBA2, 0xFB40, 0xFB60, 0xF340, 0xEB82, 0xBA81, 0x91E0, 0x9201,
  0x8A01, 0x8A01, 0x8A01, 0x8A01, 0x9201, 0x99E0, 0xB220, 0xEB62, 0xFB81, 0xFB60, 0xFB60, 0xF340,
  0xEBA4, 0xA241, 0x5920, 0x4922, 0x3922, 0x3902, 0x3102, 0x28E2, 0x2902, 0x3102, 0x3922, 0x4121,
  0x5141, 0x6940, 0xC304, 0xF3A3, 0xF360, 0xFB60, 0xFB60, 0xF381, 0xE362, 0xB240, 0x99E0, 0x91E0,
  0x89E0, 0x81C0, 0x81C0, 0x79C1, 0x79C1, 0x79C1, 0x81C0, 0x89E1, 0x89E1, 0x81A0, 0x81A0, 0x81C1,
  0x81C1, 0x81E1, 0x8A01, 0x91E0, 0xCAE2, 0xFBA3, 0xFB81, 0xFB81, 0xFB81, 0xFB82, 0xD2E1, 0xAA20,
  0xA220, 0x9A20, 0x9200, 0x9200, 0x8A00, 0x89E1, 0x89E1, 0x81C1, 0x81C1, 0x79C1, 0x79C1, 0x79C1,
  0x79C2, 0x79C2, 0x79C1, 0x89A0, 0xCAE2, 0xF382, 0xF340, 0xF340, 0xF360, 0xF382, 0xCAC1, 0xA200,
  0x9A20, 0x9A21, 0x9201, 0x9201, 0x8A01, 0x89E1, 0x89E1, 0x81E1, 0x81E1, 0x81E1, 0x79E1, 0x79E1,
  0x79E1, 0x79C2, 0x79C1, 0x89C0, 0xCB02, 0xF382, 0xF360, 0xF360, 0xF360, 0xF383, 0xB240, 0x89E0,
  0x79E1, 0x79E2, 0x71C2, 0x71C1, 0x79E1, 0x79E1, 0x8201, 0x8A00, 0xA1E0, 0xDB43, 0xF362, 0xFB61,
  0xFB61, 0xFB61, 0xF382, 0xD302, 0x99E0, 0x8A01, 0x91E0, 0xBAA1, 0xF382, 0xFB60, 0xFB60, 0xFB60,
  0xF382, 0xCAC1, 0xA200, 0x9A20, 0x9221, 0x9201, 0x9201, 0x9201, 0x89E1, 0x89E1, 0x89E1, 0x81C1,
  0x79C1, 0x79E2, 0x79E1, 0x79E1, 0x79E1, 0x81E1, 0x91E0, 0xCAE2, 0xFBA2, 0xFB60, 0xFB60, 0xFB61,
  0xF382, 0xBA80, 0x9200, 0x8A21, 0x8A22, 0x8A22, 0x8A02, 0x8A02, 0x8A01, 0x9A00, 0xAA00, 0xEB62,
  0xFB81, 0xFB80, 0xFB60, 0xF360, 0xEBA3, 0xA242, 0x5920, 0x4942, 0x3922, 0x3922, 0x3102, 0x28E2,
  0x2903, 0x3122, 0x3922, 0x4121, 0x5141, 0x6940, 0xBAE3, 0xEBC4, 0xFBA1, 0xFB81, 0xFB60, 0xFB61,
  0xF382, 0xEB82, 0xD302, 0xC2A1, 0xAA41, 0x99E0, 0x91C0, 0x81A0, 0x81A0, 0x81A0, 0x81A0, 0x81A0,
  0x81C1, 0x81E2, 0x8202, 0x79E2, 0x8202, 0x8A02, 0x8A21, 0x9200, 0xCB02, 0xFBA3, 0xFB81, 0xFB81,
  0xFB81, 0xF382, 0xDB01, 0xB200, 0xAA20, 0xAA20, 0xA200, 0xA200, 0xA200, 0x99E0, 0x91C0, 0x91C0,
  0x89A0, 0x81A0, 0x81A0, 0x79A0, 0x79C2, 0x79C2, 0x79C1, 0x89A0, 0xCAE2, 0xF382, 0xF340, 0xF340,
  0xFB60, 0xF382, 0xCAC1, 0xAA00, 0xAA20, 0xAA20, 0xAA20, 0xA200, 0xA200, 0x9A00, 0x99E0, 0x91E0,
  0x91E0, 0x91E0, 0x91E0, 0x89E1, 0x79E1, 0x79C2, 0x81C1, 0x89C0, 0xD303, 0xF382, 0xF360, 0xFB60,
  0xF360, 0xF382, 0xAA40, 0x81C0, 0x71C1, 0x71C2, 0x71C2, 0x69C2, 0x71C1, 0x71E2, 0x79E1, 0x8201,
  0x91E0, 0xC2C1, 0xF383, 0xFB61, 0xFB60, 0xFB60, 0xFB81, 0xE342, 0xA220, 0x9200, 0x91E0, 0xC2A1,
  0xF382, 0xFB40, 0xFB60, 0xFB61, 0xF361, 0xDB01, 0xB220, 0xA200, 0xA200, 0xA220, 0xA200, 0xA200,
  0x99E0, 0x99E0, 0x91C0, 0x89A0, 0x81A0, 0x81A0, 0x79C0, 0x79C1, 0x79C1, 0x81E1, 0x89C0, 0xCAE2,
  0xFBA2, 0xFB60, 0xFB60, 0xF361, 0xF382, 0xC281, 0x9A00, 0x9241, 0x9221, 0x9221, 0x9221, 0x9201,
  0x9A01, 0xA221, 0xBA40, 0xEB62, 0xFB81, 0xFB60, 0xFB60, 0xFB60, 0xEB83, 0x9A21, 0x6120, 0x4942,
  0x3902, 0x3902, 0x30E2, 0x20E2, 0x2903, 0x3102, 0x3922, 0x4122, 0x5162, 0x6140, 0x9A21, 0xEBE5,
  0xF3A2, 0xFB81, 0xFB60, 0xFB60, 0xFB61, 0xFBA1, 0xF3A2, 0xF3A3, 0xEB83, 0xE363, 0xDB43, 0xCB03,
  0xCAE2, 0xC2C2, 0xB281, 0xA200, 0x91C0, 0x89C0, 0x89E1, 0x8202, 0x8202, 0x8A21, 0x9221, 0x9A20,
  0xCB02, 0xFBC3, 0xFBA1, 0xFB81, 0xFB81, 0xFBA2, 0xF3A3, 0xEB62, 0xE363, 0xE363, 0xE362, 0xE362,
  0xDB42, 0xDB22, 0xD322, 0xD322, 0xCB23, 0xCB03, 0xC324, 0x9A42, 0x79A1, 0x79E2, 0x79C1, 0x89A0,
  0xCAE2, 0xF382, 0xF340, 0xF360, 0xFB60, 0xF381, 0xEB62, 0xE342, 0xE362, 0xE362, 0xE362, 0xE362,
  0xE362, 0xE363, 0xE363, 0xE363, 0xDB63, 0xDB63, 0xDB84, 0xB2C3, 0x81E1, 0x8202, 0x81E1, 0x89A0,
  0xCB02, 0xF382, 0xF360, 0xFB60, 0xF360, 0xEB82, 0xAA40, 0x79C0, 0x71A1, 0x69A2, 0x69C2, 0x69C2,
  0x69C2, 0x69C1, 0x71E1, 0x79E1, 0x89E0, 0xB240, 0xEB83, 0xF361, 0xFB80, 0xFB60, 0xFB81, 0xEB82,
  0xAA20, 0x9A00, 0x99E0, 0xC2A1, 0xF362, 0xFB40, 0xFB60, 0xFB60, 0xF361, 0xF362, 0xE342, 0xE342,
  0xE363, 0xE363, 0xE362, 0xE362, 0xE343, 0xDB42, 0xD322, 0xD323, 0xCB23, 0xCB44, 0xAA82, 0x79A0,
  0x79C1, 0x79C1, 0x89C0, 0xCAC2, 0xF382, 0xFB60, 0xFB60, 0xF340, 0xF382, 0xCA80, 0xAA00, 0xA220,
  0xA220, 0x9A00, 0x9A00, 0xA200, 0xA1E0, 0xAA00, 0xD2E2, 0xF3A2, 0xFB60, 0xFB60, 0xFB60, 0xF341,
  0xE364, 0x91E1, 0x5920, 0x4922, 0x3902, 0x3902, 0x30E2, 0x28E2, 0x2903, 0x3122, 0x3922, 0x4142,
  0x5162, 0x6181, 0x7980, 0xC303, 0xF3E4, 0xFBA2, 0xFB61, 0xFB60, 0xFB60, 0xF360, 0xF360, 0xF360,
  0xF361, 0xF361, 0xF361, 0xF382, 0xF382, 0xF382, 0xEB62, 0xEB83, 0xD323, 0xBA81, 0x99E0, 0x9A01,
  0x9201, 0x9201, 0x9A41, 0x9A20, 0xCB02, 0xFBC3, 0xFBA1, 0xFBA1, 0xFB81, 0xFBA1, 0xFBA1, 0xFBA2,
  0xFBC2, 0xFBC2, 0xFBC2, 0xFBA2, 0xFBA2, 0xFBA2, 0xF382, 0xF382, 0xF382, 0xEB82, 0xEBC4, 0xAA82,
  0x79A0, 0x79C1, 0x79C1, 0x89A0, 0xCAE2, 0xF382, 0xF340, 0xF360, 0xFB60, 0xFB81, 0xFB81, 0xFBA1,
  0xFBA1, 0xFBC2, 0xFBC2, 0xFBC2, 0xFBC2, 0xFBC2, 0xFBA2, 0xFBA2, 0xFBC2, 0xFBC2, 0xF3E3, 0xC303,
  0x89E0, 0x81E1, 0x81E1, 0x91C0, 0xD302, 0xF381, 0xF340, 0xF360, 0xF361, 0xEB82, 0xA220, 0x79A0,
  0x69A1, 0x69A2, 0x61A2, 0x61A2, 0x61A2, 0x69C1, 0x71C1, 0x7A01, 0x8A01, 0xAA20, 0xEB63, 0xFB81,
  0xFB80, 0xFB80, 0xFB81, 0xF3A2, 0xBA60, 0xA220, 0x9A00, 0xC2A1, 0xF361, 0xFB40, 0xFB40, 0xF340,
  0xFB61, 0xFB61, 0xF381, 0xFBA2, 0xF3A2, 0xFBA2, 0xFBC2, 0xFBC2, 0xF3A2, 0xF3C2, 0xF3A2, 0xF3A2,
  0xF3A2, 0xEBC3, 0xC2E2, 0x81A0, 0x79E1, 0x79C1, 0x89C0, 0xC2C1, 0xF382, 0xF340, 0xFB60, 0xFB61,
  0xFBA2, 0xE321, 0xD2E1, 0xD2E1, 0xCAE1, 0xCAE1, 0xCAC1, 0xCAE1, 0xD302, 0xE342, 0xEB62, 0xF381,
  0xF360, 0xFB60, 0xF340, 0xEB62, 0xCB03, 0x7980, 0x5941, 0x4922, 0x3922, 0x3102, 0x30E2, 0x28E2,
  0x2902, 0x3122, 0x3922, 0x4142, 0x5162, 0x5982, 0x6981, 0x89C0, 0xCB03, 0xF3C5, 0xFBA3, 0xF381,
  0xF360, 0xFB60, 0xFB60, 0xFB40, 0xFB40, 0xF361, 0xF360, 0xF360, 0xF360, 0xF360, 0xF380, 0xF381,
  0xF3A2, 0xF3E4, 0xDB43, 0xBA61, 0xA200, 0x9A21, 0x9A41, 0xA220, 0xD302, 0xFBC3, 0xFB81, 0xFBA1,
  0xFB80, 0xFB80, 0xFB81, 0xFB81, 0xFB81, 0xFB80, 0xFB60, 0xFB61, 0xFB61, 0xF360, 0xF360, 0xF340,
  0xF360, 0xEB40, 0xEB83, 0xAA61, 0x79A0, 0x79C2, 0x79C1, 0x81A0, 0xCAE2, 0xF382, 0xF360, 0xFB60,
  0xFB60, 0xFB80, 0xFB80, 0xFB81, 0xFBA1, 0xFB81, 0xFB81, 0xFB80, 0xFBA0, 0xFB80, 0xFB80, 0xFB80,
  0xFB80, 0xFB80, 0xF3A2, 0xC2E2, 0x89E0, 0x81E1, 0x8201, 0x91C0, 0xD302, 0xF382, 0xF360, 0xF360,
  0xF361, 0xEB83, 0xA220, 0x79C1, 0x69A1, 0x69A2, 0x61A2, 0x6182, 0x61A2, 0x69C2, 0x71C1, 0x7A02,
  0x8A01, 0xA220, 0xEB63, 0xFB81, 0xFB80, 0xFB80, 0xFB81, 0xF3A2, 0xC2A1, 0xA200, 0xA200, 0xC2A1,
  0xF361, 0xFB40, 0xFB40, 0xFB40, 0xF340, 0xF360, 0xF340, 0xF360, 0xF380, 0xFB80, 0xFB80, 0xFB80,
  0xFB80, 0xFB80, 0xFBA0, 0xF380, 0xF380, 0xF3A2, 0xC2E2, 0x81A0, 0x79E1, 0x79E1, 0x89C0, 0xC2A2,
  0xF382, 0xF360, 0xFB60, 0xFB80, 0xFB81, 0xFBA2, 0xFBA2, 0xFBC2, 0xFBC2, 0xFBC3, 0xFBC2, 0xFBC2,
  0xFBA2, 0xFBA2, 0xF381, 0xF360, 0xFB60, 0xF340, 0xEB41, 0xE364, 0xA221, 0x6140, 0x5142, 0x4122,
  0x3922, 0x3102, 0x3102, 0x28E2, 0x2902, 0x3123, 0x3922, 0x4122, 0x4942, 0x5182, 0x6182, 0x7181,
  0x89A0, 0xB262, 0xD323, 0xEB83, 0xF383, 0xF382, 0xF361, 0xF341, 0xF361, 0xF341, 0xF340, 0xF340,
  0xF360, 0xFB60, 0xFB80, 0xFBA1, 0xFBA1, 0xF3A1, 0xFBC3, 0xF3C4, 0xC2C1, 0xA220, 0xA241, 0xA240,
  0xD302, 0xFBA2, 0xFB81, 0xFB80, 0xFB80, 0xFB80, 0xFB61, 0xFB61, 0xFB81, 0xF361, 0xF361, 0xF361,
  0xF361, 0xF361, 0xF361, 0xF361, 0xF361, 0xEB41, 0xEB83, 0xB282, 0x79A0, 0x79E2, 0x79E1, 0x89C0,
  0xCB02, 0xF3A2, 0xF360, 0xFB60, 0xFB80, 0xFB80, 0xFB60, 0xFB81, 0xFB81, 0xFB81, 0xFB81, 0xF381,
  0xFB81, 0xFB81, 0xFB81, 0xF381, 0xF381, 0xF381, 0xF3C3, 0xC2E2, 0x89C0, 0x81E1, 0x81E1, 0x89C0,
  0xD302, 0xF382, 0xF360, 0xF380, 0xF360, 0xEB83, 0xA220, 0x79A0, 0x69A1, 0x69A2, 0x61A2, 0x61A2,
  0x61C2, 0x69C1, 0x71C1, 0x79E2, 0x8A01, 0xA220, 0xE362, 0xFB81, 0xFB80, 0xFB60, 0xFB80, 0xF3A2,
  0xBA81, 0x9A00, 0xA200, 0xCAC1, 0xF381, 0xFB40, 0xFB40, 0xFB60, 0xF340, 0xF361, 0xF360, 0xF361,
  0xFB81, 0xF381, 0xFB81, 0xF381, 0xF381, 0xF381, 0xF381, 0xF381, 0xF381, 0xF3A3, 0xC2E2, 0x81A0,
  0x79E1, 0x79E2, 0x81A0, 0xC2A2, 0xF382, 0xF360, 0xF360, 0xFB60, 0xFB80, 0xFB80, 0xFB80, 0xFB80,
  0xFB81, 0xFB81, 0xFB81, 0xFB81, 0xFB81, 0xFB80, 0xFB80, 0xFB60, 0xF360, 0xF361, 0xE363, 0xB282,
  0x7960, 0x6141, 0x4941, 0x4122, 0x3922, 0x3102, 0x28E2, 0x28E2, 0x2903, 0x3123, 0x3922, 0x4122,
  0x4942, 0x5162, 0x5982, 0x6182, 0x7181, 0x7960, 0x8980, 0x99E0, 0xB261, 0xC2C2, 0xCB02, 0xDB42,
  0xE362, 0xEB63, 0xF362, 0xF382, 0xF382, 0xFB82, 0xFB81, 0xFB81, 0xFB81, 0xFBA1, 0xFBA1, 0xF3C3,
  0xEBA4, 0xAA40, 0xA221, 0xA220, 0xCAE2, 0xFB82, 0xFB60, 0xFB60, 0xFB60, 0xF361, 0xF361, 0xF362,
  0xEB62, 0xEB62, 0xEB63, 0xEB62, 0xEB62, 0xEB83, 0xEB83, 0xEB63, 0xEB63, 0xE383, 0xE3A5, 0xAAA2,
  0x81C0, 0x79E2, 0x81E1, 0x91E0, 0xD322, 0xFBA2, 0xFB60, 0xFB60, 0xFB60, 0xFB61, 0xF361, 0xF362,
  0xF383, 0xF383, 0xEB83, 0xEBA3, 0xF3A3, 0xF3A3, 0xEBA3, 0xEBA3, 0xEBA3, 0xEB84, 0xEBC5, 0xBAE3,
  0x81C0, 0x79E1, 0x81E1, 0x91C0, 0xD302, 0xF381, 0xF360, 0xFB60, 0xF360, 0xEB83, 0xAA40, 0x79C0,
  0x71C1, 0x69C2, 0x69A2, 0x61A2, 0x61A2, 0x69C1, 0x71E2, 0x7A01, 0x8A01, 0xAA20, 0xEB83, 0xFB81,
  0xFB80, 0xFB60, 0xFB80, 0xF382, 0xBA81, 0x9A00, 0xA200, 0xCAC1, 0xF382, 0xFB60, 0xFB60, 0xFB60,
  0xF361, 0xF361, 0xF362, 0xEB62, 0xEB83, 0xEB83, 0xEB83, 0xEBA3, 0xEBA3, 0xEBA3, 0xEBA3, 0xEBA4,
  0xEBA4, 0xEBC5, 0xC303, 0x81C0, 0x79E1, 0x79C1, 0x81A0, 0xC2A2, 0xF382, 0xF340, 0xF360, 0xF360,
  0xFB60, 0xFB60, 0xFB80, 0xFB80, 0xFB81, 0xFB81, 0xFB81, 0xFB81, 0xFB81, 0xFB81, 0xFB81, 0xFB81,
  0xF361, 0xEB62, 0xBA82, 0x8160, 0x6961, 0x5962, 0x4942, 0x4122, 0x3902, 0x3102, 0x30E2, 0x28E2,
  0x28E2, 0x3102, 0x3922, 0x3922, 0x4942, 0x5162, 0x5982, 0x5982, 0x6982, 0x71A2, 0x7981, 0x8180,
  0x7980, 0x81A0, 0x89C0, 0x91E0, 0xA220, 0xB261, 0xC2C2, 0xD302, 0xDB42, 0xEB83, 0xF3C2, 0xFBA1,
  0xFBA1, 0xFBA1, 0xFBA1, 0xF3A1, 0xEBA3, 0xB260, 0x9A00, 0x99E0, 0xCAC1, 0xF381, 0xF340, 0xFB60,
  0xF360, 0xEB61, 0xD2C1, 0xBA40, 0xB240, 0xAA40, 0xAA20, 0xAA20, 0xAA20, 0xAA20, 0xAA20, 0xAA20,
  0xAA20, 0xA221, 0xA221, 0x8A01, 0x81E1, 0x79E2, 0x8201, 0x91E0, 0xD322, 0xFBC2, 0xFB60, 0xFB60,
  0xFB60, 0xFB82, 0xDAE1, 0xBA40, 0xBA60, 0xB240, 0xB260, 0xB240, 0xAA40, 0xAA40, 0xAA20, 0xAA20,
  0xAA20, 0xA221, 0x9A21, 0x8A01, 0x79E1, 0x79E1, 0x81E1, 0x91C0, 0xD322, 0xFBA1, 0xFB60, 0xFB60,
  0xFB61, 0xF382, 0xAA40, 0x81C0, 0x71C1, 0x71C2, 0x69A2, 0x69A1, 0x69C2, 0x69C2, 0x71E2, 0x81E2,
  0x89E1, 0xB260, 0xF382, 0xFB60, 0xFB80, 0xFB80, 0xFB81, 0xEB83, 0xB240, 0x9A00, 0x9A00, 0xCAC1,
  0xF3A2, 0xFB60, 0xFB60, 0xFB61, 0xF381, 0xDB21, 0xC280, 0xBA60, 0xB240, 0xAA40, 0xAA40, 0xAA40,
  0xA240, 0xA240, 0xA240, 0xA240, 0xA241, 0xA221, 0x9201, 0x81E1, 0x79E1, 0x79E1, 0x81A0, 0xC2A2,
  0xF382, 0xF340, 0xF360, 0xFB60, 0xF361, 0xF381, 0xF3A2, 0xFBC2, 0xFBC3, 0xFBC3, 0xFBA3, 0xFB82,
  0xFB81, 0xFB81, 0xFB81, 0xFB81, 0xFBA2, 0xD2C1, 0x9180, 0x7981, 0x6962, 0x5962, 0x5142, 0x4122,
  0x3903, 0x3902, 0x30E2, 0x28E2, 0x28E2, 0x3102, 0x3902, 0x3922, 0x4942, 0x5141, 0x5920, 0x6140,
  0x6960, 0x7160, 0x7980, 0x79A0, 0x79C1, 0x79E1, 0x79E1, 0x81E1, 0x89E1, 0x89E0, 0x9200, 0x9A00,
  0xA220, 0xB260, 0xD2E1, 0xF3A2, 0xFBA1, 0xFBA1, 0xFBA1, 0xF380, 0xF3A3, 0xC2A2, 0x99E0, 0x99E0,
  0xC2A1, 0xF361, 0xFB40, 0xFB60, 0xF360, 0xEB62, 0xCAA1, 0xA200, 0x9A00, 0x9201, 0x9201, 0x91E1,
  0x89E1, 0x89E1, 0x89E1, 0x89E1, 0x89E1, 0x89E1, 0x81C1, 0x81E1, 0x7A02, 0x7A02, 0x8202, 0x89C0,
  0xD302, 0xFBC2, 0xFB60, 0xFB60, 0xFB61, 0xFB82, 0xCAC1, 0xAA00, 0xA220, 0x9A00, 0x9201, 0x9201,
  0x9201, 0x89E1, 0x89E1, 0x89E1, 0x81C1, 0x81C1, 0x79C1, 0x79C1, 0x79E1, 0x71E1, 0x79C1, 0x89C0,
  0xD302, 0xF381, 0xF360, 0xFB60, 0xF360, 0xF382, 0xB240, 0x89E0, 0x79E1, 0x71E2, 0x71C2, 0x69A1,
  0x69C2, 0x71C2, 0x71C1, 0x81E1, 0x91C0, 0xCAE2, 0xF382, 0xFB60, 0xFB61, 0xFB60, 0xF382, 0xDB43,
  0xA220, 0x9A21, 0x9A00, 0xCAC1, 0xF3A2, 0xFB80, 0xFB80, 0xFB80, 0xF382, 0xD2E1, 0xAA20, 0xA240,
  0x9A20, 0x9201, 0x8A01, 0x8A01, 0x89E1, 0x81E1, 0x81E1, 0x81E1, 0x81E1, 0x79E1, 0x79E1, 0x7A02,
  0x79E2, 0x79E2, 0x81A0, 0xC2A2, 0xF382, 0xEB40, 0xF360, 0xF340, 0xF362, 0xD2E1, 0xC2A1, 0xCAC1,
  0xCAC1, 0xCAE2, 0xD2E1, 0xEB42, 0xF382, 0xFB81, 0xFB81, 0xFB80, 0xFBA1, 0xDB22, 0x99C0, 0x7981,
  0x6982, 0x5962, 0x5142, 0x4122, 0x3923, 0x3102, 0x30E2, 0x28E2, 0x2902, 0x3102, 0x3102, 0x3922,
  0x4121, 0x61A2, 0xA305, 0xB304, 0xBB03, 0xBAE3, 0xC303, 0xB2C3, 0x7980, 0x79C1, 0x79E1, 0x79E1,
  0x81E1, 0x8201, 0x8A01, 0x9221, 0x9221, 0xA240, 0xB240, 0xE342, 0xFBC2, 0xFB81, 0xFB80, 0xF360,
  0xEBA3, 0xC2C2, 0x91C0, 0x91C0, 0xC2A1, 0xF362, 0xFB40, 0xFB40, 0xF340, 0xEB62, 0xC2A1, 0xA200,
  0x9A21, 0x9221, 0x8A22, 0x8A02, 0x8A01, 0x8A02, 0x8A02, 0x8A01, 0x8202, 0x8202, 0x81E2, 0x79E1,
  0x7A02, 0x79E2, 0x79E1, 0x89C0, 0xCB02, 0xFBA2, 0xFB80, 0xFB60, 0xFB61, 0xF3A2, 0xCAC1, 0xA220,
  0x9A21, 0x9221, 0x8A01, 0x8A01, 0x8A02, 0x81E2, 0x81E2, 0x79E1, 0x79E2, 0x71E2, 0x71E2, 0x71E2,
  0x71C1, 0x71C1, 0x79C1, 0x89A0, 0xD302, 0xF381, 0xF360, 0xFB60, 0xF360, 0xF382, 0xBA60, 0x9200,
  0x8201, 0x79E2, 0x79E2, 0x79E1, 0x79E2, 0x8202, 0x81E1, 0x89A0, 0xAA40, 0xEB83, 0xF361, 0xF360,
  0xFB60, 0xF340, 0xF3A3, 0xC2A1, 0x9200, 0x9221, 0x9A00, 0xC2C2, 0xF3A2, 0xFB60, 0xFB60, 0xFB80,
  0xFB81, 0xDB01, 0xAA40, 0xA261, 0x9A41, 0x9221, 0x8A01, 0x8A22, 0x8202, 0x8202, 0x79E2, 0x79E2,
  0x71E2, 0x71E2, 0x71E2, 0x71E2, 0x71E2, 0x71C2, 0x81A0, 0xC2A2, 0xF382, 0xF340, 0xF360, 0xF361,
  0xEB82, 0xBA60, 0x99E0, 0x9A00, 0x9A00, 0x9A00, 0xA1E0, 0xBA60, 0xF3A3, 0xFB81, 0xFB80, 0xFB80,
  0xFB81, 0xF3A3, 0xBA81, 0x81A0, 0x6981, 0x5962, 0x5142, 0x4122, 0x3923, 0x3103, 0x30E2, 0x28E2,
  0x28E2, 0x3102, 0x3102, 0x4122, 0x4101, 0x69A1, 0xCBC6, 0xE3C4, 0xEBA3, 0xF3A3, 0xEB82, 0xDB63,
  0xA220, 0x8180, 0x81C1, 0x81C1, 0x81E1, 0x8201, 0x8A01, 0x9221, 0x9A21, 0xA240, 0xB220, 0xDB22,
  0xFBA2, 0xFB81, 0xF380, 0xF360, 0xEB83, 0xBAA1, 0x89E0, 0x91C0, 0xC2A1, 0xF361, 0xF340, 0xFB40,
  0xF340, 0xEB62, 0xCAA1, 0x99C0, 0x99E0, 0x91E0, 0x9200, 0x9200, 0x9200, 0x91E0, 0x91E0, 0x89E0,
  0x89E0, 0x81C0, 0x81C0, 0x81C0, 0x81C0, 0x81E1, 0x81E1, 0x89C0, 0xD302, 0xFBA2, 0xFB60, 0xFB60,
  0xFB60, 0xFBA2, 0xCAA1, 0xA200, 0x9A00, 0x91E0, 0x89E0, 0x89E0, 0x81C0, 0x81C0, 0x79C0, 0x79C0,
  0x79C0, 0x71A0, 0x71A0, 0x71A0, 0x71C1, 0x71C1, 0x79C1, 0x89A0, 0xD322, 0xFB81, 0xFB60, 0xFB60,
  0xFB81, 0xF382, 0xBA60, 0x9A00, 0x9200, 0x89E0, 0x89E0, 0x89E0, 0x89E0, 0x89C0, 0x9A00, 0xBAA2,
  0xE363, 0xEB61, 0xF361, 0xFB61, 0xF360, 0xF362, 0xDB63, 0xA220, 0x8A01, 0x8A01, 0x91E0, 0xC2C2,
  0xF3A2, 0xFB60, 0xFB60, 0xFB80, 0xFB81, 0xDAE1, 0xAA00, 0xA220, 0x9A00, 0x9200, 0x91E0, 0x89E0,
  0x81C0, 0x81C1, 0x81C1, 0x79C0, 0x79C1, 0x71A1, 0x71A1, 0x71A1, 0x71C1, 0x71C1, 0x81A0, 0xC2C2,
  0xF3A2, 0xF360, 0xF360, 0xF361, 0xEB83, 0xB261, 0x91E0, 0x8A01, 0x8A01, 0x8A01, 0x89E0, 0x99C0,
  0xCAE2, 0xF3A2, 0xFB60, 0xFB80, 0xFB61, 0xFBA2, 0xDB43, 0x91C0, 0x7181, 0x5962, 0x5162, 0x4122,
  0x3922, 0x3103, 0x28E2, 0x20E2, 0x28E2, 0x28E2, 0x3102, 0x3901, 0x4121, 0x5100, 0xAAE4, 0xE3A4,
  0xEB61, 0xEB20, 0xF340, 0xF362, 0xE343, 0xBA61, 0xA1C0, 0x91C0, 0x91C0, 0x91C0, 0x91E0, 0x99E0,
  0x9A00, 0xAA00, 0xCAC1, 0xF3A3, 0xF381, 0xFB81, 0xF361, 0xEB61, 0xE363, 0xA241, 0x89C0, 0x89A0,
  0xC2A1, 0xF362, 0xFB40, 0xFB40, 0xF340, 0xF361, 0xDAE1, 0xBA60, 0xBA60, 0xBA60, 0xBA61, 0xBA81,
  0xBA81, 0xBA81, 0xB281, 0xB281, 0xB261, 0xB261, 0xAA61, 0xAA41, 0xA241, 0x8A01, 0x89E1, 0x91E0,
  0xD302, 0xFBC2, 0xFB60, 0xFB60, 0xFB81, 0xFBA2, 0xDB01, 0xBA60, 0xB260, 0xB260, 0xAA41, 0xAA41,
  0xAA40, 0xAA21, 0xA221, 0xA221, 0xA221, 0x9A21, 0x9A21, 0x9A21, 0x8A01, 0x79A1, 0x79C1, 0x89A0,
  0xD302, 0xFB82, 0xFB60, 0xFB60, 0xFB60, 0xF382, 0xD2C1, 0xBA80, 0xBAA1, 0xBA81, 0xBA81, 0xBAA1,
  0xBAA1, 0xCAE2, 0xE383, 0xF3A3, 0xF382, 0xF361, 0xF341, 0xFB61, 0xEB41, 0xEB83, 0xBAA2, 0x81A0,
  0x8201, 0x81E1, 0x89C0, 0xBAC2, 0xF3A2, 0xFB60, 0xFB60, 0xFB60, 0xFB81, 0xE321, 0xC280, 0xBA81,
  0xBA81, 0xBA81, 0xB261, 0xAA61, 0xAA41, 0xA221, 0xA221, 0xA221, 0xA221, 0x9A01, 0x9A01, 0x9201,
  0x79C1, 0x71C1, 0x81A0, 0xC2C2, 0xF3A2, 0xF360, 0xF360, 0xF361, 0xEB83, 0xAA41, 0x81C0, 0x81E1,
  0x79E2, 0x79C2, 0x79C1, 0x81A0, 0xA200, 0xE363, 0xF361, 0xFB60, 0xFB81, 0xF361, 0xF3A4, 0xBA82,
  0x7980, 0x5961, 0x4942, 0x4142, 0x3102, 0x3103, 0x28E2, 0x20E2, 0x20E2, 0x28E2, 0x30E2, 0x3102,
  0x4121, 0x48E0, 0x81E2, 0xDBA5, 0xE341, 0xF340, 0xFB60, 0xFB60, 0xFB81, 0xF383, 0xE322, 0xD2E2,
  0xC2C2, 0xC2A2, 0xCAC2, 0xCAC1, 0xD302, 0xE342, 0xF383, 0xF381, 0xFB81, 0xF361, 0xEB61, 0xEB82,
  0xD323, 0x91C0, 0x81C1, 0x89C0, 0xC2A2, 0xF362, 0xFB40, 0xFB60, 0xFB60, 0xF361, 0xF381, 0xF382,
  0xF382, 0xF382, 0xF3A2, 0xF3A3, 0xF3C3, 0xF3C3, 0xF3C3, 0xF3C3, 0xF3C4, 0xF3C3, 0xF3C4, 0xF3C4,
  0xE3C5, 0xA241, 0x89E0, 0x91E0, 0xD302, 0xFBC2, 0xFB80, 0xFB80, 0xFB81, 0xFB81, 0xF382, 0xF382,
  0xEB82, 0xEB82, 0xEB82, 0xEB82, 0xEB82, 0xEB63, 0xEB63, 0xEB83, 0xE383, 0xE383, 0xE383, 0xE384,
  0xCB45, 0x81A0, 0x79C0, 0x89C0, 0xD323, 0xFBA2, 0xFB60, 0xFB60, 0xFB80, 0xFB60, 0xF381, 0xF3A2,
  0xF3A3, 0xF3C3, 0xF3C3, 0xF3C3, 0xFBC3, 0xFBC3, 0xFBA2, 0xF381, 0xFB61, 0xF340, 0xF340, 0xEB21,
  0xEB83, 0xCB03, 0x89C0, 0x79A1, 0x79E2, 0x79E1, 0x81A0, 0xBAA2, 0xF3A2, 0xFB60, 0xFB60, 0xFB60,
  0xFB81, 0xFB82, 0xF3A2, 0xF3A3, 0xF3A3, 0xF3A3, 0xF383, 0xEB83, 0xEB83, 0xEB63, 0xEB63, 0xEB63,
  0xEB63, 0xE383, 0xE384, 0xDB85, 0x9201, 0x79C1, 0x81A0, 0xC2C2, 0xF3A2, 0xF340, 0xF360, 0xF360,
  0xEB83, 0xA221, 0x7980, 0x71A2, 0x71A2, 0x69A2, 0x69A2, 0x7181, 0x8180, 0xBAA2, 0xEB82, 0xFB81,
  0xFB80, 0xFB81, 0xF382, 0xE3A4, 0x89C0, 0x6161, 0x4942, 0x3902, 0x3123, 0x3103, 0x28E2, 0x20E2,
  0x20C2, 0x28E2, 0x28E2, 0x3102, 0x3922, 0x4921, 0x5920, 0xAAA3, 0xE3A4, 0xEB61, 0xFB80, 0xFB80,
  0xFB60, 0xFB81, 0xFBA2, 0xFBC3, 0xFBC3, 0xFBC3, 0xFBC3, 0xFBC3, 0xFBC3, 0xF3A2, 0xF381, 0xF361,
  0xF361, 0xEB61, 0xE342, 0xDB83, 0xAA41, 0x81A0, 0x81C1, 0x81A0, 0xC2A2, 0xF382, 0xF340, 0xFB60,
  0xFB60, 0xFB60, 0xFB60, 0xFB60, 0xFB40, 0xFB60, 0xFB60, 0xFB60, 0xFB61, 0xFB81, 0xFB61, 0xFB61,
  0xFB61, 0xFB61, 0xFB81, 0xF382, 0xEBA4, 0xA241, 0x89C0, 0x91E0, 0xD302, 0xFBA2, 0xFB60, 0xFB80,
  0xFB60, 0xFB81, 0xFB60, 0xFB60, 0xFB60, 0xF340, 0xF340, 0xF360, 0xF360, 0xF341, 0xF341, 0xF341,
  0xF341, 0xEB40, 0xEB41, 0xEB62, 0xD344, 0x81C0, 0x79C0, 0x89C0, 0xD323, 0xFBA2, 0xFB60, 0xFB80,
  0xFB80, 0xFB80, 0xFB80, 0xFB81, 0xFB80, 0xFB80, 0xFB80, 0xFB80, 0xFB80, 0xFB80, 0xFB60, 0xFB60,
  0xFB60, 0xFB41, 0xEB41, 0xEB83, 0xCB03, 0x81A0, 0x71A1, 0x69A2, 0x69C2, 0x71C1, 0x79A0, 0xB2A2,
  0xF382, 0xFB40, 0xFB60, 0xFB60, 0xFB60, 0xFB60, 0xFB60, 0xFB60, 0xF360, 0xF360, 0xFB41, 0xFB41,
  0xFB41, 0xF360, 0xF360, 0xF341, 0xF361, 0xF361, 0xF361, 0xE383, 0x9A00, 0x79A0, 0x8180, 0xC2A2,
  0xF382, 0xF340, 0xF340, 0xEB20, 0xE363, 0x9A01, 0x6960, 0x69A1, 0x6182, 0x61A2, 0x6182, 0x6182,
  0x7160, 0x91A0, 0xDB63, 0xF381, 0xFB60, 0xFB81, 0xF361, 0xF3E4, 0xBAA2, 0x6920, 0x5142, 0x3922,
  0x3102, 0x3103, 0x28E2, 0x20E2, 0x20C2, 0x20E2, 0x28E2, 0x3102, 0x3922, 0x4121, 0x5121, 0x7180,
  0xB2A3, 0xEBA3, 0xF381, 0xFB60, 0xFB80, 0xFB80, 0xFB80, 0xFB80, 0xFB81, 0xFB81, 0xFB81, 0xFB81,
  0xF381, 0xF360, 0xF360, 0xF360, 0xF341, 0xEB62, 0xE384, 0xAA81, 0x81A0, 0x79C1, 0x79C1, 0x81A0,
  0xC2A2, 0xF382, 0xFB60, 0xFB60, 0xFB60, 0xFB60, 0xFB60, 0xFB40, 0xFB60, 0xFB60, 0xFB60, 0xFB60,
  0xFB60, 0xFB60, 0xFB80, 0xFB60, 0xFB80, 0xFB60, 0xFB60, 0xF381, 0xEBA4, 0xA241, 0x81E0, 0x89E0,
  0xCB02, 0xFBA2, 0xFB60, 0xFB60, 0xFB80, 0xFB60, 0xFB60, 0xFB60, 0xF360, 0xF340, 0xF340, 0xF360,
  0xF360, 0xF340, 0xF340, 0xF340, 0xF340, 0xF340, 0xF361, 0xF362, 0xDB43, 0x89C0, 0x79C0, 0x89C0,
  0xD323, 0xFBA2, 0xFB80, 0xFB80, 0xFB80, 0xFB80, 0xFB80, 0xFB60, 0xFB60, 0xFB80, 0xFB60, 0xFB80,
  0xFB80, 0xFB80, 0xFB80, 0xFB61, 0xFB61, 0xF382, 0xEB84, 0xC2E3, 0x81A0, 0x6960, 0x6181, 0x61A2,
  0x61A2, 0x69A1, 0x7180, 0xAA82, 0xEB82, 0xF340, 0xFB40, 0xFB40, 0xFB40, 0xFB40, 0xFB40, 0xFB40,
  0xFB60, 0xFB60, 0xFB60, 0xFB60, 0xFB60, 0xFB60, 0xFB60, 0xFB60, 0xFB60, 0xFB60, 0xFB61, 0xEB83,
  0x9A00, 0x71A0, 0x7980, 0xBA82, 0xEB82, 0xEB20, 0xF340, 0xEB41, 0xE363, 0x9A01, 0x6160, 0x5961,
  0x5962, 0x5962, 0x5982, 0x5982, 0x6181, 0x7140, 0xBAC2, 0xF3A3, 0xFB60, 0xFB80, 0xF360, 0xF382,
  0xE3A5, 0x7980, 0x4900, 0x3902, 0x3102, 0x2902, 0x28E2, 0x20C2, 0x20C2, 0x20E2, 0x28E2, 0x3102,
  0x3102, 0x3922, 0x4942, 0x5941, 0x7960, 0xB262, 0xE384, 0xF3A3, 0xFBA2, 0xFB81, 0xF360, 0xF360,
  0xF361, 0xF361, 0xF341, 0xF341, 0xF361, 0xF361, 0xF381, 0xF382, 0xEB84, 0xD323, 0xA221, 0x7980,
  0x71A1, 0x71C1, 0x71C1, 0x7980, 0xBAC2, 0xF3A3, 0xF361, 0xF361, 0xF381, 0xFB81, 0xF361, 0xF381,
  0xFB81, 0xFB81, 0xFBA1, 0xF3A1, 0xF3A1, 0xFBA1, 0xF3A1, 0xF3A1, 0xF3A2, 0xF3A2, 0xF382, 0xF3A2,
  0xEBA5, 0x9A41, 0x81C1, 0x81C0, 0xC2E3, 0xF3C3, 0xF381, 0xFB81, 0xF381, 0xF381, 0xF381, 0xF381,
  0xF361, 0xF361, 0xF361, 0xF361, 0xF361, 0xF361, 0xF361, 0xF362, 0xF361, 0xF361, 0xF362, 0xF363,
  0xDB64, 0x89C0, 0x79C0, 0x81C0, 0xCB23, 0xF3C3, 0xF381, 0xFB81, 0xFB81, 0xF381, 0xFB81, 0xFB81,
  0xF381, 0xFB81, 0xFB81, 0xFB81, 0xFB82, 0xFBA2, 0xFBA2, 0xFBA3, 0xEBA3, 0xD323, 0xAA62, 0x7980,
  0x6981, 0x6181, 0x5982, 0x5982, 0x5982, 0x6181, 0x6940, 0xAA82, 0xEBA3, 0xF361, 0xF361, 0xF361,
  0xF361, 0xF361, 0xF361, 0xF361, 0xF361, 0xF381, 0xF381, 0xF381, 0xFB81, 0xF381, 0xF381, 0xF381,
  0xF381, 0xF361, 0xF382, 0xE3A4, 0x91E0, 0x7181, 0x7160, 0xB282, 0xE383, 0xE321, 0xEB41, 0xE322,
  0xDB84, 0x9201, 0x5940, 0x5162, 0x5142, 0x5162, 0x5182, 0x5982, 0x5982, 0x6161, 0x89C0, 0xE3A4,
  0xF382, 0xF381, 0xF361, 0xF361, 0xEBE5, 0xAAA4, 0x48E0, 0x3902, 0x2902, 0x28E2, 0x20E2, 0x20C2,
  0x20C3, 0x20C2, 0x20C2, 0x28E2, 0x3102, 0x3922, 0x4142, 0x5162, 0x6161, 0x7140, 0x99C1, 0xC2A2,
  0xD303, 0xE383, 0xEBA3, 0xEBA3, 0xEB83, 0xEB83, 0xEB83, 0xEB83, 0xE383, 0xE383, 0xDB64, 0xC2E3,
  0xAA42, 0x8180, 0x7140, 0x6981, 0x6182, 0x6182, 0x61A2, 0x6160, 0xA263, 0xDB85, 0xDB44, 0xDB43,
  0xE364, 0xE363, 0xE363, 0xE363, 0xE383, 0xE383, 0xE383, 0xE383, 0xE384, 0xE383, 0xE383, 0xE384,
  0xE384, 0xE384, 0xE384, 0xE385, 0xD386, 0x8A22, 0x71A1, 0x71A0, 0xAAA3, 0xDB85, 0xDB44, 0xE363,
  0xDB43, 0xDB63, 0xDB63, 0xDB63, 0xDB63, 0xDB43, 0xE363, 0xE363, 0xE363, 0xE363, 0xE363, 0xE364,
  0xE384, 0xE384, 0xDB84, 0xDB85, 0xC345, 0x81C1, 0x71C1, 0x79C0, 0xB2E4, 0xDB85, 0xDB63, 0xDB63,
  0xDB63, 0xDB63, 0xDB63, 0xDB63, 0xDB63, 0xE363, 0xE363, 0xE363, 0xE384, 0xD343, 0xCB03, 0xBAA2,
  0xA221, 0x89C0, 0x7180, 0x6981, 0x6182, 0x5962, 0x5982, 0x5162, 0x5182, 0x5162, 0x5920, 0x9243,
  0xD385, 0xDB63, 0xDB63, 0xDB63, 0xDB63, 0xDB63, 0xDB63, 0xDB63, 0xDB63, 0xE363, 0xE383, 0xE383,
  0xE3A3, 0xE383, 0xE384, 0xE384, 0xE384, 0xE364, 0xDB84, 0xCB45, 0x81C1, 0x6981, 0x6140, 0x9A63,
  0xCB45, 0xCB23, 0xCB23, 0xCB04, 0xC346, 0x81E2, 0x5921, 0x5142, 0x5142, 0x5142, 0x5142, 0x5162,
  0x5182, 0x5982, 0x6960, 0xAA82, 0xDB85, 0xDB64, 0xDB64, 0xDB64, 0xD385, 0xC3A8, 0x6182, 0x3902,
  0x2902, 0x2103, 0x20E2, 0x20E2, 0x18C3, 0x20C2, 0x20C2, 0x28E2, 0x3102, 0x3122, 0x3922, 0x4142,
  0x5161, 0x5961, 0x6961, 0x7140, 0x8180, 0x89C0, 0x9A21, 0x9A41, 0xA262, 0xAA42, 0xAA62, 0xAA62,
  0xA261, 0x9201, 0x81A0, 0x7160, 0x6940, 0x6941, 0x6162, 0x5982, 0x5962, 0x5162, 0x5162, 0x5961,
  0x6960, 0x7980, 0x8180, 0x8180, 0x89A0, 0x89C0, 0x91C0, 0x91C0, 0x91E0, 0x91E0, 0x91E0, 0x91C0,
  0x91E0, 0x91C0, 0x89C0, 0x89C0, 0x89C0, 0x89C0, 0x89A0, 0x81A0, 0x79A1, 0x6981, 0x5961, 0x5961,
  0x6981, 0x79A1, 0x7980, 0x8180, 0x8180, 0x81A0, 0x89A0, 0x89A0, 0x89C0, 0x89C0, 0x89C0, 0x89C0,
  0x91C0, 0x91C0, 0x91C0, 0x91C0, 0x91C0, 0x89E0, 0x89C0, 0x81C0, 0x79C1, 0x69A1, 0x5981, 0x6181,
  0x71A1, 0x81A0, 0x81A0, 0x81A0, 0x81A0, 0x81A0, 0x89A0, 0x89A0, 0x89C0, 0x89C0, 0x89C0, 0x89A0,
  0x81A0, 0x81A0, 0x79A0, 0x7980, 0x7181, 0x69A1, 0x61A2, 0x59A2, 0x5962, 0x5162, 0x5162, 0x4942,
  0x4962, 0x4942, 0x5141, 0x6161, 0x7180, 0x7980, 0x8180, 0x8180, 0x81A0, 0x81A0, 0x81C0, 0x89C0,
  0x89C0, 0x89C0, 0x91C0, 0x91C0, 0x91C0, 0x89C0, 0x89C0, 0x89A0, 0x89A0, 0x89A0, 0x8180, 0x7180,
  0x6161, 0x5141, 0x5141, 0x5941, 0x6981, 0x6960, 0x6940, 0x6940, 0x6141, 0x5941, 0x4922, 0x4922,
  0x4942, 0x4122, 0x4122, 0x4142, 0x4162, 0x4962, 0x5141, 0x6160, 0x7180, 0x7980, 0x7960, 0x7160,
  0x6960, 0x6141, 0x4922, 0x3902, 0x2902, 0x20E3, 0x20E3, 0x20C2, 0x18C2, 0x20C3, 0x20E3, 0x28E2,
  0x28E2, 0x30E2, 0x3922, 0x3922, 0x4142, 0x4942, 0x5162, 0x5982, 0x6162, 0x6161, 0x6141, 0x5940,
  0x6140, 0x6140, 0x6140, 0x6160, 0x6160, 0x6161, 0x5961, 0x5962, 0x5962, 0x5962, 0x5142, 0x4942,
  0x4942, 0x4962, 0x4962, 0x4942, 0x5141, 0x5961, 0x6161, 0x6161, 0x6981, 0x6981, 0x69A1, 0x71A1,
  0x69A1, 0x71A1, 0x71A1, 0x7181, 0x7181, 0x6981, 0x6981, 0x6981, 0x6161, 0x6161, 0x6161, 0x6161,
  0x5961, 0x5142, 0x4962, 0x4962, 0x5162, 0x5962, 0x5941, 0x5961, 0x6161, 0x6161, 0x6161, 0x6161,
  0x6981, 0x6981, 0x6981, 0x6981, 0x69A1, 0x6981, 0x6981, 0x6981, 0x6981, 0x6981, 0x6181, 0x6181,
  0x5981, 0x5982, 0x5182, 0x5982, 0x5982, 0x5961, 0x5961, 0x6161, 0x6161, 0x6161, 0x6181, 0x6161,
  0x6181, 0x6181, 0x6161, 0x6161, 0x6161, 0x6161, 0x6181, 0x6182, 0x5982, 0x5162, 0x5162, 0x5162,
  0x4942, 0x4942, 0x4142, 0x4142, 0x4142, 0x4142, 0x4942, 0x5161, 0x5161, 0x5941, 0x5961, 0x5961,
  0x6161, 0x6161, 0x6181, 0x6981, 0x6981, 0x6981, 0x6981, 0x6981, 0x6981, 0x6981, 0x6981, 0x6181,
  0x6161, 0x6161, 0x6161, 0x5961, 0x5162, 0x4942, 0x4142, 0x4941, 0x5141, 0x4921, 0x4921, 0x4921,
  0x4922, 0x4122, 0x4142, 0x4142, 0x4142, 0x3942, 0x3922, 0x3942, 0x3942, 0x4162, 0x4162, 0x4961,
  0x4941, 0x4921, 0x4921, 0x4921, 0x4101, 0x4101, 0x38E2, 0x30E2, 0x28E2, 0x20E2, 0x20E2, 0x18C3,
  0x18C2, 0x20C2, 0x20E3, 0x20E3, 0x28E2, 0x28E2, 0x3102, 0x3922, 0x3922, 0x4142, 0x4142, 0x4942,
  0x5142, 0x5162, 0x5162, 0x5162, 0x5162, 0x5162, 0x5162, 0x5162, 0x5162, 0x5162, 0x5162, 0x5162,
  0x5162, 0x4941, 0x4921, 0x4142, 0x4122, 0x4122, 0x4122, 0x4142, 0x4942, 0x4962, 0x5142, 0x5962,
  0x5961, 0x5961, 0x5961, 0x5961, 0x5981, 0x5961, 0x5981, 0x5982, 0x5962, 0x5962, 0x5962, 0x5962,
  0x5162, 0x5162, 0x4962, 0x4942, 0x4942, 0x4122, 0x4122, 0x4142, 0x4942, 0x4942, 0x4942, 0x5142,
  0x5162, 0x5162, 0x5162, 0x5962, 0x5962, 0x5982, 0x5982, 0x5982, 0x5962, 0x5962, 0x5982, 0x5962,
  0x5962, 0x5162, 0x5182, 0x5162, 0x4942, 0x4942, 0x4962, 0x4962, 0x4942, 0x4942, 0x4942, 0x5142,
  0x5142, 0x5141, 0x5161, 0x5161, 0x5161, 0x5961, 0x5961, 0x5162, 0x5162, 0x5162, 0x5162, 0x4962,
  0x4942, 0x4942, 0x4122, 0x4122, 0x4142, 0x3922, 0x3922, 0x3922, 0x3922, 0x3922, 0x4122, 0x4122,
  0x4942, 0x4922, 0x4942, 0x5162, 0x5162, 0x5161, 0x5161, 0x5161, 0x5961, 0x5961, 0x5962, 0x5962,
  0x5162, 0x5162, 0x5162, 0x5162, 0x5162, 0x5162, 0x4942, 0x4942, 0x4122, 0x4142, 0x4142, 0x4142,
  0x4122, 0x4122, 0x4122, 0x4122, 0x4142, 0x4122, 0x3922, 0x3922, 0x3922, 0x3922, 0x3922, 0x3902,
  0x3122, 0x3922, 0x3922, 0x3922, 0x3902, 0x3902, 0x3922, 0x3922, 0x3102, 0x30E2, 0x28E2, 0x28E2,
  0x20E2, 0x20E2, 0x18E2, 0x18C2, 0x18C2, 0x18C2, 0x18E2, 0x20E3, 0x20E3, 0x20E3, 0x2902, 0x3103,
  0x3122, 0x3922, 0x3922, 0x4122, 0x4122, 0x4142, 0x4122, 0x4142, 0x4142, 0x4142, 0x4942, 0x4942,
  0x4942, 0x4942, 0x4942, 0x4942, 0x4922, 0x4122, 0x4122, 0x4122, 0x4122, 0x3922, 0x3922, 0x4122,
  0x4122, 0x4122, 0x4942, 0x4942, 0x5142, 0x5141, 0x5142, 0x4942, 0x5162, 0x5142, 0x5162, 0x5142,
  0x5142, 0x4942, 0x4942, 0x4942, 0x4942, 0x4142, 0x4142, 0x4142, 0x4122, 0x4122, 0x4122, 0x4142,
  0x4122, 0x4122, 0x4142, 0x4142, 0x4942, 0x4942, 0x4942, 0x4962, 0x4942, 0x5142, 0x5162, 0x5162,
  0x5162, 0x5162, 0x5162, 0x4962, 0x4962, 0x4942, 0x4942, 0x4942, 0x4142, 0x4142, 0x4142, 0x4122,
  0x4122, 0x4142, 0x4122, 0x4122, 0x4922, 0x4942, 0x4941, 0x4941, 0x4942, 0x4942, 0x4962, 0x4941,
  0x4942, 0x4142, 0x4142, 0x4142, 0x4122, 0x4122, 0x3922, 0x3922, 0x3922, 0x3923, 0x3923, 0x3923,
  0x3902, 0x3902, 0x4122, 0x4122, 0x4122, 0x4122, 0x4122, 0x4942, 0x4962, 0x4962, 0x4942, 0x4942,
  0x4942, 0x4942, 0x4962, 0x4942, 0x4942, 0x4942, 0x4942, 0x4942, 0x4942, 0x4142, 0x4122, 0x4122,
  0x4122, 0x4122, 0x3922, 0x3922, 0x3922, 0x3922, 0x3922, 0x3922, 0x3902, 0x3902, 0x3922, 0x3102,
  0x3102, 0x3102, 0x3102, 0x3102, 0x3102, 0x3102, 0x3102, 0x3102, 0x3102, 0x3102, 0x3103, 0x3103,
  0x3103, 0x28E2, 0x28E2, 0x20E2, 0x20E3, 0x20E3, 0x18E2, 0x18C2, 0x18C2, 0x18C2, 0x18C2, 0x18C3,
  0x20E3, 0x20E3, 0x28E3, 0x2902, 0x2902, 0x3102, 0x3102, 0x3102, 0x3102, 0x3902, 0x3902, 0x3922,
  0x3922, 0x3922, 0x4122, 0x4122, 0x3922, 0x3922, 0x3902, 0x3902, 0x3902, 0x3902, 0x3102, 0x3102,
  0x3902, 0x3902, 0x3902, 0x3902, 0x3902, 0x3902, 0x4102, 0x4102, 0x4122, 0x4122, 0x4122, 0x4122,
  0x4122, 0x4122, 0x4122, 0x4122, 0x4122, 0x4122, 0x4122, 0x4122, 0x4122, 0x4122, 0x3922, 0x3922,
  0x3922, 0x3902, 0x3922, 0x3922, 0x3922, 0x3902, 0x3922, 0x3922, 0x3922, 0x3922, 0x3922, 0x3922,
  0x4122, 0x4122, 0x4122, 0x4142, 0x4142, 0x4122, 0x4122, 0x4122, 0x4122, 0x4122, 0x4122, 0x4122,
  0x4122, 0x3922, 0x3922, 0x3922, 0x3902, 0x3922, 0x3922, 0x3922, 0x3922, 0x4122, 0x3922, 0x4122,
  0x4122, 0x4122, 0x4122, 0x4122, 0x3922, 0x3902, 0x3902, 0x3902, 0x3102, 0x3102, 0x3102, 0x3102,
  0x2902, 0x3102, 0x3103, 0x3103, 0x3102, 0x3102, 0x3902, 0x3902, 0x3902, 0x3902, 0x3922, 0x4122,
  0x4122, 0x4122, 0x4122, 0x4122, 0x4122, 0x4122, 0x4122, 0x4122, 0x3922, 0x4122, 0x4122, 0x3902,
  0x3902, 0x3902, 0x3902, 0x3902, 0x3922, 0x3902, 0x3902, 0x3902, 0x3102, 0x3102, 0x3102, 0x3102,
  0x3102, 0x3102, 0x3102, 0x30E2, 0x30E2, 0x28E2, 0x28E2, 0x28E2, 0x28E2, 0x28E2, 0x28E2, 0x28E2,
  0x28E2, 0x28E2, 0x28E2, 0x28E2, 0x28E2, 0x28E2, 0x20C2, 0x20C2, 0x18C2, 0x18C2, 0x18C2, 0x18C3,
  0x18C3, 0x10C3, 0x18C3, 0x18C3, 0x18E3, 0x18E3, 0x20E3, 0x20E2, 0x20E2, 0x2903, 0x28E2, 0x28E2,
  0x28E2, 0x3102, 0x3102, 0x3102, 0x3102, 0x3102, 0x3102, 0x3102, 0x3102, 0x3102, 0x3102, 0x3102,
  0x3102, 0x3102, 0x2902, 0x2902, 0x3102, 0x3102, 0x3102, 0x3102, 0x3103, 0x3103, 0x3103, 0x3102,
  0x3902, 0x3902, 0x3902, 0x3902, 0x3902, 0x3902, 0x3902, 0x3902, 0x3922, 0x3902, 0x3902, 0x3902,
  0x3102, 0x3102, 0x3102, 0x3102, 0x3102, 0x3102, 0x3102, 0x3102, 0x3102, 0x3102, 0x3102, 0x3102,
  0x3102, 0x3102, 0x3922, 0x3922, 0x3922, 0x3922, 0x3922, 0x3902, 0x3902, 0x3922, 0x3922, 0x3902,
  0x3922, 0x3902, 0x3902, 0x3922, 0x3102, 0x3102, 0x3102, 0x3102, 0x3102, 0x3102, 0x3102, 0x3102,
  0x3102, 0x3102, 0x3102, 0x3122, 0x3902, 0x3102, 0x3102, 0x3102, 0x3102, 0x3102, 0x3102, 0x3102,
  0x2902, 0x2902, 0x28E2, 0x28E2, 0x28E2, 0x28E2, 0x28E2, 0x28E2, 0x28E2, 0x28E2, 0x28E3, 0x30E2,
  0x3102, 0x3102, 0x3102, 0x3922, 0x3902, 0x3902, 0x3902, 0x3902, 0x3102, 0x3102, 0x3902, 0x3102,
  0x3102, 0x3902, 0x3102, 0x3102, 0x30E2, 0x3102, 0x3102, 0x3102, 0x3102, 0x3102, 0x30E2, 0x3102,
  0x30E2, 0x3102, 0x2902, 0x28E2, 0x28E2, 0x28E2, 0x28E2, 0x28E2, 0x28E2, 0x20E2, 0x20E2, 0x20C2,
  0x20C2, 0x20C2, 0x20C2, 0x20E2, 0x20C2, 0x20C2, 0x20E2, 0x20E2, 0x20E2, 0x20C2, 0x20C2, 0x18C2,
  0x18C2, 0x18C2, 0x18C3, 0x18C3, 0x10C3, 0x10C3, 0x10C3, 0x10C3, 0x18C3, 0x18C3, 0x18C2, 0x20E3,
  0x20E2, 0x20E3, 0x20E3, 0x20E3, 0x20E2, 0x28E2, 0x2902, 0x2902, 0x2902, 0x2902, 0x28E2, 0x2902,
  0x2903, 0x2903, 0x3103, 0x3103, 0x2902, 0x2902, 0x2902, 0x2902, 0x28E2, 0x28E2, 0x28E2, 0x28E2,
  0x3103, 0x3103, 0x3103, 0x30E2, 0x3102, 0x3102, 0x3102, 0x3102, 0x3102, 0x3102, 0x3102, 0x3102,
  0x3102, 0x3102, 0x3102, 0x3102, 0x2902, 0x3102, 0x3102, 0x2902, 0x2902, 0x3103, 0x3103, 0x3102,
  0x2902, 0x30E2, 0x30E2, 0x3102, 0x3102, 0x3102, 0x3102, 0x3103, 0x3103, 0x3102, 0x3122, 0x3102,
  0x3102, 0x3102, 0x3102, 0x3102, 0x3102, 0x3102, 0x3102, 0x3102, 0x28E2, 0x2902, 0x2902, 0x28E2,
  0x28E2, 0x2902, 0x3102, 0x3102, 0x3103, 0x3103, 0x3102, 0x3102, 0x3102, 0x3102, 0x3102, 0x3102,
  0x3102, 0x28E2, 0x28E2, 0x28E2, 0x28E2, 0x28E2, 0x28E2, 0x28E2, 0x20E2, 0x20C2, 0x20C2, 0x20E2,
  0x28E2, 0x28E2, 0x28E2, 0x28E2, 0x28E2, 0x2902, 0x2903, 0x3103, 0x3102, 0x3102, 0x3102, 0x3102,
  0x3102, 0x3102, 0x30E2, 0x3102, 0x30E2, 0x2902, 0x2902, 0x2902, 0x28E2, 0x28E2, 0x2902, 0x28E2,
  0x28E2, 0x28E2, 0x28E2, 0x28E2, 0x28E2, 0x28E2, 0x28E2, 0x28E2, 0x2102, 0x28E2, 0x20E2, 0x2102,
  0x20E2, 0x20E2, 0x20E2, 0x20C2, 0x20C2, 0x20E3, 0x20E2, 0x20E2, 0x20E3, 0x20E3, 0x18E3, 0x20E3,
  0x20C3, 0x18C2, 0x18C2, 0x18C2, 0x18C2, 0x18C3, 0x18C3, 0x18C3, 0x10C3, 0x10C3, 0x10C3, 0x10C3,
  0x10C3, 0x10C3, 0x18C2, 0x18C2, 0x18E2, 0x20E3, 0x20E3, 0x20E3, 0x20E3, 0x20E2, 0x20E2, 0x20E2,
  0x28E2, 0x20E2, 0x28E2, 0x28E2, 0x28E2, 0x28E3, 0x28E3, 0x28E2, 0x28E2, 0x28E2, 0x20E2, 0x28E2,
  0x28E2, 0x28E2, 0x20E2, 0x28E2, 0x28E2, 0x28E2, 0x28E2, 0x28E2, 0x28E2, 0x28E2, 0x2902, 0x2902,
  0x2902, 0x2902, 0x2902, 0x2902, 0x2902, 0x2902, 0x2902, 0x2902, 0x28E2, 0x28E2, 0x28E2, 0x28E2,
  0x28E2, 0x28E2, 0x28E2, 0x28E2, 0x28E2, 0x28E2, 0x28E2, 0x2902, 0x2903, 0x28E2, 0x28E2, 0x2902,
  0x2902, 0x28E2, 0x3102, 0x3102, 0x3102, 0x28E2, 0x2902, 0x2902, 0x28E2, 0x28E2, 0x28E2, 0x28E2,
  0x28E2, 0x28E2, 0x28E2, 0x28E2, 0x28E2, 0x28E2, 0x28E2, 0x28E2, 0x28E2, 0x2903, 0x28E2, 0x28E2,
  0x28E2, 0x28E2, 0x28E2, 0x2902, 0x28E2, 0x28E2, 0x28E2, 0x28E2, 0x20E2, 0x20E2, 0x20E2, 0x20E2,
  0x20E2, 0x20E2, 0x20C2, 0x20C2, 0x20E2, 0x20C2, 0x20E2, 0x20E2, 0x20E2, 0x20E2, 0x2902, 0x2902,
  0x2902, 0x2902, 0x28E2, 0x28E2, 0x28E2, 0x28E2, 0x28E2, 0x28E2, 0x28E2, 0x2902, 0x2902, 0x28E2,
  0x28E2, 0x28E2, 0x28E2, 0x20E2, 0x20E2, 0x20C2, 0x20C2, 0x20E2, 0x20C2, 0x20C2, 0x20E2, 0x2102,
  0x20E2, 0x20E2, 0x20E2, 0x20E2, 0x20E2, 0x20E2, 0x18C2, 0x18C2, 0x18C2, 0x18C2, 0x18E2, 0x18C2,
  0x18C3, 0x18E2, 0x18C2, 0x18E2, 0x18C3, 0x18C2, 0x18C2, 0x18A2, 0x18A2, 0x10C3, 0x10C3, 0x10A3,
  0x10C3, 0x10C3, 0x10C3, 0x10C3, 0x10C3, 0x10C3, 0x10C2, 0x18C2, 0x18C2, 0x18C3, 0x20C3, 0x20E3,
  0x20E3, 0x20C2, 0x20C2, 0x20C2, 0x20C2, 0x20C2, 0x20C2, 0x20E2, 0x20E2, 0x20E2, 0x20E3, 0x20E2,
  0x20C2, 0x20E2, 0x20E2, 0x20E2, 0x20E2, 0x20E2, 0x20E2, 0x20C2, 0x20E2, 0x20E2, 0x20C2, 0x20C2,
  0x20E2, 0x20E2, 0x20E2, 0x20E2, 0x20E2, 0x20E2, 0x20E2, 0x20E2, 0x20E2, 0x20E2, 0x20E2, 0x20E2,
  0x20E2, 0x20E2, 0x20E2, 0x20E2, 0x28E2, 0x28C2, 0x28C2, 0x20C2, 0x20C2, 0x28E2, 0x28C2, 0x28E2,
  0x28E2, 0x28E2, 0x28E2, 0x28E2, 0x28C2, 0x28C2, 0x28E2, 0x28E2, 0x28E2, 0x20E2, 0x20E2, 0x20E2,
  0x28E2, 0x28E2, 0x20E2, 0x20E2, 0x20C2, 0x20C2, 0x20C2, 0x20E2, 0x20C2, 0x20C2, 0x20C2, 0x28C2,
  0x28E2, 0x28E2, 0x28E2, 0x28E2, 0x28E2, 0x20E2, 0x20E2, 0x20E2, 0x20C2, 0x20E2, 0x20E2, 0x20E2,
  0x20C2, 0x20C2, 0x20C2, 0x20C2, 0x20E2, 0x20C2, 0x20C2, 0x20C2, 0x20E2, 0x20E2, 0x20C2, 0x20C2,
  0x20E2, 0x20E2, 0x20E2, 0x28E2, 0x28C2, 0x28E2, 0x20C2, 0x20E2, 0x20E2, 0x20E2, 0x20E2, 0x20E2,
  0x20E2, 0x20E2, 0x20E2, 0x20C2, 0x20C2, 0x20C2, 0x20C2, 0x20E2, 0x20E2, 0x20C2, 0x20C2, 0x20C2,
  0x20C2, 0x20C2, 0x20E3, 0x20E2, 0x20E2, 0x20E2, 0x18C2, 0x18C2, 0x18C2, 0x18C2, 0x18C2, 0x18C2,
  0x18C2, 0x18C2, 0x18C2, 0x18C2, 0x18C2, 0x18C2, 0x18C2, 0x18C2, 0x18C2, 0x10A2, 0x10A2, 0x10A2,
  0x10A2, 0x10A3, 0x10C3, 0x10C3, 0x10C3, 0x10C3, 0x10C3, 0x10C3, 0x10C3, 0x10C3, 0x10C2, 0x10C2,
  0x18C2, 0x18C2, 0x18C2, 0x18C3, 0x18C3, 0x18C2, 0x20C2, 0x20C2, 0x20C2, 0x20C2, 0x20C2, 0x20C2,
  0x20C2, 0x20C2, 0x20C2, 0x20E3, 0x20C2, 0x20C2, 0x20E2, 0x20C2, 0x20C2, 0x20C2, 0x20C2, 0x20C2,
  0x20C2, 0x20C2, 0x20C2, 0x20C2, 0x20C2, 0x20C2, 0x20C2, 0x20C2, 0x20C2, 0x20C2, 0x20C2, 0x20C2,
  0x20C2, 0x20C2, 0x20C2, 0x20C2, 0x20C2, 0x20C2, 0x20C2, 0x20C2, 0x20E2, 0x20C2, 0x20C2, 0x20C2,
  0x20C2, 0x20C2, 0x20C2, 0x20E2, 0x20C2, 0x20C2, 0x20C2, 0x20C2, 0x20C2, 0x20C2, 0x20C2, 0x20C2,
  0x20C2, 0x20C2, 0x20C2, 0x20C2, 0x20C2, 0x20C2, 0x20C2, 0x20C2, 0x20C2, 0x20C2, 0x20C2, 0x20C2,
  0x20C2, 0x20C2, 0x20C2, 0x20C2, 0x20C2, 0x20C2, 0x20C2, 0x20C2, 0x20C2, 0x20C2, 0x20C2, 0x20C2,
  0x20C2, 0x20E2, 0x20C2, 0x20C2, 0x20C2, 0x18C2, 0x18C2, 0x18C2, 0x20C2, 0x20C2, 0x18C2, 0x18C2,
  0x18C2, 0x18C2, 0x18C2, 0x18C2, 0x18C2, 0x18C2, 0x20C2, 0x20C2, 0x20C2, 0x20C2, 0x20C2, 0x20C2,
  0x20C2, 0x20C2, 0x20C2, 0x20C2, 0x20C2, 0x20C2, 0x20C2, 0x20C2, 0x20C2, 0x20C2, 0x20C2, 0x20C2,
  0x20C2, 0x18C2, 0x18C2, 0x18C2, 0x18C2, 0x18C2, 0x18C2, 0x20C2, 0x18E2, 0x18C2, 0x18C2, 0x18C2,
  0x18C2, 0x18C2, 0x18C2, 0x18C2, 0x18C2, 0x18C2, 0x18C2, 0x18C2, 0x18C2, 0x18C2, 0x18C2, 0x18C2,
  0x18A2, 0x10A2, 0x10A2, 0x10A2, 0x10A2, 0x10A3, 0x10C2, 0x10C3, 0x10C3, 0x10C3, 0x10A3, 0x10C3,
  0x10C3, 0x10C3, 0x10C2, 0x10C2, 0x10C2, 0x18C2, 0x18C3, 0x18C3, 0x18C3, 0x18C2, 0x18A2, 0x18C2,
  0x18C2, 0x18C2, 0x18E3, 0x18E2, 0x18E2, 0x18C2, 0x18C2, 0x18C2, 0x18C2, 0x18C2, 0x18C2, 0x18C2,
  0x18C2, 0x18C2, 0x18C2, 0x18C2, 0x18C2, 0x18C2, 0x18C2, 0x18C2, 0x18C2, 0x18C2, 0x18C2, 0x18C2,
  0x20C2, 0x20E2, 0x20C2, 0x20C2, 0x20C2, 0x20C2, 0x20C2, 0x20C2, 0x20E2, 0x20C2, 0x20C2, 0x20C2,
  0x20E2, 0x20C3, 0x20C2, 0x20C2, 0x20C2, 0x20C2, 0x20C2, 0x20C2, 0x20C2, 0x20C2, 0x20C2, 0x20C2,
  0x20C2, 0x20C2, 0x20C2, 0x20C2, 0x20E2, 0x20C2, 0x20C2, 0x20E2, 0x20C2, 0x20C2, 0x20E2, 0x20C2,
  0x20C2, 0x18C2, 0x18C2, 0x18C2, 0x18C2, 0x20E2, 0x20E2, 0x20E2, 0x20E2, 0x20E2, 0x20E2, 0x20E2,
  0x20E2, 0x18C2, 0x20C2, 0x20C2, 0x20C2, 0x18C2, 0x18C2, 0x18C2, 0x18C2, 0x18C2, 0x18C2, 0x18C2,
  0x18C2, 0x18C2, 0x18C2, 0x18C2, 0x18C2, 0x18C2, 0x18C2, 0x18C2, 0x18C2, 0x18C2, 0x18C2, 0x18C2,
  0x18C2, 0x18C2, 0x18C2, 0x18C2, 0x20C2, 0x18E2, 0x20C2, 0x20C2, 0x20C2, 0x20C2, 0x20C2, 0x18C2,
  0x20C2, 0x18C2, 0x18C2, 0x18C2, 0x18C2, 0x18C2, 0x18C2, 0x18C2, 0x18C2, 0x18C2, 0x18C2, 0x18C2,
  0x18C2, 0x18C2, 0x18C2, 0x18C2, 0x18C2, 0x18C2, 0x18C3, 0x18C3, 0x18C2, 0x18C2, 0x18C2, 0x18C2,
  0x18C3, 0x18C2, 0x18C2, 0x10C2, 0x10C2, 0x10C2, 0x10A2, 0x10C2, 0x10C3, 0x10C3, 0x10A3, 0x10A3,
  0x10A3, 0x10A3, 0x10C3, 0x10C3, 0x10A3, 0x10A3, 0x10C3, 0x10C2, 0x10C3, 0x10A2, 0x18C3, 0x18A3,
  0x18A3, 0x18A3, 0x18A2, 0x18A2, 0x18C2, 0x18C2, 0x18C3, 0x18C3, 0x18C2, 0x18C2, 0x18C3, 0x18C3,
  0x18C3, 0x18C2, 0x18C2, 0x18C3, 0x18C3, 0x18C2, 0x18C2, 0x18C3, 0x18C3, 0x18C3, 0x18C2, 0x18C2,
  0x18C2, 0x18C2, 0x18C2, 0x18C2, 0x18C2, 0x18C2, 0x18C2, 0x18C2, 0x18C2, 0x18C2, 0x18C2, 0x18C2,
  0x18C2, 0x18C2, 0x18C2, 0x18C2, 0x18C2, 0x18C2, 0x18C2, 0x18C3, 0x18C2, 0x18C2, 0x18C3, 0x18C2,
  0x18C2, 0x18C2, 0x18C2, 0x18C2, 0x18C2, 0x18C2, 0x18C2, 0x18C2, 0x18C2, 0x18C2, 0x18C2, 0x18C2,
  0x18C2, 0x18C2, 0x18C2, 0x18C2, 0x18C2, 0x18C2, 0x18C2, 0x18C2, 0x18C2, 0x18C2, 0x18C2, 0x18C2,
  0x18C2, 0x18C2, 0x18C2, 0x18C2, 0x18C2, 0x18C2, 0x18C2, 0x18C2, 0x18C2, 0x18C2, 0x18C2, 0x18C2,
  0x18C2, 0x18A2, 0x18C2, 0x18C2, 0x18C2, 0x18C2, 0x18A2, 0x18A2, 0x18C2, 0x18C2, 0x18C2, 0x18C2,
  0x18C2, 0x18C2, 0x18C2, 0x18C2, 0x18C2, 0x18C2, 0x18C2, 0x18C2, 0x18C2, 0x18C2, 0x18C2, 0x18C2,
  0x18C2, 0x18C2, 0x18C2, 0x18C2, 0x18C2, 0x18C2, 0x18C2, 0x18C2, 0x18C2, 0x18C2, 0x18C2, 0x18C2,
  0x18C2, 0x18C2, 0x18A2, 0x18A2, 0x18C2, 0x18C3, 0x18C2, 0x18C2, 0x10C2, 0x18C2, 0x18C3, 0x18C3,
  0x18C3, 0x18C3, 0x18C3, 0x18C3, 0x18C3, 0x10C3, 0x10C3, 0x10C3, 0x10C3, 0x10C3, 0x10C3, 0x10C3,
  0x10C3, 0x10C3, 0x10A3, 0x10C3, 0x10C3, 0x10C3, 0x10A2, 0x10A3, 0x10C3, 0x10A3, 0x10A3, 0x10A2,
  0x10A2, 0x10A2, 0x10A2, 0x18C3, 0x18A3, 0x18A3, 0x10A3, 0x10A3, 0x18A3, 0x18C3, 0x18C3, 0x18C3,
  0x18C3, 0x10C3, 0x18A3, 0x18C3, 0x18C3, 0x18C3, 0x18C3, 0x18C3, 0x18C3, 0x18C3, 0x18C3, 0x18C3,
  0x18C3, 0x18C3, 0x18C3, 0x18C3, 0x18C2, 0x18C2, 0x18C2, 0x18C3, 0x18C2, 0x18A2, 0x18C2, 0x18C2,
  0x18C2, 0x18C2, 0x18C2, 0x18C2, 0x18C2, 0x18C2, 0x18C2, 0x18C3, 0x18C3, 0x18C3, 0x18C3, 0x18C3,
  0x18C3, 0x18C3, 0x18C3, 0x18C2, 0x18C2, 0x18C3, 0x18C2, 0x18C2, 0x18C2, 0x18C2, 0x18C2, 0x18A2,
  0x18C2, 0x18A2, 0x18A2, 0x18C2, 0x18A2, 0x18A2, 0x18C2, 0x18C2, 0x18C2, 0x18C2, 0x18C2, 0x18C2,
  0x18C2, 0x18C2, 0x18C2, 0x18C2, 0x18C2, 0x18C2, 0x18C2, 0x18C2, 0x18C2, 0x18C2, 0x18C3, 0x18C3,
  0x18C2, 0x18C2, 0x10C2, 0x18C2, 0x18A3, 0x10A2, 0x18A2, 0x10A2, 0x10A2, 0x10A2, 0x10A2, 0x18A2,
  0x18C2, 0x10A2, 0x10A2, 0x18A2, 0x18A2, 0x10A2, 0x10C2, 0x18A2, 0x18A2, 0x18C2, 0x18C2, 0x18C2,
  0x18C2, 0x18C2, 0x18C2, 0x18C2, 0x18C2, 0x18C2, 0x18C2, 0x18C2, 0x18C3, 0x18C2, 0x18C2, 0x18C2,
  0x10C2, 0x18C2, 0x18C2, 0x10C2, 0x10C2, 0x10C3, 0x18C3, 0x18C3, 0x10C3, 0x10A3, 0x18C3, 0x10A3,
  0x18C3, 0x18C3, 0x10C3, 0x10C2, 0x18C3, 0x10C3, 0x10A3, 0x10C3, 0x10C3, 0x10C3, 0x10C3, 0x10C3,
  0x10A3, 0x10C3, 0x10C3, 0x10C3, 0x10C3, 0x10C3, 0x10C3, 0x10C3, 0x10A3, 0x10C3, 0x10A3, 0x10A3,
  0x10A3, 0x10A3, 0x10A3, 0x10C3, 0x10C3, 0x10A3, 0x10A3, 0x10C3, 0x10A3, 0x10A3, 0x10A3, 0x10A3,
  0x10A3, 0x10A3, 0x10A3, 0x10C3, 0x10A3, 0x10A3, 0x10A3, 0x10A3, 0x10A3, 0x10A3, 0x10C3, 0x10A2,
  0x10A2, 0x10C3, 0x18C3, 0x18A3, 0x10C3, 0x10C3, 0x10A3, 0x10A2, 0x18C2, 0x10C2, 0x10A2, 0x10C3,
  0x10C2, 0x18C2, 0x10C2, 0x10A2, 0x18C2, 0x18C2, 0x18C2, 0x18C2, 0x18C3, 0x18C3, 0x10C3, 0x10C3,
  0x18C3, 0x18C3, 0x10C2, 0x10C2, 0x10C3, 0x10C3, 0x10A3, 0x18C2, 0x18C2, 0x10C2, 0x10C2, 0x18C2,
  0x10A2, 0x10A2, 0x10A2, 0x10C2, 0x10A2, 0x10A2, 0x10A2, 0x18C2, 0x10A2, 0x10A2, 0x10A2, 0x10C2,
  0x10C2, 0x10C2, 0x10C3, 0x10A2, 0x10A2, 0x10C2, 0x10A2, 0x10A3, 0x10A2, 0x10A3, 0x10C2, 0x10C2,
  0x10C3, 0x10C3, 0x18C3, 0x10C3, 0x10C3, 0x10C2, 0x10C2, 0x10C3, 0x10C3, 0x10A3, 0x10A2, 0x10A2,
  0x10A3, 0x10A3, 0x10C2, 0x10A3, 0x10A2, 0x10A2, 0x10A3, 0x10A3, 0x10A2, 0x10A3, 0x10A2, 0x10A2,
  0x10A3, 0x10A2, 0x10A2, 0x10C2, 0x10A3, 0x10A2, 0x10A2, 0x10C2, 0x10C3, 0x10C2, 0x10A3, 0x10C3,
  0x10C3, 0x10C3, 0x10C2, 0x10C2, 0x10C2, 0x10C2, 0x10C3, 0x10A2, 0x10C3, 0x10C3, 0x10A3, 0x10A3,
  0x10A3, 0x10A3, 0x10A3, 0x10A3, 0x10A3, 0x10A3, 0x10C3, 0x10C3, 0x10C3, 0x10A3, 0x10C3, 0x10A3,
  0x10A3, 0x10A3, 0x10A3, 0x10A3, 0x10A3, 0x10A3, 0x10A3, 0x10A3, 0x10A3, 0x10A3, 0x10A3, 0x10A3,
  0x2125, 0x2125, 0x2125, 0x2125, 0x2125, 0x2125, 0x2125, 0x2145, 0x2145, 0x2145, 0x2145, 0x2145,
  0x2125, 0x2145, 0x2125, 0x2125, 0x2145, 0x2125, 0x2125, 0x2145, 0x2144, 0x2125, 0x2125, 0x2125,
  0x2125, 0x2145, 0x2125, 0x2145, 0x2125, 0x2124, 0x2125, 0x2125, 0x2124, 0x2124, 0x2125, 0x2124,
  0x2124, 0x2144, 0x2124, 0x2145, 0x2145, 0x2144, 0x2144, 0x2124, 0x2144, 0x2145, 0x2144, 0x2125,
  0x2145, 0x2145, 0x2125, 0x2125, 0x2145, 0x2124, 0x2124, 0x2124, 0x2125, 0x2125, 0x2124, 0x2124,
  0x2124, 0x2124, 0x2124, 0x2124, 0x2124, 0x2144, 0x2124, 0x2144, 0x2124, 0x2124, 0x2124, 0x2125,
  0x2124, 0x2124, 0x2124, 0x2124, 0x2124, 0x2124, 0x2145, 0x2124, 0x2124, 0x2144, 0x2144, 0x2125,
  0x2125, 0x2125, 0x2125, 0x2125, 0x2145, 0x2145, 0x2145, 0x2145, 0x2145, 0x2144, 0x2145, 0x2144,
  0x2125, 0x2125, 0x2125, 0x2125, 0x2125, 0x2125, 0x2125, 0x2125, 0x2125, 0x2125, 0x2125, 0x2125,
  0x2125, 0x2125, 0x2125, 0x2125, 0x2125, 0x2124, 0x2124, 0x2125, 0x2125, 0x2125, 0x2125, 0x2145,
  0x2145, 0x2145, 0x2145, 0x2145, 0x2145, 0x2145, 0x2145, 0x2145, 0x2124, 0x2125, 0x2125, 0x2124,
  0x2145, 0x2145, 0x2125, 0x2125, 0x2125, 0x2125, 0x2125, 0x2125, 0x2125, 0x2125, 0x2125, 0x2125,
  0x2125, 0x2125, 0x2125, 0x2125, 0x2125, 0x2125, 0x2125, 0x2125, 0x2125, 0x2125, 0x2125, 0x2125,
  0x2125, 0x2125, 0x2125, 0x2125
};

// icon_seeder_logo 96x24
const uint16_t icon_seeder_logo_w = 96;
const uint16_t icon_seeder_logo_h = 24;
const unsigned short icon_seeder_logo[2304] PROGMEM = {
  0x20C2, 0x20E2, 0x3102, 0x3922, 0x4122, 0x5121, 0x81C1, 0xB282, 0xCB02, 0xDB42, 0xE362, 0xE363,
  0xDB43, 0xBAC2, 0x9201, 0x6960, 0x5982, 0x5182, 0x5141, 0x79E2, 0xB2A2, 0xB282, 0xB2A2, 0xBAA2,
  0xBAA2, 0xBAC2, 0xBAC2, 0xC2E2, 0xC2E2, 0xC2E2, 0xC303, 0x9A63, 0x6181, 0x79E1, 0xB2C3, 0xBAC2,
  0xBAA2, 0xBAA2, 0xBAA2, 0xBAA2, 0xBAA2, 0xBAA2, 0xBAC2, 0xBAA2, 0xBAA2, 0xA262, 0x6981, 0x6981,
  0xAA83, 0xC2E2, 0xC2C2, 0xC2E2, 0xC2C2, 0xBAC2, 0xBAA1, 0xBAA2, 0xAA82, 0x9221, 0x71A1, 0x6161,
  0x5161, 0x5162, 0x5162, 0x5141, 0x79E2, 0xB2A3, 0xBAA2, 0xBAA2, 0xBAC2, 0xBAA2, 0xBAA2, 0xBAC2,
  0xBAC2, 0xBAC2, 0xBAA2, 0xBAC3, 0x9243, 0x6181, 0x79C2, 0xB2A3, 0xBAC2, 0xC2C2, 0xBAC2, 0xBAA1,
  0xBAA2, 0xBAA2, 0xBAA2, 0xB282, 0x9A21, 0x71A1, 0x5141, 0x4142, 0x3922, 0x3102, 0x28E2, 0x20E2,
  0x20E2, 0x2902, 0x3122, 0x4122, 0x5121, 0x9A62, 0xE384, 0xF382, 0xF360, 0xFB60, 0xFB60, 0xFB60,
  0xFB80, 0xFBC2, 0xEBC4, 0xB2A3, 0x71A1, 0x61A2, 0x6141, 0xAA82, 0xF3A2, 0xF361, 0xF381, 0xF361,
  0xF361, 0xF381, 0xF3A1, 0xFBA1, 0xFBA1, 0xFBA1, 0xFBC2, 0xCB02, 0x7180, 0x9A41, 0xF3C3, 0xFBA1,
  0xFBA1, 0xFB81, 0xF381, 0xF361, 0xF381, 0xF381, 0xF361, 0xF361, 0xFB81, 0xD323, 0x71A0, 0x81C0,
  0xE363, 0xFBC2, 0xFBA1, 0xFBA1, 0xFBA1, 0xFBA1, 0xFBA1, 0xFBA1, 0xF3A1, 0xEB82, 0xDB22, 0xA242,
  0x6960, 0x5962, 0x5982, 0x5961, 0xAA82, 0xFBA3, 0xFB81, 0xFB81, 0xFB81, 0xFB81, 0xFB81, 0xFB81,
  0xFBA1, 0xFB81, 0xFB81, 0xFBA2, 0xBAC2, 0x6140, 0x8A01, 0xEB83, 0xF361, 0xFB61, 0xFB61, 0xF361,
  0xFB61, 0xFB81, 0xFBA1, 0xFBA2, 0xF3A2, 0xDB43, 0x9201, 0x5121, 0x3922, 0x3102, 0x2902, 0x20E2,
  0x2902, 0x3102, 0x3942, 0x4921, 0xA263, 0xF3A3, 0xF360, 0xF341, 0xF381, 0xF382, 0xF362, 0xF382,
  0xFBA2, 0xFB81, 0xF360, 0xF3A3, 0xB282, 0x7181, 0x6981, 0xB282, 0xF361, 0xF340, 0xF340, 0xF361,
  0xFB81, 0xFB81, 0xFBA1, 0xFBA1, 0xFBA1, 0xFBA1, 0xFBC2, 0xCB02, 0x79A0, 0xA241, 0xFB82, 0xFB60,
  0xFB60, 0xFB60, 0xFB61, 0xF361, 0xF381, 0xF361, 0xF361, 0xF361, 0xF382, 0xD323, 0x79A0, 0x81C0,
  0xE342, 0xFB80, 0xFB60, 0xFB60, 0xFBA1, 0xFBA1, 0xFBA1, 0xFB81, 0xF381, 0xF360, 0xF361, 0xEB63,
  0xB2A2, 0x7180, 0x69A2, 0x6981, 0xB282, 0xFB81, 0xFB60, 0xFB60, 0xFB80, 0xFB81, 0xFB81, 0xFB81,
  0xFBA1, 0xFB81, 0xFB81, 0xFBA2, 0xBAC2, 0x6960, 0x91E1, 0xEB41, 0xF320, 0xF340, 0xF360, 0xFB81,
  0xFB81, 0xFBA1, 0xFB81, 0xFB60, 0xF340, 0xF361, 0xE383, 0x89E1, 0x4921, 0x3922, 0x3102, 0x28E2,
  0x2902, 0x3922, 0x4121, 0x7181, 0xDB64, 0xF361, 0xFB61, 0xE342, 0xBA61, 0xAA40, 0xA200, 0xAA21,
  0xBA81, 0xE342, 0xF381, 0xF381, 0xE384, 0x89E1, 0x7181, 0xBA82, 0xFB61, 0xF360, 0xF361, 0xD2C1,
  0xCAC1, 0xCAC1, 0xCAE1, 0xC2C1, 0xC2C1, 0xBAA1, 0xBAA2, 0xA242, 0x79C1, 0xAA41, 0xF382, 0xFB60,
  0xFB81, 0xE321, 0xC281, 0xBA81, 0xBA81, 0xB281, 0xB261, 0xB261, 0xAA61, 0x9A42, 0x71A0, 0x89C0,
  0xE322, 0xFB80, 0xFB80, 0xEB41, 0xD2E1, 0xCAE2, 0xCAE2, 0xCAE2, 0xDB42, 0xEB62, 0xF341, 0xF341,
  0xF362, 0xB282, 0x79C1, 0x79C1, 0xBAA2, 0xFB81, 0xFB60, 0xF381, 0xD2E1, 0xC2C1, 0xC2C1, 0xC2A1,
  0xBAA1, 0xBA81, 0xBA81, 0xBAA2, 0x9A42, 0x79A1, 0x9A21, 0xF362, 0xF340, 0xF361, 0xD2E1, 0xC281,
  0xC2A1, 0xC2A1, 0xC2A1, 0xDB01, 0xF381, 0xF340, 0xFB61, 0xD303, 0x6141, 0x4122, 0x3102, 0x28E2,
  0x2902, 0x3922, 0x4901, 0x89E1, 0xEB83, 0xFB60, 0xFBA1, 0xCAE1, 0x91A0, 0x89E0, 0x81C1, 0x79C1,
  0x79A0, 0x9A21, 0xCB03, 0xBAA2, 0xB2A2, 0x8A01, 0x81C1, 0xC2C2, 0xFBA1, 0xFB80, 0xF362, 0xB240,
  0x9A00, 0x9200, 0x89E0, 0x89E1, 0x81C1, 0x81C1, 0x79A1, 0x79C1, 0x79C1, 0xA221, 0xF361, 0xF340,
  0xFB81, 0xCAA1, 0x91E0, 0x89E0, 0x81C0, 0x81C1, 0x81C0, 0x79C0, 0x71A0, 0x71C1, 0x71C1, 0x81C0,
  0xDB22, 0xFB60, 0xFB81, 0xDB22, 0x91E0, 0x89E0, 0x81C1, 0x81C0, 0x89E0, 0xB261, 0xEB42, 0xFB61,
  0xFB61, 0xE342, 0x9A21, 0x81C0, 0xBAA1, 0xFB81, 0xFB60, 0xEB62, 0xAA40, 0x91E0, 0x89E0, 0x89C0,
  0x81C1, 0x81C1, 0x81A1, 0x79C1, 0x81E1, 0x81E1, 0xA241, 0xF382, 0xFB60, 0xF381, 0xBA81, 0x89C0,
  0x8A01, 0x89E1, 0x89E1, 0xA200, 0xEB41, 0xFB80, 0xFB60, 0xE363, 0x7181, 0x4122, 0x3902, 0x28E2,
  0x2902, 0x3922, 0x4921, 0x89E1, 0xEBC3, 0xFB80, 0xFB60, 0xEB62, 0xC2C1, 0xAA61, 0x9A01, 0x81C0,
  0x79C0, 0x79A0, 0x79A0, 0x79C1, 0x79C1, 0x8202, 0x8A01, 0xCAE2, 0xFBA2, 0xFB80, 0xF382, 0xC280,
  0xA220, 0xA220, 0x9A00, 0x91E0, 0x89C0, 0x81C0, 0x81C1, 0x79C2, 0x79A1, 0xA221, 0xEB62, 0xF340,
  0xFB81, 0xCAC1, 0xAA00, 0xA220, 0x9A20, 0x9A00, 0x9200, 0x91E0, 0x89E0, 0x81E1, 0x79C2, 0x89C0,
  0xDB22, 0xFB80, 0xFB81, 0xDB02, 0x81C0, 0x71C2, 0x71C2, 0x71E1, 0x79E1, 0x89E0, 0xCAE2, 0xFB82,
  0xFB60, 0xFB81, 0xBA81, 0x89C0, 0xC2A1, 0xFB61, 0xFB60, 0xF361, 0xBA60, 0xA220, 0xA220, 0x9A00,
  0x9A00, 0x91E0, 0x81C1, 0x81C1, 0x79E1, 0x79C1, 0xA241, 0xF382, 0xFB60, 0xFB81, 0xC2A1, 0x9200,
  0x8A22, 0x8A02, 0x9201, 0xA200, 0xE322, 0xFB81, 0xFB60, 0xE362, 0x7181, 0x4122, 0x3902, 0x28E2,
  0x2902, 0x3922, 0x4942, 0x7181, 0xD363, 0xFBC2, 0xFB60, 0xFB80, 0xFBA1, 0xF382, 0xEB62, 0xDB22,
  0xD302, 0xCAC2, 0xB261, 0x91E1, 0x89E1, 0x8A22, 0x9201, 0xCB02, 0xFBC2, 0xFB81, 0xFBA2, 0xF382,
  0xEB82, 0xEB82, 0xEB62, 0xE342, 0xDB22, 0xDB42, 0xC2E3, 0x81C1, 0x71C1, 0xA221, 0xEB62, 0xF340,
  0xFB60, 0xF361, 0xEB62, 0xEB82, 0xEB82, 0xEB82, 0xEB62, 0xE362, 0xE383, 0xAA82, 0x79E1, 0x89C1,
  0xDB22, 0xFB60, 0xFB61, 0xD301, 0x79A0, 0x69A2, 0x69A2, 0x69C2, 0x71E1, 0x81E1, 0xB281, 0xFB82,
  0xFB60, 0xFBA1, 0xCAC1, 0x91E0, 0xC2C1, 0xFB61, 0xFB40, 0xF361, 0xEB61, 0xEB62, 0xEB62, 0xEB62,
  0xE362, 0xDB42, 0xDB42, 0xCB23, 0x81E0, 0x79C1, 0x9A21, 0xF362, 0xFB60, 0xFB81, 0xD2E1, 0xB240,
  0xB261, 0xAA41, 0xB240, 0xCAC1, 0xF382, 0xFB60, 0xFB60, 0xD303, 0x6941, 0x4122, 0x3102, 0x28E2,
  0x2902, 0x3922, 0x4962, 0x5961, 0x91E1, 0xE363, 0xFBA2, 0xFB81, 0xFB60, 0xFB40, 0xFB40, 0xFB60,
  0xFB60, 0xFB81, 0xF3A2, 0xE383, 0xBA81, 0x9A20, 0x9A21, 0xD302, 0xFBC2, 0xFB80, 0xFB80, 0xFB81,
  0xFBA1, 0xFB81, 0xFB81, 0xFB81, 0xFB60, 0xFB81, 0xDB42, 0x81C1, 0x71A1, 0x9A21, 0xF382, 0xFB60,
  0xFB60, 0xFB80, 0xFBA1, 0xFBA1, 0xFBA1, 0xFBA1, 0xFBA1, 0xFB80, 0xFBC2, 0xB281, 0x79C1, 0x89E0,
  0xDB22, 0xFB60, 0xFB81, 0xD302, 0x79A0, 0x69A2, 0x61A2, 0x61A2, 0x69C1, 0x79E1, 0xAA41, 0xF382,
  0xFB80, 0xFBA1, 0xD301, 0x99E0, 0xCAC1, 0xFB61, 0xFB40, 0xF340, 0xF360, 0xFB80, 0xFBA1, 0xFBA1,
  0xFBA1, 0xFBA1, 0xFBA1, 0xEB82, 0x89E0, 0x79C1, 0x9A21, 0xEB62, 0xFB60, 0xFB81, 0xFB81, 0xF382,
  0xF3A2, 0xF382, 0xF382, 0xFB81, 0xF360, 0xF360, 0xEB62, 0xA221, 0x5121, 0x4122, 0x3102, 0x28E2,
  0x2903, 0x3922, 0x4942, 0x5182, 0x6181, 0x89A1, 0xB241, 0xCAC2, 0xDB02, 0xE342, 0xEB62, 0xF361,
  0xFB81, 0xFBA1, 0xFB80, 0xFBC1, 0xF3E3, 0xBAA1, 0x9A00, 0xCAE2, 0xFB81, 0xFB60, 0xFB61, 0xF361,
  0xF362, 0xEB62, 0xEB62, 0xEB62, 0xEB42, 0xEB63, 0xD323, 0x81E1, 0x79C1, 0xA241, 0xF3A2, 0xFB60,
  0xFB60, 0xF361, 0xF362, 0xF382, 0xF382, 0xF382, 0xF382, 0xF382, 0xEBA3, 0xAA82, 0x79C1, 0x89E0,
  0xDB22, 0xFB80, 0xFB81, 0xD302, 0x79C0, 0x69C2, 0x61A2, 0x61A2, 0x71C2, 0x81E1, 0xAA61, 0xFB82,
  0xFB60, 0xFBA1, 0xD2E1, 0x99E0, 0xCAC1, 0xFB81, 0xFB60, 0xF361, 0xF361, 0xEB62, 0xEB82, 0xEB82,
  0xEB82, 0xEB82, 0xF383, 0xDB63, 0x89E1, 0x79C1, 0x9A01, 0xEB62, 0xF360, 0xFB60, 0xFB80, 0xFBA1,
  0xFBA1, 0xFBA1, 0xFB81, 0xFB81, 0xFB80, 0xF362, 0xBA82, 0x6940, 0x5142, 0x4122, 0x3102, 0x28E2,
  0x2902, 0x3922, 0x4142, 0x5142, 0x5941, 0x6161, 0x7140, 0x79A0, 0x81C1, 0x9201, 0xA241, 0xBAA1,
  0xCAE2, 0xEB62, 0xFBA1, 0xFB80, 0xFBC1, 0xCB02, 0x91C0, 0xCAC1, 0xFB61, 0xF360, 0xEB41, 0xBA60,
  0xAA40, 0xA221, 0xA221, 0xA221, 0xA221, 0x9A21, 0x9221, 0x8201, 0x79E1, 0xAA61, 0xFBA2, 0xFB60,
  0xFB81, 0xDAE1, 0xB240, 0xAA41, 0xAA41, 0xA241, 0xA221, 0x9A21, 0x9221, 0x81E1, 0x79E1, 0x89C1,
  0xDB42, 0xFB80, 0xFB81, 0xDB02, 0x81C0, 0x71C2, 0x69C2, 0x69C2, 0x71E2, 0x81C1, 0xBA81, 0xFB81,
  0xFB60, 0xFBA2, 0xC2C1, 0x91E0, 0xCAE1, 0xFB81, 0xFB60, 0xF381, 0xC2A0, 0xAA40, 0xA241, 0xA241,
  0x9A21, 0x9A21, 0x9A21, 0x9221, 0x8201, 0x79C1, 0x9A01, 0xEB62, 0xF360, 0xF361, 0xEB41, 0xE342,
  0xEB62, 0xEB62, 0xFB81, 0xFB80, 0xFBA1, 0xE322, 0x8980, 0x6982, 0x5142, 0x4122, 0x3102, 0x28E2,
  0x2902, 0x3922, 0x4101, 0x7A03, 0xAAE3, 0xB2C2, 0xBAE3, 0x81E1, 0x71C1, 0x79E1, 0x81E1, 0x8A00,
  0x9200, 0xBA60, 0xF3A2, 0xFB80, 0xFB81, 0xD302, 0x89C0, 0xC2A1, 0xFB61, 0xF340, 0xEB41, 0xAA20,
  0x89E0, 0x89E1, 0x81E1, 0x81E1, 0x81E1, 0x79E1, 0x79C1, 0x79E1, 0x79C1, 0xA241, 0xF3A2, 0xFB60,
  0xFB81, 0xCAC1, 0x91E0, 0x8A01, 0x81E1, 0x81E1, 0x79C1, 0x71C1, 0x71C1, 0x71C1, 0x71C1, 0x81C0,
  0xDB22, 0xFB60, 0xFB80, 0xDB01, 0x91E0, 0x79E1, 0x71C1, 0x79C1, 0x79C1, 0x9A00, 0xE342, 0xFB61,
  0xFB60, 0xEB62, 0xA241, 0x89E0, 0xC2C1, 0xFB81, 0xFB60, 0xF381, 0xBA60, 0x9A20, 0x8A01, 0x81E1,
  0x79E1, 0x79C1, 0x71C1, 0x69C1, 0x71E2, 0x71C2, 0x9A01, 0xEB62, 0xF360, 0xF381, 0xC281, 0x9A00,
  0x9A20, 0xA200, 0xDB22, 0xFBA1, 0xFB80, 0xF382, 0xA221, 0x6961, 0x5162, 0x4123, 0x3103, 0x28E2,
  0x28E2, 0x3102, 0x38E1, 0x8202, 0xEBE4, 0xF381, 0xF382, 0xCAE2, 0x99E0, 0x89C0, 0x89E0, 0x91E0,
  0x9A00, 0xC2A1, 0xF3A2, 0xFB81, 0xF381, 0xC2C2, 0x81A0, 0xC2A1, 0xFB61, 0xF340, 0xEB41, 0xBA61,
  0xAA40, 0xAA61, 0xAA61, 0xAA61, 0xAA41, 0xA241, 0xA241, 0x9A21, 0x81E0, 0xAA41, 0xFBA2, 0xFB60,
  0xFB81, 0xD2E1, 0xAA40, 0xA241, 0xA221, 0x9A21, 0x9A21, 0x9201, 0x9201, 0x8A01, 0x79C1, 0x81C0,
  0xE342, 0xFB80, 0xFB81, 0xE321, 0xB260, 0xAA61, 0xAA61, 0xAA61, 0xC2C2, 0xEB63, 0xF361, 0xF340,
  0xFB82, 0xC2C2, 0x81E0, 0x81E1, 0xC2C2, 0xFB81, 0xFB60, 0xFB81, 0xCAA1, 0xB261, 0xAA61, 0xA241,
  0x9A21, 0x9A01, 0x9201, 0x9201, 0x81E1, 0x71A1, 0x9A01, 0xF382, 0xF360, 0xF382, 0xB281, 0x81C1,
  0x81E2, 0x79C1, 0xA221, 0xF382, 0xFB60, 0xFBA1, 0xD323, 0x7180, 0x5162, 0x3922, 0x3103, 0x28E2,
  0x20E2, 0x30E2, 0x3901, 0x5120, 0xC303, 0xF361, 0xFB40, 0xFB81, 0xF362, 0xDB22, 0xD322, 0xDB22,
  0xE342, 0xF382, 0xF361, 0xF361, 0xEB83, 0xA221, 0x79A0, 0xC2A1, 0xFB61, 0xFB60, 0xF361, 0xF361,
  0xF361, 0xF382, 0xF382, 0xF3A2, 0xF3A2, 0xF382, 0xF3A3, 0xDB64, 0x89E0, 0xAA41, 0xFBA2, 0xFB60,
  0xFB81, 0xF381, 0xF361, 0xEB61, 0xF362, 0xEB62, 0xEB62, 0xEB62, 0xEB62, 0xDB64, 0x8A01, 0x81C0,
  0xE342, 0xFB81, 0xFB60, 0xFB81, 0xF381, 0xF3A2, 0xF3A2, 0xFBA2, 0xFBA2, 0xFB61, 0xF340, 0xF362,
  0xD303, 0x81C1, 0x71C1, 0x71A1, 0xBAA2, 0xFB81, 0xFB60, 0xFB60, 0xF381, 0xF382, 0xF382, 0xF362,
  0xF362, 0xEB62, 0xEB42, 0xEB82, 0xD343, 0x79A0, 0x9A01, 0xF362, 0xF340, 0xF361, 0xAA41, 0x6981,
  0x69A2, 0x69A2, 0x7160, 0xC2C2, 0xFBA1, 0xFB60, 0xF3C3, 0xA241, 0x5121, 0x3922, 0x3103, 0x28E2,
  0x20C2, 0x28E2, 0x3922, 0x4121, 0x71A1, 0xD343, 0xFBA2, 0xFB80, 0xFB80, 0xFBA1, 0xFBA1, 0xFBA1,
  0xFB81, 0xFB60, 0xFB81, 0xEB83, 0xAA81, 0x79A1, 0x79A1, 0xC2A2, 0xFB81, 0xFB60, 0xFB60, 0xFB60,
  0xFB60, 0xFB60, 0xFB60, 0xFB80, 0xFB80, 0xFB60, 0xFB81, 0xE363, 0x89E0, 0xA241, 0xFBA2, 0xFB80,
  0xFB80, 0xFB80, 0xFB60, 0xFB60, 0xFB60, 0xF360, 0xFB40, 0xF340, 0xF360, 0xEB62, 0x9201, 0x81C0,
  0xE362, 0xFBA1, 0xFB80, 0xFB80, 0xFB80, 0xFB80, 0xFB80, 0xFB80, 0xFB81, 0xFB81, 0xF382, 0xCAE3,
  0x79A0, 0x6181, 0x61A2, 0x6181, 0xB282, 0xFB81, 0xFB40, 0xFB60, 0xFB60, 0xFB60, 0xFB60, 0xFB60,
  0xFB60, 0xFB60, 0xFB60, 0xFB81, 0xE342, 0x79A0, 0x91E1, 0xEB62, 0xF340, 0xF362, 0x9A21, 0x5941,
  0x5982, 0x5982, 0x5961, 0x89C1, 0xF3A3, 0xFB80, 0xFBA1, 0xD343, 0x5920, 0x3102, 0x2902, 0x20E2,
  0x20C2, 0x28E2, 0x3102, 0x4122, 0x5141, 0x7980, 0xC2A2, 0xE342, 0xEB82, 0xEB82, 0xF362, 0xEB62,
  0xEB82, 0xE343, 0xCAE2, 0x91E1, 0x6961, 0x69A2, 0x6181, 0xAA82, 0xE364, 0xE342, 0xEB62, 0xEB62,
  0xEB62, 0xEB82, 0xEB82, 0xEB82, 0xEB83, 0xE383, 0xEB83, 0xD344, 0x79C1, 0x8A01, 0xDB64, 0xE362,
  0xE362, 0xE362, 0xE342, 0xE342, 0xE362, 0xE362, 0xEB63, 0xE362, 0xE363, 0xDB64, 0x8A01, 0x79A0,
  0xCB23, 0xEB83, 0xE362, 0xE362, 0xE362, 0xE362, 0xEB62, 0xEB63, 0xDB43, 0xCAE2, 0xA241, 0x71A1,
  0x6161, 0x5982, 0x5982, 0x5141, 0x9A62, 0xE383, 0xE342, 0xE342, 0xE362, 0xE362, 0xE362, 0xEB82,
  0xEB82, 0xEB63, 0xE363, 0xEB83, 0xCB23, 0x6980, 0x79C1, 0xCB24, 0xD302, 0xD344, 0x8A02, 0x5121,
  0x5142, 0x5162, 0x5182, 0x6161, 0xBAC2, 0xEB83, 0xE342, 0xDBA5, 0x7A03, 0x30E1, 0x2903, 0x20E2,
  0x20C3, 0x20E2, 0x28E2, 0x3122, 0x4142, 0x5141, 0x6141, 0x7181, 0x81C1, 0x8A01, 0x9201, 0x9201,
  0x8A01, 0x71A1, 0x6141, 0x5941, 0x5962, 0x5162, 0x5162, 0x6161, 0x79A1, 0x79A1, 0x81C1, 0x81C1,
  0x89E1, 0x89C1, 0x89C1, 0x81C1, 0x81C1, 0x79A1, 0x79A1, 0x71A1, 0x5962, 0x5962, 0x7181, 0x7181,
  0x79A1, 0x79A1, 0x81A1, 0x81C1, 0x81C1, 0x81C1, 0x81C1, 0x81C1, 0x81C1, 0x79C1, 0x61A2, 0x5982,
  0x71A1, 0x79A1, 0x79A1, 0x79A1, 0x79A1, 0x79C1, 0x79A1, 0x79A1, 0x71A1, 0x6981, 0x6161, 0x5982,
  0x5162, 0x4942, 0x4942, 0x4942, 0x5961, 0x7181, 0x7181, 0x79A1, 0x79A1, 0x81C1, 0x81C1, 0x81C1,
  0x81C1, 0x81C1, 0x81A1, 0x79A1, 0x6981, 0x5161, 0x5141, 0x6161, 0x6141, 0x5941, 0x5142, 0x4942,
  0x4142, 0x4122, 0x4142, 0x4962, 0x5961, 0x6981, 0x6961, 0x6161, 0x5142, 0x3102, 0x20E2, 0x20E2,
  0x18C2, 0x20E3, 0x28E2, 0x2902, 0x3922, 0x3942, 0x4942, 0x4942, 0x4942, 0x4941, 0x4941, 0x5141,
  0x5141, 0x5162, 0x5162, 0x4942, 0x4122, 0x4122, 0x4142, 0x4942, 0x5142, 0x5961, 0x5961, 0x5961,
  0x5961, 0x5961, 0x5962, 0x5962, 0x5162, 0x5162, 0x4942, 0x4942, 0x4142, 0x4142, 0x4942, 0x4942,
  0x5142, 0x5162, 0x5962, 0x5962, 0x5982, 0x5962, 0x5962, 0x5162, 0x5162, 0x5162, 0x4942, 0x4962,
  0x4942, 0x4942, 0x4942, 0x5141, 0x5161, 0x5161, 0x5161, 0x5162, 0x5162, 0x4962, 0x4942, 0x4142,
  0x4142, 0x3922, 0x3922, 0x4122, 0x4122, 0x4922, 0x4942, 0x5162, 0x5161, 0x5161, 0x5961, 0x5962,
  0x5162, 0x5162, 0x5162, 0x4942, 0x4942, 0x4142, 0x4142, 0x4122, 0x4122, 0x4122, 0x4122, 0x3922,
  0x3922, 0x3922, 0x3922, 0x3922, 0x3922, 0x3902, 0x3902, 0x3102, 0x28E2, 0x28E2, 0x20E2, 0x18C2,
  0x18C2, 0x18C2, 0x20E3, 0x20E3, 0x2902, 0x3102, 0x3902, 0x3922, 0x3922, 0x4122, 0x4122, 0x4122,
  0x4122, 0x4122, 0x4122, 0x3902, 0x3902, 0x3902, 0x3902, 0x3902, 0x4122, 0x4122, 0x4922, 0x4942,
  0x4922, 0x4942, 0x4942, 0x4122, 0x4122, 0x4122, 0x3922, 0x3922, 0x3922, 0x3922, 0x3922, 0x4122,
  0x4122, 0x4142, 0x4142, 0x4942, 0x4942, 0x4942, 0x4942, 0x4142, 0x4122, 0x4122, 0x4122, 0x3922,
  0x3922, 0x4122, 0x4122, 0x4122, 0x4122, 0x4122, 0x4122, 0x4122, 0x3922, 0x3922, 0x3922, 0x3102,
  0x3102, 0x3103, 0x3102, 0x3902, 0x3922, 0x4122, 0x4122, 0x4142, 0x4142, 0x4142, 0x4142, 0x4122,
  0x4122, 0x4122, 0x4122, 0x3922, 0x3922, 0x3922, 0x3902, 0x3902, 0x3902, 0x3902, 0x3902, 0x3102,
  0x30E2, 0x28E2, 0x28E2, 0x28E2, 0x2902, 0x3102, 0x30E2, 0x28E2, 0x28E2, 0x20E2, 0x18C2, 0x18C2,
  0x10C3, 0x18C3, 0x18C3, 0x18E3, 0x20E2, 0x20E2, 0x28E3, 0x28E2, 0x2902, 0x3102, 0x3102, 0x3102,
  0x3102, 0x3102, 0x3102, 0x2902, 0x2902, 0x2902, 0x3102, 0x3103, 0x3103, 0x3102, 0x3902, 0x3102,
  0x3102, 0x3102, 0x3102, 0x3102, 0x3102, 0x3102, 0x3102, 0x3102, 0x3102, 0x3102, 0x3102, 0x3102,
  0x3102, 0x3102, 0x3922, 0x3922, 0x3902, 0x3922, 0x3102, 0x3102, 0x3102, 0x3102, 0x3102, 0x3102,
  0x3102, 0x3102, 0x3102, 0x3102, 0x3102, 0x3102, 0x3102, 0x3102, 0x3102, 0x28E2, 0x28E2, 0x28E2,
  0x28E2, 0x28E2, 0x28E2, 0x28E2, 0x28E2, 0x3102, 0x3102, 0x3922, 0x3902, 0x3102, 0x3102, 0x3102,
  0x3102, 0x3102, 0x30E2, 0x30E2, 0x28E2, 0x28E2, 0x28E2, 0x28E2, 0x2902, 0x28E2, 0x28E2, 0x28E2,
  0x20E2, 0x20E2, 0x20C2, 0x20C2, 0x20E2, 0x20E2, 0x20E2, 0x20C2, 0x20C2, 0x18C2, 0x18C3, 0x18C3,
  0x10C3, 0x10C3, 0x10C3, 0x10C3, 0x18C2, 0x20E3, 0x20E3, 0x20E3, 0x20E2, 0x20E2, 0x28E2, 0x28E2,
  0x28E2, 0x28E3, 0x28E2, 0x28E2, 0x20E2, 0x20E2, 0x28E2, 0x28E2, 0x28E2, 0x28E2, 0x28E2, 0x28E2,
  0x28E2, 0x28E2, 0x2902, 0x2902, 0x28E2, 0x28E2, 0x28E2, 0x28E2, 0x28E2, 0x28E2, 0x28E2, 0x28E2,
  0x28E2, 0x28E2, 0x2902, 0x28E2, 0x3102, 0x2902, 0x2902, 0x2902, 0x28E2, 0x28E2, 0x28E2, 0x28E2,
  0x28E2, 0x28E2, 0x28E2, 0x28E2, 0x28E2, 0x28E2, 0x28E2, 0x28E2, 0x28E2, 0x20E2, 0x20E2, 0x20E2,
  0x20E2, 0x20C2, 0x20E2, 0x20E2, 0x20E2, 0x20E2, 0x2902, 0x2902, 0x28E2, 0x28E2, 0x28E2, 0x28E2,
  0x28E2, 0x28E2, 0x28E2, 0x28E2, 0x20E2, 0x20E2, 0x20C2, 0x20E2, 0x20E2, 0x20E2, 0x20E2, 0x20E2,
  0x20E2, 0x18C2, 0x18C2, 0x18E3, 0x18C2, 0x18C2, 0x18E2, 0x18C2, 0x18C2, 0x18A2, 0x10C3, 0x10C3,
  0x10C3, 0x10C3, 0x10C3, 0x10C2, 0x18C2, 0x18C2, 0x18C3, 0x20C3, 0x20C2, 0x20C2, 0x20C2, 0x20C2,
  0x20E2, 0x20E3, 0x20C2, 0x20C2, 0x20C2, 0x20C2, 0x20C2, 0x20C2, 0x20C2, 0x20C2, 0x20C2, 0x20C2,
  0x20C2, 0x20C2, 0x20C2, 0x20C2, 0x20C2, 0x20E2, 0x20E2, 0x20C2, 0x20C2, 0x20C2, 0x20C2, 0x20E2,
  0x20E2, 0x20C2, 0x20C2, 0x20C2, 0x20C2, 0x20C2, 0x20E2, 0x20E2, 0x20E2, 0x20C2, 0x20C2, 0x20C2,
  0x20C2, 0x20C2, 0x20C2, 0x20E2, 0x20C2, 0x20E2, 0x20C2, 0x20C2, 0x20E2, 0x20C2, 0x18C2, 0x18C2,
  0x20C2, 0x20C2, 0x20C2, 0x20C2, 0x18C2, 0x20E2, 0x20E2, 0x20C2, 0x20C2, 0x20C2, 0x20C2, 0x20C2,
  0x20C2, 0x20C2, 0x20C2, 0x20C2, 0x20E2, 0x20C2, 0x20C2, 0x18C2, 0x18C2, 0x20E2, 0x18E2, 0x18C2,
  0x18C2, 0x18C2, 0x18C2, 0x18C2, 0x18C2, 0x18C2, 0x18C2, 0x18C2, 0x10A2, 0x10A2, 0x10A3, 0x10C3,
  0x10A3, 0x10C3, 0x10C3, 0x10C3, 0x10C2, 0x10C2, 0x18C3, 0x18C3, 0x18A2, 0x18C2, 0x18C2, 0x18E3,
  0x18C2, 0x18C2, 0x18C2, 0x18C2, 0x18C2, 0x18C2, 0x18C2, 0x18C3, 0x18C2, 0x18C2, 0x18C2, 0x18C2,
  0x20C2, 0x20C2, 0x20C2, 0x20C2, 0x20C2, 0x20C2, 0x20C2, 0x18C2, 0x18C2, 0x18C2, 0x20C2, 0x20C2,
  0x20C2, 0x20C2, 0x20C2, 0x20C2, 0x20C2, 0x20C2, 0x20C2, 0x20C2, 0x20C2, 0x18C2, 0x18C2, 0x18C2,
  0x18E2, 0x20E2, 0x20E2, 0x20E2, 0x20E2, 0x18E2, 0x18C2, 0x18C2, 0x18C2, 0x18C2, 0x18C2, 0x18C2,
  0x18C2, 0x18C2, 0x18C2, 0x18C2, 0x18C2, 0x18C2, 0x18C2, 0x18C2, 0x18C2, 0x18C2, 0x18E2, 0x20C2,
  0x20C2, 0x18C2, 0x18C2, 0x18C2, 0x18C2, 0x18C2, 0x18C2, 0x18C2, 0x18C2, 0x18C2, 0x18C2, 0x18C2,
  0x18C2, 0x18C3, 0x18C3, 0x18C2, 0x18C3, 0x18C3, 0x10C2, 0x10C2, 0x10C3, 0x10C3, 0x10C3, 0x10C3,
  0x10A3, 0x10A2, 0x10A3, 0x10A3, 0x10A2, 0x10A2, 0x10A2, 0x10A3, 0x10A3, 0x10A2, 0x18A2, 0x10A2,
  0x10A3, 0x18A3, 0x10A3, 0x10A3, 0x18A2, 0x18A3, 0x18C3, 0x18A3, 0x18C2, 0x18A2, 0x18A2, 0x18A2,
  0x18A2, 0x18A2, 0x18C2, 0x18C2, 0x18C2, 0x18C2, 0x18C2, 0x18C3, 0x18C2, 0x18C2, 0x18C2, 0x18A2,
  0x18C2, 0x18C2, 0x18C2, 0x18C2, 0x18A2, 0x18A2, 0x18A2, 0x18A2, 0x18A2, 0x18C2, 0x18C2, 0x18C2,
  0x18C2, 0x10A2, 0x18A2, 0x18C2, 0x18C2, 0x10C2, 0x18C2, 0x10C2, 0x10A2, 0x10A2, 0x10A2, 0x10A2,
  0x10A2, 0x10A2, 0x10A2, 0x10A2, 0x10A2, 0x10A2, 0x10A2, 0x10A2, 0x10A2, 0x10A2, 0x10C2, 0x10C2,
  0x18C2, 0x18C2, 0x18C2, 0x18C2, 0x10C2, 0x10C2, 0x10C2, 0x10C2, 0x10A2, 0x10A2, 0x10A3, 0x10A3,
  0x10A3, 0x10A2, 0x10A3, 0x10A3, 0x10A3, 0x10A3, 0x10A3, 0x10A3, 0x10A3, 0x10A3, 0x10A3, 0x10A3,
  0x18E4, 0x18E4, 0x18E4, 0x18E4, 0x1904, 0x1904, 0x1904, 0x1904, 0x1904, 0x1904, 0x1904, 0x1904,
  0x1904, 0x1904, 0x1904, 0x1904, 0x1904, 0x1904, 0x1904, 0x1904, 0x1904, 0x1903, 0x1903, 0x1904,
  0x1904, 0x1903, 0x1903, 0x1904, 0x1904, 0x1904, 0x1904, 0x1904, 0x1903, 0x1904, 0x1904, 0x1904,
  0x18E3, 0x1904, 0x1903, 0x1903, 0x1903, 0x18E3, 0x1904, 0x1904, 0x1903, 0x1903, 0x1904, 0x1904,
  0x1903, 0x1904, 0x1904, 0x1904, 0x1904, 0x1904, 0x1904, 0x1904, 0x1904, 0x1904, 0x1904, 0x18E4,
  0x18E4, 0x1904, 0x18E4, 0x18E4, 0x18E4, 0x18E4, 0x18E4, 0x1904, 0x1904, 0x1904, 0x18E4, 0x1904,
  0x1904, 0x1904, 0x1904, 0x1904, 0x1904, 0x1904, 0x1904, 0x1904, 0x1904, 0x18E4, 0x18E4, 0x18E4,
  0x18E4, 0x1904, 0x1904, 0x1904, 0x1904, 0x1904, 0x1904, 0x1904, 0x1904, 0x1904, 0x1904, 0x1904,
};

// icon_dice_orange 36x36
const uint16_t icon_dice_orange_w = 36;
const uint16_t icon_dice_orange_h = 36;
const unsigned short icon_dice_orange[1296] PROGMEM = {
  0x1904, 0x1904, 0x1904, 0x1904, 0x1904, 0x1904, 0x1904, 0x1904, 0x1904, 0x1904, 0x1904, 0x1904,
  0x1904, 0x1904, 0x1904, 0x1904, 0x1904, 0x1904, 0x1904, 0x1904, 0x1904, 0x1904, 0x1904, 0x1904,
  0x1904, 0x1904, 0x1904, 0x1904, 0x1904, 0x1904, 0x1904, 0x1904, 0x1904, 0x1904, 0x1904, 0x1904,
  0x1904, 0x1904, 0x1904, 0x1904, 0x1904, 0x1904, 0x1904, 0x1904, 0x1904, 0x1904, 0x1904, 0x1904,
  0x1904, 0x1904, 0x1904, 0x1904, 0x1904, 0x1904, 0x1904, 0x1904, 0x1904, 0x1904, 0x1904, 0x1904,
  0x1904, 0x1904, 0x1904, 0x1904, 0x1904, 0x1904, 0x1904, 0x1904, 0x1904, 0x1904, 0x1904, 0x1904,
  0x1904, 0x1904, 0x1904, 0x1904, 0x1904, 0x1904, 0x1904, 0x1904, 0x1904, 0x1904, 0x1904, 0x1904,
  0x1904, 0x1904, 0x1904, 0x1904, 0x1904, 0x1904, 0x1904, 0x1904, 0x1904, 0x1904, 0x1904, 0x1904,
  0x1904, 0x1904, 0x1904, 0x1904, 0x1904, 0x1904, 0x1904, 0x1904, 0x1904, 0x1904, 0x1904, 0x1904,
  0x1904, 0x1904, 0x1904, 0x1904, 0x1904, 0x1904, 0x1904, 0x1904, 0x1904, 0x1904, 0x1904, 0x1904,
  0x1904, 0x1904, 0x1904, 0x1904, 0x1904, 0x1904, 0x1904, 0x1904, 0x1904, 0x1904, 0x1904, 0x1904,
  0x1904, 0x1904, 0x1904, 0x1904, 0x1904, 0x1904, 0x1904, 0x1904, 0x1904, 0x1904, 0x1904, 0x1904,
  0x1904, 0x1904, 0x1904, 0x1904, 0x1904, 0x1904, 0x1904, 0x1904, 0x1904, 0x1904, 0x1904, 0x1904,
  0x1904, 0x1904, 0x1904, 0x1904, 0x1904, 0x1904, 0x1904, 0x1904, 0x1904, 0x1904, 0x1904, 0x1904,
  0x1904, 0x1904, 0x1904, 0x1904, 0x1904, 0x1904, 0x1904, 0x1904, 0x1904, 0x1904, 0x1904, 0x1904,
  0x1904, 0x1904, 0x1904, 0x1904, 0x1904, 0x1904, 0x1904, 0x1904, 0x1904, 0x1904, 0x1904, 0x1904,
  0x1904, 0x1904, 0x1904, 0x1904, 0x1904, 0x1904, 0x1904, 0x1904, 0x1904, 0x1904, 0x1904, 0x1904,
  0x1904, 0x1904, 0x1904, 0x1904, 0x1904, 0x1904, 0x1904, 0x1904, 0x1904, 0x1904, 0x1904, 0x1904,
  0x1904, 0x1904, 0x1904, 0x1904, 0x1904, 0x1904, 0x1904, 0x1904, 0x1904, 0x1904, 0x1904, 0x1904,
  0x1904, 0x1904, 0x1904, 0x1904, 0x1903, 0x1904, 0x1904, 0x1904, 0x1904, 0x1904, 0x1904, 0x1904,
  0x1904, 0x1904, 0x1904, 0x1904, 0x1904, 0x1904, 0x1904, 0x1904, 0x1904, 0x1904, 0x1904, 0x1904,
  0x1904, 0x1904, 0x1904, 0x1904, 0x1904, 0x1904, 0x1904, 0x1904, 0x1904, 0x1904, 0x1903, 0x2103,
  0x3123, 0x3923, 0x3102, 0x3922, 0x3943, 0x2923, 0x1903, 0x1904, 0x1904, 0x1904, 0x1904, 0x1904,
  0x1904, 0x1904, 0x1904, 0x1904, 0x1904, 0x1904, 0x1904, 0x1904, 0x1904, 0x1904, 0x1904, 0x1904,
  0x1904, 0x1904, 0x1904, 0x1904, 0x1904, 0x1904, 0x1904, 0x1904, 0x1904, 0x2103, 0x2923, 0x4163,
  0x5162, 0x61A2, 0x82C6, 0x7204, 0x5941, 0x4962, 0x3143, 0x2103, 0x1903, 0x1904, 0x1904, 0x1904,
  0x1904, 0x1904, 0x1904, 0x1904, 0x1904, 0x1904, 0x1904, 0x1904, 0x1904, 0x1904, 0x1904, 0x1904,
  0x1904, 0x1904, 0x1904, 0x1904, 0x1904, 0x1904, 0x1904, 0x1903, 0x2923, 0x4143, 0x5162, 0x6161,
  0x8AE7, 0xDDF4, 0xFFBC, 0xF6F8, 0xAC0B, 0x69C2, 0x5982, 0x5183, 0x3943, 0x2903, 0x1904, 0x1904,
  0x1904, 0x1904, 0x1904, 0x1904, 0x1904, 0x1904, 0x1904, 0x1904, 0x1904, 0x1904, 0x1904, 0x1904,
  0x1904, 0x1904, 0x1904, 0x1904, 0x1904, 0x1904, 0x2103, 0x3943, 0x5182, 0x5961, 0x8244, 0xC4EF,
  0xFF5A, 0xF6D8, 0xCD0F, 0xDDD2, 0xFF79, 0xE614, 0x9B69, 0x71A1, 0x5982, 0x4983, 0x3123, 0x1903,
  0x1904, 0x1904, 0x1904, 0x1904, 0x1904, 0x1904, 0x1904, 0x1904, 0x1904, 0x1904, 0x1904, 0x1904,
  0x1904, 0x1904, 0x1904, 0x1904, 0x1904, 0x2103, 0x4163, 0x5962, 0x7203, 0xAC2C, 0xF6D8, 0xFF9B,
  0xFF9B, 0xC4AE, 0x89C0, 0xA326, 0xF6F8, 0xFF9B, 0xFF7A, 0xD592, 0x8AC6, 0x5961, 0x4962, 0x2923,
  0x1903, 0x1904, 0x1904, 0x1904, 0x1904, 0x1904, 0x1904, 0x1904, 0x1904, 0x1904, 0x1904, 0x1904,
  0x1904, 0x1904, 0x1904, 0x1904, 0x2103, 0x3922, 0x5141, 0x9348, 0xEE97, 0xFFFD, 0xFFBC, 0xFF7B,
  0xFF5B, 0xFF5A, 0xF6B7, 0xFF19, 0xFF7B, 0xFF7B, 0xFF9B, 0xFFBB, 0xFF5A, 0xBCCF, 0x7204, 0x4942,
  0x3123, 0x1903, 0x1904, 0x1904, 0x1904, 0x1904, 0x1904, 0x1904, 0x1904, 0x1904, 0x1904, 0x1904,
  0x1904, 0x1904, 0x1904, 0x1903, 0x3123, 0x61C4, 0xCD72, 0xFF7B, 0xF6D8, 0xB388, 0xAB46, 0xEE55,
  0xFFBD, 0xFF7B, 0xFF9C, 0xFF9C, 0xFF7B, 0xFF7B, 0xBC2B, 0x9A83, 0xCD0F, 0xFFBC, 0xF6D8, 0xA3AB,
  0x4942, 0x2903, 0x1904, 0x1904, 0x1904, 0x1904, 0x1904, 0x1904, 0x1904, 0x1904, 0x1904, 0x1904,
  0x1904, 0x1904, 0x1903, 0x2923, 0x4942, 0x71C2, 0xD550, 0xFF9C, 0xF6F8, 0xBC0A, 0xBC0A, 0xEE97,
  0xFFBD, 0xFF9C, 0xFFDD, 0xFFBD, 0xFF9C, 0xFF7B, 0xCD0F, 0xBBC9, 0xDDB2, 0xFFBC, 0xEE96, 0x9B48,
  0x5961, 0x3123, 0x1903, 0x1904, 0x1904, 0x1904, 0x1904, 0x1904, 0x1904, 0x1904, 0x1904, 0x1904,
  0x1904, 0x1904, 0x2103, 0x4121, 0x82A6, 0xCD31, 0x9AA4, 0xAB67, 0xEE76, 0xFFFE, 0xFFDD, 0xFF9C,
  0xFF9C, 0xFF5B, 0xEE76, 0xF6F8, 0xFF9C, 0xFF9C, 0xFFFE, 0xFFFF, 0xFFBC, 0xC4AE, 0x8A22, 0xB40B,
  0xB44C, 0x3921, 0x2104, 0x1904, 0x1904, 0x1904, 0x1904, 0x1904, 0x1904, 0x1904, 0x1904, 0x1904,
  0x1904, 0x1904, 0x2923, 0x4921, 0x9348, 0xFFDD, 0xFF39, 0xC44B, 0x9A62, 0xBC2B, 0xF6F8, 0xFFDD,
  0xFFDE, 0xCCEE, 0x9A00, 0xB346, 0xF73A, 0xFFDE, 0xFFBC, 0xDDD2, 0xA2E5, 0xAB46, 0xE634, 0xFFFD,
  0xD5B2, 0x5141, 0x3123, 0x1904, 0x1904, 0x1904, 0x1904, 0x1904, 0x1904, 0x1904, 0x1904, 0x1904,
  0x1904, 0x1904, 0x3123, 0x5141, 0x9328, 0xFF5A, 0xFF19, 0xFFBC, 0xEE76, 0xB387, 0xA2A3, 0xDD70,
  0xFFDD, 0xFF7C, 0xE614, 0xEEB8, 0xFFFF, 0xEED8, 0xB388, 0x9A83, 0xD52F, 0xFF9B, 0xFF7B, 0xFF7B,
  0xD5B2, 0x6181, 0x3943, 0x1903, 0x1904, 0x1904, 0x1904, 0x1904, 0x1904, 0x1904, 0x1904, 0x1904,
  0x1904, 0x1904, 0x3123, 0x5141, 0x9307, 0xFF59, 0xB3A8, 0xC4AD, 0xFFFE, 0xFFBC, 0xDDD3, 0xB345,
  0xB387, 0xE655, 0xFFFD, 0xFF7B, 0xCCCD, 0xA2A3, 0xC42A, 0xF6F8, 0xFFFD, 0xF6D7, 0xAB25, 0xEE75,
  0xDDF3, 0x69A1, 0x4143, 0x2103, 0x1904, 0x1904, 0x1904, 0x1904, 0x1904, 0x1904, 0x1904, 0x1904,
  0x1904, 0x1904, 0x3123, 0x5141, 0x9307, 0xFF59, 0xBC09, 0x9A62, 0xF6F9, 0xFF9C, 0xFFDD, 0xFF7B,
  0xD4EE, 0xAAA2, 0xB345, 0xB2E3, 0xBB66, 0xEE76, 0xFFFE, 0xFF9C, 0xFFBC, 0xCC8C, 0x9A21, 0xF6D7,
  0xDDB2, 0x6181, 0x4143, 0x2103, 0x1904, 0x1904, 0x1904, 0x1904, 0x1904, 0x1904, 0x1904, 0x1904,
  0x1904, 0x1904, 0x3123, 0x5141, 0x9B06, 0xFF58, 0xF6B6, 0xCCCD, 0xF719, 0xFF7B, 0xFF7B, 0xFF9C,
  0xFFFE, 0xE613, 0xAA60, 0xC409, 0xFFBC, 0xFFFE, 0xFF9C, 0xFF7B, 0xFFBC, 0xDD91, 0xDD50, 0xFF9B,
  0xD571, 0x6181, 0x3943, 0x2103, 0x1904, 0x1904, 0x1904, 0x1904, 0x1904, 0x1904, 0x1904, 0x1904,
  0x1904, 0x1904, 0x3123, 0x5141, 0x9B27, 0xFF17, 0xFF18, 0xFF5A, 0xFF39, 0xFF5A, 0xFF9C, 0xFF7B,
  0xFF9C, 0xFFBB, 0xB324, 0xDDB1, 0xFFFE, 0xFF7B, 0xFF7C, 0xFF7B, 0xFF5B, 0xFF7A, 0xFF39, 0xFF39,
  0xDD50, 0x6181, 0x3942, 0x2103, 0x1904, 0x1904, 0x1904, 0x1904, 0x1904, 0x1904, 0x1904, 0x1904,
  0x1904, 0x1904, 0x3123, 0x5141, 0x9B27, 0xFEF6, 0xFEB6, 0xFF38, 0xD50E, 0xBBE8, 0xFF39, 0xFF7B,
  0xFF7B, 0xFF9B, 0xBB66, 0xE5D2, 0xFFDE, 0xFF7B, 0xFF7B, 0xFF5A, 0xFF3A, 0xFF18, 0xFED7, 0xFF18,
  0xDD4F, 0x69A1, 0x4142, 0x2103, 0x1904, 0x1904, 0x1904, 0x1904, 0x1904, 0x1904, 0x1904, 0x1904,
  0x1904, 0x1904, 0x3123, 0x5141, 0x9B06, 0xFEB5, 0xFEB5, 0xFF17, 0xE54F, 0x91C0, 0xDD70, 0xFF9B,
  0xFF5B, 0xFF9B, 0xBBA6, 0xE5D2, 0xFFDD, 0xFF5A, 0xFF5A, 0xFF39, 0xFF18, 0xFEF7, 0xFED6, 0xFEF7,
  0xDD4F, 0x69A1, 0x4143, 0x1903, 0x1904, 0x1904, 0x1904, 0x1904, 0x1904, 0x1904, 0x1904, 0x1904,
  0x1904, 0x1904, 0x2923, 0x4941, 0x9AE6, 0xFE73, 0xFE73, 0xFEB5, 0xFED5, 0xD4AB, 0xE5F2, 0xFF5A,
  0xFF3A, 0xFF7A, 0xBBA6, 0xE5B2, 0xFFBC, 0xFF39, 0xFF39, 0xFF19, 0xFEF7, 0xFED6, 0xFE95, 0xFEB5,
  0xD52E, 0x6181, 0x3943, 0x1903, 0x1904, 0x1904, 0x1904, 0x1904, 0x1904, 0x1904, 0x1904, 0x1904,
  0x1904, 0x1904, 0x2103, 0x3901, 0x8285, 0xFE93, 0xFE52, 0xFE73, 0xFEB5, 0xFF17, 0xFF38, 0xFF39,
  0xFF5A, 0xFF39, 0xB345, 0xDD70, 0xFF7A, 0xFF39, 0xFF39, 0xFEF8, 0xFED6, 0xFEB5, 0xFE53, 0xFE93,
  0xCCCC, 0x4921, 0x2923, 0x1903, 0x1904, 0x1904, 0x1904, 0x1904, 0x1904, 0x1904, 0x1904, 0x1904,
  0x1904, 0x1904, 0x1903, 0x3122, 0x59A3, 0xC48C, 0xFE92, 0xFE73, 0xFE73, 0xFED6, 0xEE33, 0xC409,
  0xF695, 0xFF38, 0xAB04, 0xDD4F, 0xFF79, 0xD4ED, 0xCCAC, 0xFEF7, 0xFE95, 0xFE94, 0xFEB4, 0xF5F1,
  0x82A5, 0x3102, 0x1904, 0x1904, 0x1904, 0x1904, 0x1904, 0x1904, 0x1904, 0x1904, 0x1904, 0x1904,
  0x1904, 0x1904, 0x1904, 0x2103, 0x3123, 0x5962, 0xA367, 0xEDD0, 0xFED4, 0xFEB5, 0xEDF1, 0x9A00,
  0xC429, 0xFF37, 0xAB24, 0xE570, 0xF694, 0x9200, 0xBBE8, 0xFED5, 0xFE94, 0xFE73, 0xCCAC, 0x7A23,
  0x4141, 0x2103, 0x1904, 0x1904, 0x1904, 0x1904, 0x1904, 0x1904, 0x1904, 0x1904, 0x1904, 0x1904,
  0x1904, 0x1904, 0x1904, 0x1904, 0x2103, 0x4142, 0x5981, 0x7A23, 0xC44B, 0xFE52, 0xFEB3, 0xCC49,
  0xCC6A, 0xFF16, 0xB345, 0xE58F, 0xF673, 0xBB86, 0xF611, 0xFED4, 0xE56E, 0x9B06, 0x6181, 0x4142,
  0x2923, 0x1904, 0x1904, 0x1904, 0x1904, 0x1904, 0x1904, 0x1904, 0x1904, 0x1904, 0x1904, 0x1904,
  0x1904, 0x1904, 0x1904, 0x1904, 0x1904, 0x2903, 0x3943, 0x4962, 0x6161, 0x8A84, 0xDD2E, 0xFED4,
  0xFED4, 0xFE93, 0xAB04, 0xDCEC, 0xFED4, 0xFEF4, 0xF631, 0xB3A8, 0x71C2, 0x5982, 0x4163, 0x2903,
  0x1903, 0x1904, 0x1904, 0x1904, 0x1904, 0x1904, 0x1904, 0x1904, 0x1904, 0x1904, 0x1904, 0x1904,
  0x1904, 0x1904, 0x1904, 0x1904, 0x1904, 0x1904, 0x1903, 0x2903, 0x4163, 0x5982, 0x69C2, 0xA347,
  0xE58F, 0xFEB3, 0xA2C4, 0xDCCC, 0xFE93, 0xC46B, 0x8243, 0x6181, 0x5162, 0x3143, 0x2103, 0x1904,
  0x1904, 0x1904, 0x1904, 0x1904, 0x1904, 0x1904, 0x1904, 0x1904, 0x1904, 0x1904, 0x1904, 0x1904,
  0x1904, 0x1904, 0x1904, 0x1904, 0x1904, 0x1904, 0x1904, 0x1903, 0x2903, 0x3943, 0x4982, 0x5981,
  0x7202, 0xABC9, 0x8243, 0xA326, 0x92E6, 0x5961, 0x5161, 0x4162, 0x2923, 0x1903, 0x1904, 0x1904,
  0x1904, 0x1904, 0x1904, 0x1904, 0x1904, 0x1904, 0x1904, 0x1904, 0x1904, 0x1904, 0x1904, 0x1904,
  0x1904, 0x1904, 0x1904, 0x1904, 0x1904, 0x1904, 0x1904, 0x1904, 0x1904, 0x1903, 0x2903, 0x3143,
  0x3963, 0x3922, 0x4962, 0x4142, 0x4122, 0x3943, 0x2923, 0x1903, 0x1904, 0x1904, 0x1904, 0x1904,
  0x1904, 0x1904, 0x1904, 0x1904, 0x1904, 0x1904, 0x1904, 0x1904, 0x1904, 0x1904, 0x1904, 0x1904,
  0x1904, 0x1904, 0x1904, 0x1904, 0x1904, 0x1904, 0x1904, 0x1904, 0x1904, 0x1904, 0x1904, 0x1903,
  0x2103, 0x2123, 0x2103, 0x2103, 0x2103, 0x1903, 0x1904, 0x1904, 0x1904, 0x1904, 0x1904, 0x1904,
  0x1904, 0x1904, 0x1904, 0x1904, 0x1904, 0x1904, 0x1904, 0x1904, 0x1904, 0x1904, 0x1904, 0x1904,
  0x1904, 0x1904, 0x1904, 0x1904, 0x1904, 0x1904, 0x1904, 0x1904, 0x1904, 0x1904, 0x1904, 0x1904,
  0x1904, 0x1904, 0x1904, 0x1904, 0x1904, 0x1904, 0x1904, 0x1904, 0x1904, 0x1904, 0x1904, 0x1904,
  0x1904, 0x1904, 0x1904, 0x1904, 0x1904, 0x1904, 0x1904, 0x1904, 0x1904, 0x1904, 0x1904, 0x1904,
  0x1904, 0x1904, 0x1904, 0x1904, 0x1904, 0x1904, 0x1904, 0x1904, 0x1904, 0x1904, 0x1904, 0x1904,
  0x1904, 0x1904, 0x1904, 0x1904, 0x1904, 0x1904, 0x1904, 0x1904, 0x1904, 0x1904, 0x1904, 0x1904,
  0x1904, 0x1904, 0x1904, 0x1904, 0x1904, 0x1904, 0x1904, 0x1904, 0x1904, 0x1904, 0x1904, 0x1904,
};

// icon_dice_dim 36x36
const uint16_t icon_dice_dim_w = 36;
const uint16_t icon_dice_dim_h = 36;
const unsigned short icon_dice_dim[1296] PROGMEM = {
  0x10A2, 0x10A2, 0x10A2, 0x10A2, 0x10A2, 0x10A2, 0x10A2, 0x10A2, 0x10A2, 0x10A2, 0x10A2, 0x10A2,
  0x10A2, 0x10A2, 0x10A2, 0x10A2, 0x10A2, 0x10A2, 0x10A2, 0x10A2, 0x10A2, 0x10A2, 0x10A2, 0x10A2,
  0x10A2, 0x10A2, 0x10A2, 0x10A2, 0x10A2, 0x10A2, 0x10A2, 0x10A2, 0x10A2, 0x10A2, 0x10A2, 0x10A2,
  0x10A2, 0x10A2, 0x10A2, 0x10A2, 0x10A2, 0x10A2, 0x10A2, 0x10A2, 0x10A2, 0x10A2, 0x10A2, 0x10A2,
  0x10A2, 0x10A2, 0x10A2, 0x10A2, 0x10A2, 0x10A2, 0x10A2, 0x10A2, 0x10A2, 0x10A2, 0x10A2, 0x10A2,
  0x10A2, 0x10A2, 0x10A2, 0x10A2, 0x10A2, 0x10A2, 0x10A2, 0x10A2, 0x10A2, 0x10A2, 0x10A2, 0x10A2,
  0x10A2, 0x10A2, 0x10A2, 0x10A2, 0x10A2, 0x10A2, 0x10A2, 0x10A2, 0x10A2, 0x10A2, 0x10A2, 0x10A2,
  0x10A2, 0x10A2, 0x10A2, 0x10A2, 0x10A2, 0x10A2, 0x10A2, 0x10A2, 0x10A2, 0x10A2, 0x10A2, 0x10A2,
  0x10A2, 0x10A2, 0x10A2, 0x10A2, 0x10A2, 0x10A2, 0x10A2, 0x10A2, 0x10A2, 0x10A2, 0x10A2, 0x10A2,
  0x10A2, 0x10A2, 0x10A2, 0x10A2, 0x10A2, 0x10A2, 0x10A2, 0x10A2, 0x10A2, 0x10A2, 0x10A2, 0x10A2,
  0x10A2, 0x10A2, 0x10A2, 0x10A2, 0x10A2, 0x10A2, 0x10A2, 0x10A2, 0x10A2, 0x10A2, 0x10A2, 0x10A2,
  0x10A2, 0x10A2, 0x10A2, 0x10A2, 0x10A2, 0x10A2, 0x10A2, 0x10A2, 0x10A2, 0x10A2, 0x10A2, 0x10A2,
  0x10A2, 0x10A2, 0x10A2, 0x10A2, 0x10A2, 0x10A2, 0x10A2, 0x10A2, 0x10A2, 0x10A2, 0x10A2, 0x10A2,
  0x10A2, 0x10A2, 0x10A2, 0x10A2, 0x10A2, 0x10A2, 0x10A2, 0x10A2, 0x10A2, 0x10A2, 0x10A2, 0x10A2,
  0x10A2, 0x10A2, 0x10A2, 0x10A2, 0x10A2, 0x10A2, 0x10A2, 0x10A2, 0x10A2, 0x10A2, 0x10A2, 0x10A2,
  0x10A2, 0x10A2, 0x10A2, 0x10A2, 0x10A2, 0x10A2, 0x10A2, 0x10A2, 0x10A2, 0x10A2, 0x10A2, 0x10A2,
  0x10A2, 0x10A2, 0x10A2, 0x10A2, 0x10A2, 0x10A2, 0x10A2, 0x10A2, 0x10A2, 0x10A2, 0x10A2, 0x10A2,
  0x10A2, 0x10A2, 0x10A2, 0x10A2, 0x10A2, 0x10A2, 0x10A2, 0x10A2, 0x10A2, 0x10A2, 0x10A2, 0x10A2,
  0x10A2, 0x10A2, 0x10A2, 0x10A2, 0x10A2, 0x10A2, 0x10A2, 0x10A2, 0x10A2, 0x10A2, 0x10A2, 0x10A2,
  0x1082, 0x10A2, 0x10A3, 0x10A2, 0x1082, 0x10A2, 0x10A2, 0x10A2, 0x10A2, 0x10A2, 0x10A2, 0x10A2,
  0x10A2, 0x10A2, 0x10A2, 0x10A2, 0x10A2, 0x10A2, 0x10A2, 0x10A2, 0x10A2, 0x10A2, 0x10A2, 0x10A2,
  0x10A2, 0x10A2, 0x10A2, 0x10A2, 0x10A2, 0x10A2, 0x10A2, 0x10A2, 0x10A2, 0x10A2, 0x10A2, 0x10A3,
  0x18C3, 0x18E4, 0x18C3, 0x18E3, 0x18E4, 0x18C3, 0x10A2, 0x10A2, 0x10A2, 0x10A2, 0x10A2, 0x10A2,
  0x10A2, 0x10A2, 0x10A2, 0x10A2, 0x10A2, 0x10A2, 0x10A2, 0x10A2, 0x10A2, 0x10A2, 0x10A2, 0x10A2,
  0x10A2, 0x10A2, 0x10A2, 0x10A2, 0x10A2, 0x10A2, 0x10A2, 0x10A2, 0x10A2, 0x10A2, 0x18C3, 0x2104,
  0x2125, 0x2945, 0x3A09, 0x31A7, 0x2125, 0x2104, 0x18E4, 0x10A3, 0x10A2, 0x10A2, 0x10A2, 0x10A2,
  0x10A2, 0x10A2, 0x10A2, 0x10A2, 0x10A2, 0x10A2, 0x10A2, 0x10A2, 0x10A2, 0x10A2, 0x10A2, 0x10A2,
  0x10A2, 0x10A2, 0x10A2, 0x10A2, 0x10A2, 0x10A2, 0x10A2, 0x10A2, 0x18C3, 0x1904, 0x2125, 0x2125,
  0x4229, 0x7C32, 0x9D36, 0x94D4, 0x5AEC, 0x2966, 0x2125, 0x2125, 0x18E4, 0x10A3, 0x10A2, 0x10A2,
  0x10A2, 0x10A2, 0x10A2, 0x10A2, 0x10A2, 0x10A2, 0x10A2, 0x10A2, 0x10A2, 0x10A2, 0x10A2, 0x10A2,
  0x10A2, 0x10A2, 0x10A2, 0x10A2, 0x10A2, 0x10A2, 0x10A3, 0x18E4, 0x2125, 0x2125, 0x31C7, 0x6B8F,
  0x9D16, 0x94D4, 0x6B8F, 0x7C11, 0x9D16, 0x8452, 0x4A8B, 0x2966, 0x2145, 0x2125, 0x18C3, 0x10A2,
  0x10A2, 0x10A2, 0x10A2, 0x10A2, 0x10A2, 0x10A2, 0x10A2, 0x10A2, 0x10A2, 0x10A2, 0x10A2, 0x10A2,
  0x10A2, 0x10A2, 0x10A2, 0x10A2, 0x10A2, 0x10A3, 0x1904, 0x2125, 0x3186, 0x5B0D, 0x94B4, 0x9D36,
  0x9D36, 0x6B6E, 0x3187, 0x4A6A, 0x94D4, 0x9D36, 0x9D16, 0x7BF1, 0x3A09, 0x2125, 0x2104, 0x18C3,
  0x10A2, 0x10A2, 0x10A2, 0x10A2, 0x10A2, 0x10A2, 0x10A2, 0x10A2, 0x10A2, 0x10A2, 0x10A2, 0x10A2,
  0x10A2, 0x10A2, 0x10A2, 0x10A2, 0x10A3, 0x18E3, 0x2104, 0x4A6A, 0x8C93, 0xA557, 0x9D36, 0x9D36,
  0x9D16, 0x9D16, 0x8CB4, 0x94D5, 0x9D16, 0x9D16, 0x9D36, 0x9D36, 0x9D16, 0x6B6E, 0x31A7, 0x18E4,
  0x18C3, 0x10A2, 0x10A2, 0x10A2, 0x10A2, 0x10A2, 0x10A2, 0x10A2, 0x10A2, 0x10A2, 0x10A2, 0x10A2,
  0x10A2, 0x10A2, 0x1082, 0x10A3, 0x18C3, 0x2966, 0x73D0, 0x9D16, 0x94B4, 0x52AB, 0x4A8B, 0x8473,
  0xA557, 0x9D16, 0x9D36, 0x9D36, 0x9D16, 0x9D16, 0x5B0D, 0x3A09, 0x6BAF, 0x9D36, 0x8CB4, 0x52AB,
  0x1904, 0x10C3, 0x10A2, 0x10A2, 0x10A2, 0x10A2, 0x10A2, 0x10A2, 0x10A2, 0x10A2, 0x10A2, 0x10A2,
  0x10A2, 0x10A2, 0x10A2, 0x18C3, 0x2104, 0x2986, 0x73D0, 0x9D36, 0x94D4, 0x5B0D, 0x5B0D, 0x8C93,
  0xA557, 0x9D36, 0xA557, 0x9D36, 0x9D36, 0x9D16, 0x6B8F, 0x52CC, 0x7C11, 0xA557, 0x8C93, 0x4A6A,
  0x2125, 0x18E3, 0x1082, 0x10A2, 0x10A2, 0x10A2, 0x10A2, 0x10A2, 0x10A2, 0x10A2, 0x10A2, 0x10A2,
  0x10A2, 0x10A2, 0x10A3, 0x18E3, 0x3A09, 0x73B0, 0x4229, 0x4A8B, 0x8C73, 0xA577, 0xA557, 0x9D36,
  0x9D36, 0x9D16, 0x8C73, 0x94D4, 0x9D36, 0x9D36, 0xA557, 0xA577, 0x9D36, 0x6B6E, 0x31C7, 0x5AED,
  0x5B0D, 0x18C3, 0x10A3, 0x10A2, 0x10A2, 0x10A2, 0x10A2, 0x10A2, 0x10A2, 0x10A2, 0x10A2, 0x10A2,
  0x10A2, 0x10A2, 0x18C3, 0x18E4, 0x4A6A, 0xA557, 0x94F5, 0x632D, 0x39E8, 0x5B0D, 0x94D4, 0xA557,
  0xA557, 0x6B8F, 0x31C7, 0x4A8B, 0x94F5, 0xA557, 0xA557, 0x7C11, 0x424A, 0x4A8B, 0x8452, 0xA577,
  0x7BF1, 0x1904, 0x18C3, 0x10A2, 0x10A2, 0x10A2, 0x10A2, 0x10A2, 0x10A2, 0x10A2, 0x10A2, 0x10A2,
  0x10A2, 0x10A2, 0x18C3, 0x2104, 0x4A4A, 0x9D16, 0x94F5, 0x9D36, 0x8C73, 0x52AB, 0x4229, 0x73D0,
  0xA557, 0x9D16, 0x8452, 0x8CB4, 0xA577, 0x8CB4, 0x52AB, 0x4209, 0x73B0, 0x9D36, 0x9D16, 0x9D16,
  0x7C11, 0x2945, 0x18E4, 0x10A2, 0x10A2, 0x10A2, 0x10A2, 0x10A2, 0x10A2, 0x10A2, 0x10A2, 0x10A2,
  0x10A2, 0x10A2, 0x18C3, 0x1904, 0x4249, 0x9D15, 0x52AB, 0x634E, 0xA557, 0x9D36, 0x7C11, 0x4A8B,
  0x52AB, 0x8473, 0xA557, 0x9D16, 0x6B6F, 0x4229, 0x5B0D, 0x94D5, 0xA577, 0x8CB4, 0x4A6A, 0x8C73,
  0x7C32, 0x2945, 0x1904, 0x10A3, 0x10A2, 0x10A2, 0x10A2, 0x10A2, 0x10A2, 0x10A2, 0x10A2, 0x10A2,
  0x10A2, 0x10A2, 0x18C3, 0x1904, 0x424A, 0x9D16, 0x5AED, 0x39E8, 0x94D5, 0x9D36, 0xA557, 0x9D16,
  0x6B8F, 0x4229, 0x4A8B, 0x4A4A, 0x52AB, 0x8C73, 0xA577, 0x9D36, 0x9D36, 0x634E, 0x39C8, 0x94D4,
  0x7C11, 0x2945, 0x18E4, 0x10A3, 0x1082, 0x10A2, 0x10A2, 0x10A2, 0x10A2, 0x10A2, 0x10A2, 0x10A2,
  0x10A2, 0x10A2, 0x18C3, 0x2104, 0x424A, 0x9CF5, 0x8CB4, 0x6B6F, 0x94D5, 0x9D16, 0x9D16, 0x9D36,
  0xA577, 0x8432, 0x3A08, 0x5AED, 0x9D36, 0xA557, 0x9D16, 0x9D16, 0x9D36, 0x7BF1, 0x73D0, 0x9D36,
  0x73D0, 0x2145, 0x18E4, 0x10A2, 0x1082, 0x10A2, 0x10A2, 0x10A2, 0x10A2, 0x10A2, 0x10A2, 0x10A2,
  0x10A2, 0x10A2, 0x18C3, 0x2104, 0x4A4A, 0x94D5, 0x94F5, 0x9D16, 0x94F5, 0x9D16, 0x9D36, 0x9D16,
  0x9D36, 0x9D36, 0x4A6A, 0x7C11, 0xA577, 0x9D16, 0x9D36, 0x9D16, 0x9D16, 0x9D16, 0x9CF5, 0x94F5,
  0x73D0, 0x2145, 0x18E4, 0x10A2, 0x10A2, 0x10A2, 0x10A2, 0x10A2, 0x10A2, 0x10A2, 0x10A2, 0x10A2,
  0x10A2, 0x10A2, 0x18C3, 0x2104, 0x4A6A, 0x94D4, 0x94B4, 0x94F5, 0x6BAF, 0x5AEC, 0x9CF5, 0x9D16,
  0x9D16, 0x9D36, 0x52AB, 0x7C11, 0xA557, 0x9D16, 0x9D16, 0x9D16, 0x9CF5, 0x94F5, 0x94D4, 0x94F5,
  0x73D0, 0x2945, 0x18E4, 0x10A2, 0x10A2, 0x10A2, 0x10A2, 0x10A2, 0x10A2, 0x10A2, 0x10A2, 0x10A2,
  0x10A2, 0x10A2, 0x18C3, 0x2104, 0x4A4A, 0x94B4, 0x8CB4, 0x94F5, 0x73D0, 0x31A7, 0x73D0, 0x9D36,
  0x9D16, 0x9D36, 0x52CC, 0x7C32, 0xA557, 0x9D16, 0x9D16, 0x9CF5, 0x94F5, 0x94D5, 0x94B4, 0x94D5,
  0x73D0, 0x2966, 0x18E4, 0x10A2, 0x10A2, 0x10A2, 0x10A2, 0x10A2, 0x10A2, 0x10A2, 0x10A2, 0x10A2,
  0x10A2, 0x10A2, 0x18C3, 0x1904, 0x4229, 0x8C93, 0x8C93, 0x8CB4, 0x94B4, 0x6B6E, 0x8432, 0x9D15,
  0x9CF5, 0x9D16, 0x52CC, 0x7C11, 0x9D36, 0x94F5, 0x9CF5, 0x94F5, 0x94D5, 0x94D4, 0x8CB4, 0x8CB4,
  0x73B0, 0x2945, 0x18E4, 0x10A2, 0x10A2, 0x10A2, 0x10A2, 0x10A2, 0x10A2, 0x10A2, 0x10A2, 0x10A2,
  0x10A2, 0x10A2, 0x10A3, 0x18C3, 0x39E8, 0x8C94, 0x8C73, 0x8C93, 0x8CB4, 0x94F5, 0x94F5, 0x9CF5,
  0x9D15, 0x9CF5, 0x4A8B, 0x73D0, 0x9D16, 0x9CF5, 0x9CF5, 0x94D5, 0x94D4, 0x8CB4, 0x8C73, 0x8CB4,
  0x6B6F, 0x18E4, 0x18C3, 0x10A2, 0x10A2, 0x10A2, 0x10A2, 0x10A2, 0x10A2, 0x10A2, 0x10A2, 0x10A2,
  0x10A2, 0x10A2, 0x10A2, 0x18C3, 0x2145, 0x634E, 0x8C93, 0x8C93, 0x8C93, 0x94B4, 0x8453, 0x5B0D,
  0x8C93, 0x94F5, 0x4A6A, 0x73D0, 0x9D16, 0x6B8F, 0x6B6F, 0x94D5, 0x8CB4, 0x8CB4, 0x8CB4, 0x8432,
  0x3A08, 0x18C3, 0x10A2, 0x10A2, 0x10A2, 0x10A2, 0x10A2, 0x10A2, 0x10A2, 0x10A2, 0x10A2, 0x10A2,
  0x10A2, 0x10A2, 0x10A2, 0x10A3, 0x18E3, 0x2125, 0x4A8B, 0x7C32, 0x94B4, 0x8CB4, 0x8432, 0x31C7,
  0x5B0D, 0x9CF5, 0x4A6A, 0x73F1, 0x8C94, 0x31A7, 0x5AEC, 0x94B4, 0x8CB4, 0x8C94, 0x6B6E, 0x31A7,
  0x18E4, 0x10A3, 0x10A2, 0x10A2, 0x10A2, 0x10A2, 0x10A2, 0x10A2, 0x10A2, 0x10A2, 0x10A2, 0x10A2,
  0x10A2, 0x10A2, 0x10A2, 0x1082, 0x10A3, 0x1904, 0x2125, 0x31A7, 0x632D, 0x8C73, 0x8CB4, 0x632D,
  0x634E, 0x94D5, 0x4A8B, 0x7BF1, 0x8C73, 0x52AB, 0x8452, 0x94B4, 0x73D0, 0x424A, 0x2145, 0x18E4,
  0x18C3, 0x10A2, 0x10A2, 0x10A2, 0x10A2, 0x10A2, 0x10A2, 0x10A2, 0x10A2, 0x10A2, 0x10A2, 0x10A2,
  0x10A2, 0x10A2, 0x10A2, 0x10A2, 0x10A2, 0x10A3, 0x18E4, 0x2104, 0x2125, 0x3A08, 0x73B0, 0x94B4,
  0x94B4, 0x8C93, 0x4A4A, 0x6B8F, 0x94B4, 0x94D4, 0x8453, 0x52CC, 0x2966, 0x2125, 0x2104, 0x10C3,
  0x1082, 0x10A2, 0x10A2, 0x10A2, 0x10A2, 0x10A2, 0x10A2, 0x10A2, 0x10A2, 0x10A2, 0x10A2, 0x10A2,
  0x10A2, 0x10A2, 0x10A2, 0x10A2, 0x10A2, 0x10A2, 0x10A2, 0x18C3, 0x2104, 0x2125, 0x2966, 0x4A6A,
  0x7BF1, 0x8CB4, 0x4229, 0x6B8F, 0x8CB4, 0x632E, 0x39C8, 0x2145, 0x2125, 0x18E3, 0x10A3, 0x1082,
  0x10A2, 0x10A2, 0x10A2, 0x10A2, 0x10A2, 0x10A2, 0x10A2, 0x10A2, 0x10A2, 0x10A2, 0x10A2, 0x10A2,
  0x10A2, 0x10A2, 0x10A2, 0x10A2, 0x10A2, 0x10A2, 0x10A2, 0x10A2, 0x10C3, 0x18E4, 0x2125, 0x2125,
  0x3186, 0x52CC, 0x31C7, 0x4A6A, 0x4229, 0x2125, 0x2104, 0x1904, 0x18C3, 0x10A2, 0x1082, 0x10A2,
  0x10A2, 0x10A2, 0x10A2, 0x10A2, 0x10A2, 0x10A2, 0x10A2, 0x10A2, 0x10A2, 0x10A2, 0x10A2, 0x10A2,
  0x10A2, 0x10A2, 0x10A2, 0x10A2, 0x10A2, 0x10A2, 0x10A2, 0x10A2, 0x1082, 0x10A2, 0x10C3, 0x18E4,
  0x18E4, 0x18E3, 0x2104, 0x18E4, 0x18E4, 0x18E4, 0x18C3, 0x10A2, 0x10A2, 0x10A2, 0x10A2, 0x10A2,
  0x10A2, 0x10A2, 0x10A2, 0x10A2, 0x10A2, 0x10A2, 0x10A2, 0x10A2, 0x10A2, 0x10A2, 0x10A2, 0x10A2,
  0x10A2, 0x10A2, 0x10A2, 0x10A2, 0x10A2, 0x10A2, 0x10A2, 0x10A2, 0x10A2, 0x10A2, 0x10A2, 0x1082,
  0x10A2, 0x10C3, 0x10A3, 0x10A3, 0x10A3, 0x10A2, 0x10A2, 0x10A2, 0x10A2, 0x10A2, 0x10A2, 0x10A2,
  0x10A2, 0x10A2, 0x10A2, 0x10A2, 0x10A2, 0x10A2, 0x10A2, 0x10A2, 0x10A2, 0x10A2, 0x10A2, 0x10A2,
  0x10A2, 0x10A2, 0x10A2, 0x10A2, 0x10A2, 0x10A2, 0x10A2, 0x10A2, 0x10A2, 0x10A2, 0x10A2, 0x10A2,
  0x10A2, 0x10A2, 0x10A2, 0x10A2, 0x10A2, 0x10A2, 0x10A2, 0x10A2, 0x10A2, 0x10A2, 0x10A2, 0x10A2,
  0x10A2, 0x10A2, 0x10A2, 0x10A2, 0x10A2, 0x10A2, 0x10A2, 0x10A2, 0x10A2, 0x10A2, 0x10A2, 0x10A2,
  0x10A2, 0x10A2, 0x10A2, 0x10A2, 0x10A2, 0x10A2, 0x10A2, 0x10A2, 0x10A2, 0x10A2, 0x10A2, 0x10A2,
  0x10A2, 0x10A2, 0x10A2, 0x10A2, 0x10A2, 0x10A2, 0x10A2, 0x10A2, 0x10A2, 0x10A2, 0x10A2, 0x10A2,
  0x10A2, 0x10A2, 0x10A2, 0x10A2, 0x10A2, 0x10A2, 0x10A2, 0x10A2, 0x10A2, 0x10A2, 0x10A2, 0x10A2,
};

// icon_coin_silver 36x36
const uint16_t icon_coin_silver_w = 36;
const uint16_t icon_coin_silver_h = 36;
const unsigned short icon_coin_silver[1296] PROGMEM = {
  0x10C3, 0x10C3, 0x10C3, 0x10C3, 0x10C3, 0x10C3, 0x10C3, 0x10C3, 0x10C3, 0x10C3, 0x10C3, 0x10C3,
  0x10C3, 0x10C3, 0x10C3, 0x10C3, 0x10C3, 0x10C3, 0x10C3, 0x10C3, 0x10C3, 0x10C3, 0x10C3, 0x10C3,
  0x10C3, 0x10C3, 0x10C3, 0x10C3, 0x10C3, 0x10C3, 0x10C3, 0x10C3, 0x10C3, 0x10C3, 0x10C3, 0x10C3,
  0x10C3, 0x10C3, 0x10C3, 0x10C3, 0x10C3, 0x10C3, 0x10C3, 0x10C3, 0x10C3, 0x10C3, 0x10C3, 0x10C3,
  0x10C3, 0x10C3, 0x10C3, 0x10C3, 0x10C3, 0x10C3, 0x10C3, 0x10C3, 0x10C3, 0x10C3, 0x10C3, 0x10C3,
  0x10C3, 0x10C3, 0x10C3, 0x10C3, 0x10C3, 0x10C3, 0x10C3, 0x10C3, 0x10C3, 0x10C3, 0x10C3, 0x10C3,
  0x10C3, 0x10C3, 0x10C3, 0x10C3, 0x10C3, 0x10C3, 0x10C3, 0x10C3, 0x10C3, 0x10C3, 0x10C3, 0x10C3,
  0x10C3, 0x10C3, 0x10C3, 0x10C3, 0x10C3, 0x10C3, 0x10C3, 0x10C3, 0x10C3, 0x10C3, 0x10C3, 0x10C3,
  0x10C3, 0x10C3, 0x10C3, 0x10C3, 0x10C3, 0x10C3, 0x10C3, 0x10C3, 0x10C3, 0x10C3, 0x10C3, 0x10C3,
  0x10C3, 0x10C3, 0x10C3, 0x10C3, 0x10C3, 0x10C3, 0x10C3, 0x10C3, 0x10C3, 0x10C3, 0x10C3, 0x10C3,
  0x10C3, 0x10C3, 0x31A7, 0x5AEB, 0x7BF0, 0x8C71, 0x8C72, 0x8430, 0x5B0C, 0x31C7, 0x10C3, 0x10C3,
  0x10C3, 0x10C3, 0x10C3, 0x10C3, 0x10C3, 0x10C3, 0x10C3, 0x10C3, 0x10C3, 0x10C3, 0x10C3, 0x10C3,
  0x10C3, 0x10C3, 0x10C3, 0x10C3, 0x10C3, 0x10C3, 0x10C3, 0x10C3, 0x10C3, 0x10C3, 0x10C3, 0x2145,
  0x634D, 0xAD75, 0xBE18, 0xBE18, 0xB5D7, 0xB596, 0xB5B7, 0xC638, 0xD6BA, 0xD6DB, 0xC638, 0x73CF,
  0x2145, 0x10C3, 0x10C3, 0x10C3, 0x10C3, 0x10C3, 0x10C3, 0x10C3, 0x10C3, 0x10C3, 0x10C3, 0x10C3,
  0x10C3, 0x10C3, 0x10C3, 0x10C3, 0x10C3, 0x10C3, 0x10C3, 0x10C3, 0x10C3, 0x10C3, 0x632D, 0xB5D7,
  0xB5B7, 0x8431, 0x632D, 0x5B0C, 0x6B6E, 0x73AF, 0x73CF, 0x7BEF, 0x73AF, 0x7C10, 0xA555, 0xE73C,
  0xE73C, 0x73CF, 0x10C3, 0x10C3, 0x10C3, 0x10C3, 0x10C3, 0x10C3, 0x10C3, 0x10C3, 0x10C3, 0x10C3,
  0x10C3, 0x10C3, 0x10C3, 0x10C3, 0x10C3, 0x10C3, 0x10C3, 0x10C3, 0x2966, 0x9CF4, 0xBE18, 0x73AF,
  0x4A8A, 0x636E, 0x94B3, 0xAD96, 0xBDF8, 0xC639, 0xC659, 0xCE7A, 0xC679, 0xB5B7, 0x8C72, 0x73CF,
  0xA555, 0xF7FF, 0xBDF7, 0x2986, 0x10C3, 0x10C3, 0x10C3, 0x10C3, 0x10C3, 0x10C3, 0x10C3, 0x10C3,
  0x10C3, 0x10C3, 0x10C3, 0x10C3, 0x10C3, 0x10C3, 0x10C3, 0x29A6, 0xB5B7, 0xAD96, 0x52CB, 0x636E,
  0x9D35, 0xB5D7, 0xB5D7, 0xBDF8, 0xBDF8, 0xBE18, 0xCE79, 0xCE9A, 0xCEBA, 0xDF1B, 0xE75D, 0xDF1C,
  0x9D14, 0x8451, 0xE75D, 0xDEFB, 0x31A7, 0x10C3, 0x10C3, 0x10C3, 0x10C3, 0x10C3, 0x10C3, 0x10C3,
  0x10C3, 0x10C3, 0x10C3, 0x10C3, 0x10C3, 0x10C3, 0x2165, 0xB5D7, 0xA535, 0x528B, 0x8C92, 0xB5B7,
  0xAD96, 0xADB6, 0xB5D7, 0xAD96, 0xB5B7, 0xC659, 0xBDF8, 0xC638, 0xD6DB, 0xD71B, 0xDF1C, 0xE75D,
  0xF7DF, 0xCE9A, 0x8C72, 0xD6DB, 0xCE9A, 0x2165, 0x10C3, 0x10C3, 0x10C3, 0x10C3, 0x10C3, 0x10C3,
  0x10C3, 0x10C3, 0x10C3, 0x10C3, 0x10C3, 0x10C3, 0x94D3, 0xAD96, 0x4A8A, 0x94D3, 0xADB7, 0xAD76,
  0xAD96, 0xB5D7, 0xB5D7, 0x2125, 0x39E8, 0xCE9A, 0x2125, 0x39E8, 0xE73C, 0xDF3C, 0xE75D, 0xE77D,
  0xE75D, 0xEF7D, 0xCE9A, 0x8C72, 0xCE7A, 0x9D14, 0x10C3, 0x10C3, 0x10C3, 0x10C3, 0x10C3, 0x10C3,
  0x10C3, 0x10C3, 0x10C3, 0x10C3, 0x10C3, 0x5B0C, 0xC659, 0x5AEC, 0x8C72, 0xB5B7, 0xAD96, 0xB5D7,
  0xC659, 0xCE7A, 0xCE7A, 0x1904, 0x39E8, 0xE75D, 0x18E4, 0x31C7, 0xF7BE, 0xE77D, 0xE75D, 0xE77D,
  0xE73C, 0xD6FB, 0xDEFB, 0xBDF8, 0x8C52, 0xCE7A, 0x5AEC, 0x10C3, 0x10C3, 0x10C3, 0x10C3, 0x10C3,
  0x10C3, 0x10C3, 0x10C3, 0x10C3, 0x2125, 0xB5D7, 0x8431, 0x6B8E, 0xADB7, 0xAD76, 0xB5D7, 0xAD76,
  0x94B3, 0x9CF4, 0x9CD3, 0x1904, 0x31A7, 0xA555, 0x2125, 0x31A7, 0xBE18, 0xE73C, 0xF7DF, 0xE75C,
  0xDF1C, 0xD6DB, 0xC659, 0xC659, 0x9CF4, 0x9D14, 0xA576, 0x2125, 0x10C3, 0x10C3, 0x10C3, 0x10C3,
  0x10C3, 0x10C3, 0x10C3, 0x10C3, 0x5B0C, 0xC639, 0x5AEC, 0x9D14, 0xAD96, 0xAD96, 0xC639, 0x73EF,
  0x0000, 0x0021, 0x0862, 0x10A3, 0x0882, 0x0000, 0x0042, 0x0862, 0x0883, 0x2145, 0x73CF, 0xDF1C,
  0xD6DB, 0xCE7A, 0xBE59, 0xBE18, 0xB5B6, 0x8CD3, 0xB5D7, 0x52CB, 0x10C3, 0x10C3, 0x10C3, 0x10C3,
  0x10C3, 0x10C3, 0x10C3, 0x10C3, 0xA535, 0x94D3, 0x73AF, 0xB5D7, 0xADB7, 0xB5D7, 0xC638, 0xA555,
  0x738E, 0x4A8A, 0x08A3, 0x10A3, 0x2966, 0x6B6E, 0x632C, 0x4229, 0x10A3, 0x10A3, 0x0000, 0x73AF,
  0xD6DB, 0xC639, 0xBE18, 0xB5D7, 0xAD96, 0x9D14, 0xA575, 0x8471, 0x10C3, 0x10C3, 0x10C3, 0x10C3,
  0x10C3, 0x10C3, 0x10C3, 0x2986, 0xC639, 0x7BF0, 0x9D14, 0xBDF8, 0xBDF8, 0xBE18, 0xC638, 0xCE7A,
  0xEF7D, 0xB5D7, 0x10A3, 0x0862, 0x4A69, 0xFFFF, 0xEF7D, 0xEF7E, 0x6B8E, 0x0862, 0x0882, 0x31C7,
  0xC659, 0xBDF8, 0xB5D7, 0xAD96, 0xA555, 0x9D35, 0x9D34, 0x94F4, 0x2986, 0x10C3, 0x10C3, 0x10C3,
  0x10C3, 0x10C3, 0x10C3, 0x4A8A, 0xC659, 0x7BF0, 0xB5B7, 0xBDF8, 0xBE18, 0xC639, 0xC679, 0xCE79,
  0xDEFB, 0xAD76, 0x0882, 0x0862, 0x4249, 0xF79E, 0xDEFB, 0xEF9E, 0x9CF4, 0x0041, 0x0862, 0x31E7,
  0xBE38, 0xADB7, 0xAD96, 0xA555, 0x9D14, 0x9D14, 0x9D14, 0x9514, 0x3A29, 0x10C3, 0x10C3, 0x10C3,
  0x10C3, 0x10C3, 0x10C3, 0x636E, 0xBE18, 0x7C10, 0xBE18, 0xC618, 0xC659, 0xCE7A, 0xCEBA, 0xD6DA,
  0xE75D, 0xB5B6, 0x0862, 0x0061, 0x4229, 0xDEDB, 0xC659, 0xAD55, 0x31C7, 0x0882, 0x10A3, 0x7C10,
  0xB5F7, 0xA576, 0xA555, 0x9D34, 0x94F4, 0x8CD3, 0x9D34, 0x94D3, 0x4AAA, 0x10C3, 0x10C3, 0x10C3,
  0x10C3, 0x10C3, 0x10C3, 0x73EF, 0xBE18, 0x7C30, 0xC659, 0xC659, 0xCE7A, 0xD6BB, 0xD6DB, 0xDEFB,
  0xEF9E, 0xB5D7, 0x0862, 0x10C3, 0x1082, 0x0862, 0x0882, 0x0041, 0x0882, 0x10A3, 0x29A6, 0x9D34,
  0xADB7, 0xA555, 0x9D35, 0x94F4, 0x94D3, 0x8471, 0x9D34, 0x8CD3, 0x52CB, 0x10C3, 0x10C3, 0x10C3,
  0x10C3, 0x10C3, 0x10C3, 0x73EF, 0xBE38, 0x8451, 0xCE9A, 0xCE9A, 0xD6BB, 0xD6FB, 0xDF1C, 0xDF1C,
  0xF7BE, 0xBDF7, 0x0882, 0x10A3, 0x2125, 0x5ACB, 0x52AA, 0x4249, 0x1904, 0x0882, 0x08A3, 0x10E3,
  0x8C92, 0xA575, 0x94F3, 0x8CB3, 0x8C92, 0x7C10, 0x9D34, 0x8CD3, 0x4AAB, 0x10C3, 0x10C3, 0x10C3,
  0x10C3, 0x10C3, 0x10C3, 0x6B8E, 0xCE9A, 0x8471, 0xCE9A, 0xD6BA, 0xD6DB, 0xDF1C, 0xDF3C, 0xE73C,
  0xF7DF, 0xBDD7, 0x0882, 0x0862, 0x4249, 0xDF1C, 0xCE79, 0xC659, 0xAD96, 0x2986, 0x08A3, 0x0862,
  0x426A, 0xA555, 0x8CB2, 0x8492, 0x7C51, 0x73CF, 0x9D55, 0x8492, 0x4249, 0x10C3, 0x10C3, 0x10C3,
  0x10C3, 0x10C3, 0x10C3, 0x52AB, 0xDF1C, 0x94B3, 0xCE9A, 0xDEFB, 0xDF1C, 0xDF3C, 0xE75D, 0xE75D,
  0xEF7D, 0xAD96, 0x0882, 0x0882, 0x4228, 0xC659, 0xB5B7, 0xA576, 0xBE18, 0x52EC, 0x0062, 0x10A3,
  0x3A08, 0x9D14, 0x8492, 0x8451, 0x7C10, 0x73F0, 0xA596, 0x7C51, 0x31C7, 0x10C3, 0x10C3, 0x10C3,
  0x10C3, 0x10C3, 0x10C3, 0x2986, 0xDF3C, 0xA555, 0xC659, 0xE73D, 0xDF3C, 0xE75D, 0xE75D, 0xE73C,
  0xF7BF, 0xB596, 0x0882, 0x0882, 0x4249, 0xD6BA, 0xBE18, 0xB5F7, 0x9D14, 0x2966, 0x10A3, 0x0862,
  0x4249, 0x94F3, 0x7C31, 0x7410, 0x73CF, 0x8472, 0xADD7, 0x6BAF, 0x2145, 0x10C3, 0x10C3, 0x10C3,
  0x10C3, 0x10C3, 0x10C3, 0x10C3, 0xBE18, 0xCE7A, 0xAD96, 0xEF9E, 0xE75D, 0xE75D, 0xE75D, 0xCE9A,
  0x738F, 0x4A6A, 0x0882, 0x10A3, 0x2965, 0x632C, 0x5AEC, 0x4A8A, 0x2145, 0x0882, 0x0862, 0x0882,
  0x73EF, 0x7C51, 0x73EF, 0x73EF, 0x6BAE, 0xA575, 0xAD96, 0x5AEC, 0x10C3, 0x10C3, 0x10C3, 0x10C3,
  0x10C3, 0x10C3, 0x10C3, 0x10C3, 0x6B8E, 0xF7DF, 0x9D14, 0xE73C, 0xE77D, 0xDF3C, 0xE75D, 0x9D35,
  0x0000, 0x0000, 0x0041, 0x08A2, 0x0862, 0x0000, 0x0861, 0x0882, 0x0882, 0x18E4, 0x2986, 0x73F0,
  0x8472, 0x73CF, 0x73CF, 0x6BCF, 0x73EF, 0xBE39, 0x8472, 0x3A08, 0x10C3, 0x10C3, 0x10C3, 0x10C3,
  0x10C3, 0x10C3, 0x10C3, 0x10C3, 0x1924, 0xDEFC, 0xBDF8, 0xADB6, 0xE77D, 0xD6FB, 0xDEFC, 0xBDF8,
  0x8C92, 0x8CB2, 0x8451, 0x1104, 0x2986, 0x7BF0, 0x18E4, 0x2986, 0x8431, 0x8C92, 0x9D14, 0x8C92,
  0x73EF, 0x73CF, 0x73EF, 0x636D, 0x9D55, 0xAD96, 0x5B2D, 0x1904, 0x10C3, 0x10C3, 0x10C3, 0x10C3,
  0x10C3, 0x10C3, 0x10C3, 0x10C3, 0x10C3, 0x5B2D, 0xE77E, 0x9514, 0xC679, 0xD6FB, 0xCE7A, 0xCE7A,
  0xCE9A, 0xC67A, 0xBE18, 0x1104, 0x31E7, 0xADB7, 0x08A3, 0x2986, 0x9D14, 0x8472, 0x7C10, 0x73F0,
  0x73CF, 0x73F0, 0x6B8E, 0x8471, 0xC659, 0x7410, 0x3208, 0x10C3, 0x10C3, 0x10C3, 0x10C3, 0x10C3,
  0x10C3, 0x10C3, 0x10C3, 0x10C3, 0x10C3, 0x10A3, 0x9D14, 0xCEBB, 0x9D14, 0xC67A, 0xCE7A, 0xBE18,
  0xB5D7, 0xADB7, 0xA555, 0x2125, 0x31C7, 0x8CB3, 0x1904, 0x31A7, 0x8472, 0x7C10, 0x73F0, 0x73D0,
  0x73F0, 0x6BAF, 0x7C31, 0xCE9A, 0x8472, 0x4ACB, 0x10C3, 0x10C3, 0x10C3, 0x10C3, 0x10C3, 0x10C3,
  0x10C3, 0x10C3, 0x10C3, 0x10C3, 0x10C3, 0x10C3, 0x2125, 0xB5D7, 0xBE59, 0xAD96, 0xC638, 0xBDF8,
  0xB5B7, 0xAD96, 0xA555, 0x9D14, 0x94D3, 0x8CB2, 0x8C92, 0x8451, 0x7C10, 0x73D0, 0x73F0, 0x73D0,
  0x6B8E, 0x8472, 0xCEDB, 0x94F4, 0x5B0C, 0x1924, 0x10C3, 0x10C3, 0x10C3, 0x10C3, 0x10C3, 0x10C3,
  0x10C3, 0x10C3, 0x10C3, 0x10C3, 0x10C3, 0x10C3, 0x10C3, 0x2986, 0xADB6, 0xBE18, 0xAD96, 0xB5B7,
  0xA555, 0x9D14, 0x94D3, 0x94D3, 0x8CB3, 0x8472, 0x7C31, 0x7C10, 0x73CF, 0x6B8E, 0x634E, 0x6B8E,
  0x9D15, 0xC67A, 0x8CD3, 0x5B0D, 0x2145, 0x10C3, 0x10C3, 0x10C3, 0x10C3, 0x10C3, 0x10C3, 0x10C3,
  0x10C3, 0x10C3, 0x10C3, 0x10C3, 0x10C3, 0x10C3, 0x10C3, 0x10C3, 0x2145, 0x8C72, 0xADB7, 0xA555,
  0xAD76, 0xA555, 0x94D3, 0x8472, 0x7C30, 0x7BF0, 0x73AF, 0x6BAE, 0x6BAE, 0x7C30, 0x9D35, 0xC659,
  0xADB7, 0x6BD0, 0x4A8B, 0x1924, 0x10C3, 0x10C3, 0x10C3, 0x10C3, 0x10C3, 0x10C3, 0x10C3, 0x10C3,
  0x10C3, 0x10C3, 0x10C3, 0x10C3, 0x10C3, 0x10C3, 0x10C3, 0x10C3, 0x10C3, 0x10C3, 0x52CB, 0x8CB3,
  0x9D35, 0xA575, 0xADB6, 0xADB7, 0xAD96, 0xAD76, 0xAD96, 0xB5F7, 0xBE58, 0xC679, 0xB5D7, 0x8452,
  0x52CC, 0x31E7, 0x10C3, 0x10C3, 0x10C3, 0x10C3, 0x10C3, 0x10C3, 0x10C3, 0x10C3, 0x10C3, 0x10C3,
  0x10C3, 0x10C3, 0x10C3, 0x10C3, 0x10C3, 0x10C3, 0x10C3, 0x10C3, 0x10C3, 0x10C3, 0x10C3, 0x1924,
  0x4A8A, 0x73F0, 0x8492, 0x9514, 0x9D34, 0x9D34, 0x9D35, 0x9514, 0x8471, 0x6B8E, 0x52CB, 0x31E8,
  0x1904, 0x10C3, 0x10C3, 0x10C3, 0x10C3, 0x10C3, 0x10C3, 0x10C3, 0x10C3, 0x10C3, 0x10C3, 0x10C3,
  0x10C3, 0x10C3, 0x10C3, 0x10C3, 0x10C3, 0x10C3, 0x10C3, 0x10C3, 0x10C3, 0x10C3, 0x10C3, 0x10C3,
  0x10C3, 0x10C3, 0x2165, 0x3A28, 0x428A, 0x4A8A, 0x426A, 0x3A28, 0x29A7, 0x2145, 0x10C3, 0x10C3,
  0x10C3, 0x10C3, 0x10C3, 0x10C3, 0x10C3, 0x10C3, 0x10C3, 0x10C3, 0x10C3, 0x10C3, 0x10C3, 0x10C3,
  0x10C3, 0x10C3, 0x10C3, 0x10C3, 0x10C3, 0x10C3, 0x10C3, 0x10C3, 0x10C3, 0x10C3, 0x10C3, 0x10C3,
  0x10C3, 0x10C3, 0x10C3, 0x10C3, 0x10C3, 0x10C3, 0x10C3, 0x10C3, 0x10C3, 0x10C3, 0x10C3, 0x10C3,
  0x10C3, 0x10C3, 0x10C3, 0x10C3, 0x10C3, 0x10C3, 0x10C3, 0x10C3, 0x10C3, 0x10C3, 0x10C3, 0x10C3,
  0x10C3, 0x10C3, 0x10C3, 0x10C3, 0x10C3, 0x10C3, 0x10C3, 0x10C3, 0x10C3, 0x10C3, 0x10C3, 0x10C3,
  0x10C3, 0x10C3, 0x10C3, 0x10C3, 0x10C3, 0x10C3, 0x10C3, 0x10C3, 0x10C3, 0x10C3, 0x10C3, 0x10C3,
  0x10C3, 0x10C3, 0x10C3, 0x10C3, 0x10C3, 0x10C3, 0x10C3, 0x10C3, 0x10C3, 0x10C3, 0x10C3, 0x10C3,
  0x10C3, 0x10C3, 0x10C3, 0x10C3, 0x10C3, 0x10C3, 0x10C3, 0x10C3, 0x10C3, 0x10C3, 0x10C3, 0x10C3,
  0x10C3, 0x10C3, 0x10C3, 0x10C3, 0x10C3, 0x10C3, 0x10C3, 0x10C3, 0x10C3, 0x10C3, 0x10C3, 0x10C3,
  0x10C3, 0x10C3, 0x10C3, 0x10C3, 0x10C3, 0x10C3, 0x10C3, 0x10C3, 0x10C3, 0x10C3, 0x10C3, 0x10C3,
};

// icon_coin_orange 36x36
const uint16_t icon_coin_orange_w = 36;
const uint16_t icon_coin_orange_h = 36;
const unsigned short icon_coin_orange[1296] PROGMEM = {
  0x1904, 0x1904, 0x1904, 0x1904, 0x1904, 0x1904, 0x1904, 0x1904, 0x1904, 0x1904, 0x1904, 0x1904,
  0x1904, 0x1904, 0x1904, 0x1904, 0x1904, 0x1904, 0x1904, 0x1904, 0x1904, 0x1904, 0x1904, 0x1904,
  0x1904, 0x1904, 0x1904, 0x1904, 0x1904, 0x1904, 0x1904, 0x1904, 0x1904, 0x1904, 0x1904, 0x1904,
  0x1904, 0x1904, 0x1904, 0x1904, 0x1904, 0x1904, 0x1904, 0x1904, 0x1904, 0x1904, 0x1904, 0x1904,
  0x1904, 0x1904, 0x1904, 0x1904, 0x1904, 0x1904, 0x1904, 0x1904, 0x1904, 0x1904, 0x1904, 0x1904,
  0x1904, 0x1904, 0x1904, 0x1904, 0x1904, 0x1904, 0x1904, 0x1904, 0x1904, 0x1904, 0x1904, 0x1904,
  0x1904, 0x1904, 0x1904, 0x1904, 0x1904, 0x1904, 0x1904, 0x1904, 0x1904, 0x1904, 0x1904, 0x1904,
  0x1904, 0x1904, 0x1904, 0x1904, 0x1904, 0x1904, 0x1904, 0x1904, 0x1904, 0x1904, 0x1904, 0x1904,
  0x1904, 0x1904, 0x1904, 0x1904, 0x1904, 0x1904, 0x1904, 0x1904, 0x1904, 0x1904, 0x1904, 0x1904,
  0x1904, 0x1904, 0x1904, 0x1904, 0x1904, 0x1904, 0x1904, 0x1904, 0x1904, 0x1904, 0x1904, 0x1904,
  0x1904, 0x1904, 0x3983, 0x6A23, 0x92C3, 0xA303, 0xA303, 0x92E3, 0x7243, 0x3983, 0x1904, 0x1904,
  0x1904, 0x1904, 0x1904, 0x1904, 0x1904, 0x1904, 0x1904, 0x1904, 0x1904, 0x1904, 0x1904, 0x1904,
  0x1904, 0x1904, 0x1904, 0x1904, 0x1904, 0x1904, 0x1904, 0x1904, 0x1904, 0x1904, 0x1904, 0x2943,
  0x7263, 0xC383, 0xDBE2, 0xDBE2, 0xD3A2, 0xCB82, 0xD3A2, 0xE3E2, 0xF443, 0xFC63, 0xDC03, 0x8AA3,
  0x2943, 0x1904, 0x1904, 0x1904, 0x1904, 0x1904, 0x1904, 0x1904, 0x1904, 0x1904, 0x1904, 0x1904,
  0x1904, 0x1904, 0x1904, 0x1904, 0x1904, 0x1904, 0x1904, 0x1904, 0x1904, 0x1904, 0x7243, 0xD3A2,
  0xD3A2, 0x9AA1, 0x7201, 0x7201, 0x7A21, 0x8241, 0x8A61, 0x8A61, 0x8261, 0x9281, 0xC362, 0xFC83,
  0xF483, 0x8AA3, 0x1904, 0x1904, 0x1904, 0x1904, 0x1904, 0x1904, 0x1904, 0x1904, 0x1904, 0x1904,
  0x1904, 0x1904, 0x1904, 0x1904, 0x1904, 0x1904, 0x1904, 0x1904, 0x3163, 0xB343, 0xDBE2, 0x8241,
  0x5981, 0x7A21, 0xAB02, 0xCB82, 0xDBC2, 0xE3E2, 0xE402, 0xEC23, 0xEC02, 0xD3A2, 0xA2E2, 0x8A61,
  0xC362, 0xFD03, 0xCBE3, 0x3163, 0x1904, 0x1904, 0x1904, 0x1904, 0x1904, 0x1904, 0x1904, 0x1904,
  0x1904, 0x1904, 0x1904, 0x1904, 0x1904, 0x1904, 0x1904, 0x3983, 0xD3A3, 0xCB82, 0x61C1, 0x7A21,
  0xBB42, 0xD3A2, 0xD3A2, 0xDBC2, 0xDBC2, 0xDBC2, 0xEC02, 0xF423, 0xF443, 0xFC63, 0xFCA3, 0xFC63,
  0xBB42, 0x9AC2, 0xFCA3, 0xEC63, 0x3983, 0x1904, 0x1904, 0x1904, 0x1904, 0x1904, 0x1904, 0x1904,
  0x1904, 0x1904, 0x1904, 0x1904, 0x1904, 0x1904, 0x3163, 0xD3C3, 0xC362, 0x59A1, 0xA2E2, 0xD3A2,
  0xCB82, 0xCB82, 0xD3A2, 0xCB82, 0xD3A2, 0xE402, 0xDBC2, 0xE3E2, 0xFC63, 0xFC63, 0xFC63, 0xFCA3,
  0xFD03, 0xEC23, 0xA2C2, 0xF443, 0xEC23, 0x3163, 0x1904, 0x1904, 0x1904, 0x1904, 0x1904, 0x1904,
  0x1904, 0x1904, 0x1904, 0x1904, 0x1904, 0x1904, 0xB322, 0xCB82, 0x59A1, 0xAB02, 0xCB82, 0xC362,
  0xCB82, 0xD3A2, 0xD3C2, 0x28A0, 0x4120, 0xF423, 0x28C0, 0x4120, 0xFCA3, 0xFC83, 0xFCA3, 0xFCA3,
  0xFCA3, 0xFCC3, 0xF423, 0xA2C2, 0xEC23, 0xB343, 0x1904, 0x1904, 0x1904, 0x1904, 0x1904, 0x1904,
  0x1904, 0x1904, 0x1904, 0x1904, 0x1904, 0x6A23, 0xE402, 0x61C1, 0xA2C2, 0xD3A2, 0xCB82, 0xD3C2,
  0xE402, 0xEC23, 0xEC23, 0x20A0, 0x4120, 0xFCA3, 0x2080, 0x4120, 0xFCE3, 0xFCC3, 0xFCA3, 0xFCC3,
  0xFCA3, 0xFC63, 0xFC63, 0xDBC2, 0x9AC2, 0xEC23, 0x6A23, 0x1904, 0x1904, 0x1904, 0x1904, 0x1904,
  0x1904, 0x1904, 0x1904, 0x1904, 0x2943, 0xD3A2, 0x9AA1, 0x8241, 0xCBA2, 0xCB82, 0xD3C2, 0xCB82,
  0xAB02, 0xB322, 0xB302, 0x20A0, 0x3900, 0xC362, 0x28A0, 0x3900, 0xDBC2, 0xFC83, 0xFD03, 0xFCA3,
  0xFC63, 0xF443, 0xEC02, 0xEC02, 0xB322, 0xBB22, 0xC382, 0x2943, 0x1904, 0x1904, 0x1904, 0x1904,
  0x1904, 0x1904, 0x1904, 0x1904, 0x6A23, 0xE3E2, 0x69E1, 0xBB22, 0xCB82, 0xCB82, 0xE402, 0x8A61,
  0x1904, 0x1904, 0x1904, 0x1860, 0x1904, 0x1904, 0x1904, 0x1904, 0x1904, 0x30C0, 0x8A61, 0xFC83,
  0xF443, 0xEC23, 0xE402, 0xDBC2, 0xCB82, 0xAB02, 0xD3A2, 0x6203, 0x1904, 0x1904, 0x1904, 0x1904,
  0x1904, 0x1904, 0x1904, 0x1904, 0xBB63, 0xB322, 0x8241, 0xD3A2, 0xCBA2, 0xD3C2, 0xE3E2, 0xBB42,
  0x8241, 0x59A1, 0x1904, 0x1860, 0x30E0, 0x7A21, 0x7201, 0x5161, 0x1860, 0x1060, 0x1904, 0x8261,
  0xFC63, 0xE3E2, 0xDBC2, 0xD3A2, 0xCB82, 0xBB22, 0xC362, 0x9AE2, 0x1904, 0x1904, 0x1904, 0x1904,
  0x1904, 0x1904, 0x1904, 0x3963, 0xE3E2, 0x9281, 0xB322, 0xDBC2, 0xDBC2, 0xDBE2, 0xE3E2, 0xEC23,
  0xFCC3, 0xD3A2, 0x1904, 0x1904, 0x5181, 0xFD03, 0xFCC3, 0xFCC3, 0x8241, 0x1904, 0x1904, 0x3900,
  0xEC02, 0xDBC2, 0xD3A2, 0xCB82, 0xC362, 0xBB42, 0xBB42, 0xB322, 0x3163, 0x1904, 0x1904, 0x1904,
  0x1904, 0x1904, 0x1904, 0x5A03, 0xE402, 0x8A81, 0xD3A2, 0xDBC2, 0xDBE2, 0xE402, 0xEC02, 0xEC23,
  0xFC63, 0xC362, 0x1904, 0x1904, 0x5161, 0xFCC3, 0xFC63, 0xFCC3, 0xB322, 0x1904, 0x1904, 0x4120,
  0xDBE2, 0xD3A2, 0xCB82, 0xC362, 0xBB42, 0xB322, 0xBB22, 0xB322, 0x49A3, 0x1904, 0x1904, 0x1904,
  0x1904, 0x1904, 0x1904, 0x7A63, 0xDBE2, 0x9281, 0xDBC2, 0xE3E2, 0xE402, 0xEC23, 0xF443, 0xF443,
  0xFCA3, 0xCBA2, 0x1904, 0x1904, 0x5161, 0xFC63, 0xE402, 0xC362, 0x4120, 0x1904, 0x1060, 0x9281,
  0xD3C2, 0xC362, 0xC362, 0xBB42, 0xB322, 0xAB02, 0xBB42, 0xAB02, 0x59E2, 0x1904, 0x1904, 0x1904,
  0x1904, 0x1904, 0x1904, 0x8AA3, 0xDBC2, 0x9281, 0xE402, 0xE402, 0xEC23, 0xF443, 0xFC63, 0xFC63,
  0xFCC3, 0xD3A2, 0x1904, 0x1860, 0x1904, 0x1904, 0x1904, 0x1904, 0x1904, 0x1860, 0x3900, 0xBB42,
  0xCBA2, 0xC362, 0xBB42, 0xB322, 0xAB02, 0x9AC2, 0xBB42, 0xAB02, 0x61E2, 0x1904, 0x1904, 0x1904,
  0x1904, 0x1904, 0x1904, 0x8AA3, 0xDBE2, 0x9AA2, 0xEC23, 0xEC23, 0xF443, 0xFC63, 0xFC83, 0xFC83,
  0xFCE3, 0xD3C2, 0x1904, 0x1060, 0x28A0, 0x61C1, 0x59A1, 0x5161, 0x20A0, 0x1904, 0x1060, 0x1880,
  0xA2E2, 0xC362, 0xB322, 0xAAE2, 0xA2C2, 0x9281, 0xBB42, 0xAB02, 0x61E2, 0x1904, 0x1904, 0x1904,
  0x1904, 0x1904, 0x1904, 0x7A83, 0xEC23, 0xA2C2, 0xF423, 0xF443, 0xFC63, 0xFC83, 0xFC83, 0xFCA3,
  0xFCE3, 0xD3C2, 0x1904, 0x1904, 0x5161, 0xFC83, 0xEC23, 0xE402, 0xCB82, 0x30E0, 0x1060, 0x1904,
  0x5181, 0xC362, 0xAAE2, 0xA2C2, 0x9AA1, 0x8A61, 0xBB42, 0xA2C2, 0x51A2, 0x1904, 0x1904, 0x1904,
  0x1904, 0x1904, 0x1904, 0x6203, 0xFC83, 0xAB02, 0xF423, 0xFC63, 0xFC83, 0xFC83, 0xFCA3, 0xFCA3,
  0xFCC3, 0xCB82, 0x1904, 0x1904, 0x4961, 0xE402, 0xCBA2, 0xC362, 0xDBE2, 0x69C1, 0x1904, 0x1060,
  0x4140, 0xB322, 0xA2C2, 0x9AA1, 0x9281, 0x8A61, 0xCB82, 0x9AA1, 0x4163, 0x1904, 0x1904, 0x1904,
  0x1904, 0x1904, 0x1904, 0x3963, 0xFC83, 0xC362, 0xE402, 0xFCA3, 0xFC83, 0xFCA3, 0xFCA3, 0xFC83,
  0xFCE3, 0xCB82, 0x1904, 0x1904, 0x5161, 0xF443, 0xDBE2, 0xD3C2, 0xB322, 0x30E0, 0x1860, 0x1904,
  0x5161, 0xB302, 0x92A1, 0x9281, 0x8A61, 0xA2C2, 0xD3A2, 0x8261, 0x3143, 0x1904, 0x1904, 0x1904,
  0x1904, 0x1904, 0x1904, 0x1904, 0xDBE3, 0xEC23, 0xCB82, 0xFCC3, 0xFCA3, 0xFCA3, 0xFCA3, 0xEC23,
  0x8241, 0x5181, 0x1904, 0x1060, 0x30E0, 0x7201, 0x69C1, 0x5981, 0x28C0, 0x1904, 0x1904, 0x1904,
  0x8A81, 0x9AA1, 0x8A61, 0x8A61, 0x8241, 0xC362, 0xCB82, 0x69E1, 0x1904, 0x1904, 0x1904, 0x1904,
  0x1904, 0x1904, 0x1904, 0x1904, 0x7A83, 0xFD03, 0xB322, 0xFC83, 0xFCC3, 0xFC83, 0xFCA3, 0xBB42,
  0x1904, 0x1904, 0x1904, 0x1904, 0x1904, 0x1904, 0x1904, 0x1904, 0x1904, 0x2080, 0x38E0, 0x8A81,
  0xA2C2, 0x8A61, 0x8A61, 0x8261, 0x8A61, 0xE3E2, 0xA2C2, 0x4982, 0x1904, 0x1904, 0x1904, 0x1904,
  0x1904, 0x1904, 0x1904, 0x1904, 0x2943, 0xF463, 0xD3C2, 0xCBA2, 0xFCC3, 0xFC63, 0xFC63, 0xDBC2,
  0xA2E2, 0xA2E2, 0x9AA1, 0x2080, 0x30E0, 0x9281, 0x2080, 0x38E0, 0x9AA1, 0xA2E2, 0xBB22, 0xA2E2,
  0x8A61, 0x8A61, 0x8A61, 0x7A21, 0xC362, 0xCB82, 0x7201, 0x2123, 0x1904, 0x1904, 0x1904, 0x1904,
  0x1904, 0x1904, 0x1904, 0x1904, 0x1904, 0x7243, 0xFCC3, 0xB322, 0xEC02, 0xFC63, 0xEC23, 0xEC23,
  0xEC23, 0xEC23, 0xDBE2, 0x20A0, 0x4120, 0xCB82, 0x1904, 0x38E0, 0xB322, 0xA2C2, 0x9281, 0x8A81,
  0x8A61, 0x8A61, 0x7A21, 0x9AC2, 0xE403, 0x9281, 0x4182, 0x1904, 0x1904, 0x1904, 0x1904, 0x1904,
  0x1904, 0x1904, 0x1904, 0x1904, 0x1904, 0x1904, 0xB343, 0xF443, 0xB322, 0xEC23, 0xEC23, 0xDBE2,
  0xD3A2, 0xCBA2, 0xC362, 0x28C0, 0x4120, 0xAAE2, 0x2080, 0x3900, 0xA2C2, 0x9281, 0x8A61, 0x8A61,
  0x8A81, 0x8241, 0x92A1, 0xEC23, 0xA2C2, 0x61C1, 0x1904, 0x1904, 0x1904, 0x1904, 0x1904, 0x1904,
  0x1904, 0x1904, 0x1904, 0x1904, 0x1904, 0x1904, 0x2943, 0xD3C3, 0xE402, 0xC382, 0xE3E2, 0xDBC2,
  0xCBA2, 0xCB82, 0xBB42, 0xBB22, 0xAB02, 0xA2E2, 0xA2E2, 0x9AC2, 0x9281, 0x8A61, 0x8A61, 0x8A61,
  0x7A21, 0xA2C2, 0xF443, 0xB322, 0x69E1, 0x2923, 0x1904, 0x1904, 0x1904, 0x1904, 0x1904, 0x1904,
  0x1904, 0x1904, 0x1904, 0x1904, 0x1904, 0x1904, 0x1904, 0x3163, 0xCBA2, 0xDBE2, 0xCB82, 0xD3A2,
  0xC362, 0xBB42, 0xAB02, 0xAB02, 0xAAE2, 0xA2C2, 0x9AA1, 0x9281, 0x8A61, 0x7A21, 0x7201, 0x7A21,
  0xBB42, 0xEC03, 0xAB02, 0x6A01, 0x2943, 0x1904, 0x1904, 0x1904, 0x1904, 0x1904, 0x1904, 0x1904,
  0x1904, 0x1904, 0x1904, 0x1904, 0x1904, 0x1904, 0x1904, 0x1904, 0x2943, 0xA2E2, 0xCB82, 0xC362,
  0xC382, 0xC342, 0xAB02, 0x9AC2, 0x92A1, 0x8A81, 0x8261, 0x8241, 0x8241, 0x9281, 0xBB42, 0xE402,
  0xCB82, 0x8A61, 0x59C2, 0x2123, 0x1904, 0x1904, 0x1904, 0x1904, 0x1904, 0x1904, 0x1904, 0x1904,
  0x1904, 0x1904, 0x1904, 0x1904, 0x1904, 0x1904, 0x1904, 0x1904, 0x1904, 0x1904, 0x6203, 0xA2E2,
  0xBB42, 0xC362, 0xCB82, 0xCB82, 0xCB82, 0xC382, 0xCB82, 0xD3C2, 0xE3E2, 0xEC02, 0xD3A2, 0x9AA1,
  0x61C1, 0x4162, 0x1904, 0x1904, 0x1904, 0x1904, 0x1904, 0x1904, 0x1904, 0x1904, 0x1904, 0x1904,
  0x1904, 0x1904, 0x1904, 0x1904, 0x1904, 0x1904, 0x1904, 0x1904, 0x1904, 0x1904, 0x1904, 0x2123,
  0x59E3, 0x8A82, 0xA2E2, 0xB322, 0xBB42, 0xBB42, 0xBB42, 0xB322, 0x9AC2, 0x8241, 0x61C1, 0x4182,
  0x2123, 0x1904, 0x1904, 0x1904, 0x1904, 0x1904, 0x1904, 0x1904, 0x1904, 0x1904, 0x1904, 0x1904,
  0x1904, 0x1904, 0x1904, 0x1904, 0x1904, 0x1904, 0x1904, 0x1904, 0x1904, 0x1904, 0x1904, 0x1904,
  0x1904, 0x1904, 0x3143, 0x49A3, 0x59C2, 0x59C2, 0x51C2, 0x4982, 0x3963, 0x2923, 0x1904, 0x1904,
  0x1904, 0x1904, 0x1904, 0x1904, 0x1904, 0x1904, 0x1904, 0x1904, 0x1904, 0x1904, 0x1904, 0x1904,
  0x1904, 0x1904, 0x1904, 0x1904, 0x1904, 0x1904, 0x1904, 0x1904, 0x1904, 0x1904, 0x1904, 0x1904,
  0x1904, 0x1904, 0x1904, 0x1904, 0x1904, 0x1904, 0x1904, 0x1904, 0x1904, 0x1904, 0x1904, 0x1904,
  0x1904, 0x1904, 0x1904, 0x1904, 0x1904, 0x1904, 0x1904, 0x1904, 0x1904, 0x1904, 0x1904, 0x1904,
  0x1904, 0x1904, 0x1904, 0x1904, 0x1904, 0x1904, 0x1904, 0x1904, 0x1904, 0x1904, 0x1904, 0x1904,
  0x1904, 0x1904, 0x1904, 0x1904, 0x1904, 0x1904, 0x1904, 0x1904, 0x1904, 0x1904, 0x1904, 0x1904,
  0x1904, 0x1904, 0x1904, 0x1904, 0x1904, 0x1904, 0x1904, 0x1904, 0x1904, 0x1904, 0x1904, 0x1904,
  0x1904, 0x1904, 0x1904, 0x1904, 0x1904, 0x1904, 0x1904, 0x1904, 0x1904, 0x1904, 0x1904, 0x1904,
  0x1904, 0x1904, 0x1904, 0x1904, 0x1904, 0x1904, 0x1904, 0x1904, 0x1904, 0x1904, 0x1904, 0x1904,
  0x1904, 0x1904, 0x1904, 0x1904, 0x1904, 0x1904, 0x1904, 0x1904, 0x1904, 0x1904, 0x1904, 0x1904,
};

// icon_words12_orange 36x36
const uint16_t icon_words12_orange_w = 36;
const uint16_t icon_words12_orange_h = 36;
const unsigned short icon_words12_orange[1296] PROGMEM = {
  0x1904, 0x1904, 0x1904, 0x1904, 0x1904, 0x1904, 0x1904, 0x1904, 0x1904, 0x1904, 0x1904, 0x1904,
  0x1904, 0x1904, 0x1904, 0x1904, 0x1904, 0x1904, 0x1904, 0x1904, 0x1904, 0x1904, 0x1904, 0x1904,
  0x1904, 0x1904, 0x1904, 0x1904, 0x1904, 0x1904, 0x1904, 0x1904, 0x1904, 0x1904, 0x1904, 0x1904,
  0x1904, 0x1904, 0x1904, 0x1904, 0x1904, 0x1904, 0x1904, 0x1904, 0x1904, 0x1904, 0x1904, 0x1904,
  0x1904, 0x1904, 0x1904, 0x1904, 0x1904, 0x1904, 0x1904, 0x1904, 0x1904, 0x1904, 0x1904, 0x1904,
  0x1904, 0x1904, 0x1904, 0x1904, 0x1904, 0x1904, 0x1904, 0x1904, 0x1904, 0x1904, 0x1904, 0x1904,
  0x1904, 0x1904, 0x1904, 0x1904, 0x1904, 0x1904, 0xFD00, 0xFD00, 0xFD00, 0xFD00, 0xFD00, 0xFD00,
  0xFD00, 0xFD00, 0xFD00, 0xFD00, 0xFD00, 0xFD00, 0xFD00, 0xFD00, 0xFD00, 0xFD00, 0xFD00, 0xFD00,
  0xFD00, 0xFD00, 0xFD00, 0xFD00, 0xFD00, 0xFD00, 0x1904, 0x1904, 0x1904, 0x1904, 0x1904, 0x1904,
  0x1904, 0x1904, 0x1904, 0x1904, 0x1904, 0xFD00, 0xFD00, 0xFD00, 0xFD00, 0xFD00, 0xFD00, 0xFD00,
  0xFD00, 0xFD00, 0xFD00, 0xFD00, 0xFD00, 0xFD00, 0xFD00, 0xFD00, 0xFD00, 0xFD00, 0xFD00, 0xFD00,
  0xFD00, 0xFD00, 0xFD00, 0xFD00, 0xFD00, 0xFD00, 0xFD00, 0x1904, 0x1904, 0x1904, 0x1904, 0x1904,
  0x1904, 0x1904, 0x1904, 0x1904, 0xFD00, 0xFD00, 0x20C1, 0x20C1, 0x20C1, 0x20C1, 0x20C1, 0x20C1,
  0x20C1, 0x20C1, 0x20C1, 0x20C1, 0x20C1, 0x20C1, 0x20C1, 0x20C1, 0x20C1, 0x20C1, 0x20C1, 0x20C1,
  0x20C1, 0x20C1, 0x20C1, 0x20C1, 0x20C1, 0x20C1, 0xFD00, 0xFD00, 0x1904, 0x1904, 0x1904, 0x1904,
  0x1904, 0x1904, 0x1904, 0xFD00, 0xFD00, 0x20C1, 0x20C1, 0x20C1, 0x20C1, 0x20C1, 0x20C1, 0x20C1,
  0x20C1, 0x20C1, 0x20C1, 0x20C1, 0x20C1, 0x20C1, 0x20C1, 0x20C1, 0x20C1, 0x20C1, 0x20C1, 0x20C1,
  0x20C1, 0x20C1, 0x20C1, 0x20C1, 0x20C1, 0x20C1, 0x20C1, 0xFD00, 0xFD00, 0x1904, 0x1904, 0x1904,
  0x1904, 0x1904, 0xFD00, 0xFD00, 0x20C1, 0x20C1, 0x20C1, 0x20C1, 0x20C1, 0x20C1, 0x20C1, 0x20C1,
  0x20C1, 0x20C1, 0x20C1, 0x20C1, 0x20C1, 0x20C1, 0x20C1, 0x20C1, 0x20C1, 0x20C1, 0x20C1, 0x20C1,
  0x20C1, 0x20C1, 0x20C1, 0x20C1, 0x20C1, 0x20C1, 0x20C1, 0x20C1, 0xFD00, 0xFD00, 0x1904, 0x1904,
  0x1904, 0x1904, 0xFD00, 0xFD00, 0x20C1, 0x20C1, 0x20C1, 0x20C1, 0x20C1, 0x20C1, 0x20C1, 0x20C1,
  0x20C1, 0x20C1, 0x20C1, 0x20C1, 0x20C1, 0x20C1, 0x20C1, 0x20C1, 0x20C1, 0x20C1, 0x20C1, 0x20C1,
  0x20C1, 0x20C1, 0x20C1, 0x20C1, 0x20C1, 0x20C1, 0x20C1, 0x20C1, 0xFD00, 0xFD00, 0x1904, 0x1904,
  0x1904, 0x1904, 0xFD00, 0xFD00, 0x20C1, 0x20C1, 0x20C1, 0x20C1, 0x20C1, 0x20C1, 0x20C1, 0x20C1,
  0x20C1, 0x20C1, 0x20C1, 0x20C1, 0x20C1, 0x20C1, 0x20C1, 0x20C1, 0x20C1, 0x20C1, 0x20C1, 0x20C1,
  0x20C1, 0x20C1, 0x20C1, 0x20C1, 0x20C1, 0x20C1, 0x20C1, 0x20C1, 0xFD00, 0xFD00, 0x1904, 0x1904,
  0x1904, 0x1904, 0xFD00, 0xFD00, 0x20C1, 0x20C1, 0x20C1, 0x20C1, 0x20C1, 0x20C1, 0x20C1, 0x20C1,
  0x20C1, 0x20C1, 0x20C1, 0x20C1, 0x20C1, 0x20C1, 0x20C1, 0x20C1, 0x20C1, 0x20C1, 0x20C1, 0x20C1,
  0x20C1, 0x20C1, 0x20C1, 0x20C1, 0x20C1, 0x20C1, 0x20C1, 0x20C1, 0xFD00, 0xFD00, 0x1904, 0x1904,
  0x1904, 0x1904, 0xFD00, 0xFD00, 0x20C1, 0x20C1, 0x20C1, 0x20C1, 0x20C1, 0x20C1, 0x20C1, 0x20C1,
  0x20C1, 0x20C1, 0x20C1, 0x20C1, 0x20C1, 0x20C1, 0x20C1, 0x20C1, 0x20C1, 0x20C1, 0x20C1, 0x20C1,
  0x20C1, 0x20C1, 0x20C1, 0x20C1, 0x20C1, 0x20C1, 0x20C1, 0x20C1, 0xFD00, 0xFD00, 0x1904, 0x1904,
  0x1904, 0x1904, 0xFD00, 0xFD00, 0x20C1, 0x20C1, 0x20C1, 0x20C1, 0x20C1, 0x20C1, 0x20C1, 0x20C1,
  0x20C1, 0x20C1, 0x20C1, 0x20C1, 0x20C1, 0x20C1, 0x20C1, 0x20C1, 0x20C1, 0x20C1, 0x20C1, 0x20C1,
  0x20C1, 0x20C1, 0x20C1, 0x20C1, 0x20C1, 0x20C1, 0x20C1, 0x20C1, 0xFD00, 0xFD00, 0x1904, 0x1904,
  0x1904, 0x1904, 0xFD00, 0xFD00, 0x20C1, 0x20C1, 0x20C1, 0x20C1, 0x20C1, 0x20C1, 0x20C1, 0x20C1,
  0x20C1, 0x20C1, 0x20C1, 0x20C1, 0x20C1, 0x20C1, 0x20C1, 0x20C1, 0x20C1, 0x20C1, 0x20C1, 0x20C1,
  0x20C1, 0x20C1, 0x20C1, 0x20C1, 0x20C1, 0x20C1, 0x20C1, 0x20C1, 0xFD00, 0xFD00, 0x1904, 0x1904,
  0x1904, 0x1904, 0xFD00, 0xFD00, 0x20C1, 0x20C1, 0x20C1, 0x20C1, 0x20C1, 0x20C1, 0x20C1, 0x20C1,
  0x20C1, 0x20C1, 0x20C1, 0x20C1, 0x20C1, 0x20C1, 0x20C1, 0x20C1, 0x20C1, 0x20C1, 0x20C1, 0x20C1,
  0x20C1, 0x20C1, 0x20C1, 0x20C1, 0x20C1, 0x20C1, 0x20C1, 0x20C1, 0xFD00, 0xFD00, 0x1904, 0x1904,
  0x1904, 0x1904, 0xFD00, 0xFD00, 0x20C1, 0x20C1, 0x20C1, 0x20C1, 0x20C1, 0x20C1, 0x20C1, 0x20C1,
  0x20C1, 0x8B23, 0xFDC5, 0xBC23, 0x20C1, 0x20C1, 0x20C1, 0x20C1, 0x7AC2, 0xD4C4, 0xF584, 0xE524,
  0xABE3, 0x3941, 0x20C1, 0x20C1, 0x20C1, 0x20C1, 0x20C1, 0x20C1, 0xFD00, 0xFD00, 0x1904, 0x1904,
  0x1904, 0x1904, 0xFD00, 0xFD00, 0x20C1, 0x20C1, 0x20C1, 0x20C1, 0x20C1, 0x20C1, 0x20C1, 0x20C1,
  0x6242, 0xFDA4, 0xFDC5, 0xBC23, 0x20C1, 0x20C1, 0x20C1, 0x9B63, 0xFDC5, 0xFDC5, 0xFDC5, 0xFDC5,
  0xFDC5, 0xED44, 0x3121, 0x20C1, 0x20C1, 0x20C1, 0x20C1, 0x20C1, 0xFD00, 0xFD00, 0x1904, 0x1904,
  0x1904, 0x1904, 0xFD00, 0xFD00, 0x20C1, 0x20C1, 0x20C1, 0x20C1, 0x20C1, 0x20C1, 0x3941, 0xA3A3,
  0xFDC5, 0xFDC5, 0xFDC5, 0xBC23, 0x20C1, 0x20C1, 0x2901, 0xFDA4, 0xFDC5, 0xA3A3, 0x2901, 0x51E2,
  0xF584, 0xFDC5, 0x8B03, 0x20C1, 0x20C1, 0x20C1, 0x20C1, 0x20C1, 0xFD00, 0xFD00, 0x1904, 0x1904,
  0x1904, 0x1904, 0xFD00, 0xFD00, 0x20C1, 0x20C1, 0x20C1, 0x20C1, 0x20C1, 0x20C1, 0xB403, 0xFDC5,
  0xE524, 0xD4C4, 0xFDC5, 0xBC23, 0x20C1, 0x20C1, 0x49A1, 0xDCE4, 0xF584, 0x3941, 0x20C1, 0x20C1,
  0xCCA4, 0xFDC5, 0xA3A3, 0x20C1, 0x20C1, 0x20C1, 0x20C1, 0x20C1, 0xFD00, 0xFD00, 0x1904, 0x1904,
  0x1904, 0x1904, 0xFD00, 0xFD00, 0x20C1, 0x20C1, 0x20C1, 0x20C1, 0x20C1, 0x20C1, 0x9B83, 0x9343,
  0x2901, 0xB403, 0xFDC5, 0xBC23, 0x20C1, 0x20C1, 0x20C1, 0x20C1, 0x20C1, 0x20C1, 0x20C1, 0x2901,
  0xF564, 0xFDC5, 0x7AE2, 0x20C1, 0x20C1, 0x20C1, 0x20C1, 0x20C1, 0xFD00, 0xFD00, 0x1904, 0x1904,
  0x1904, 0x1904, 0xFD00, 0xFD00, 0x20C1, 0x20C1, 0x20C1, 0x20C1, 0x20C1, 0x20C1, 0x20C1, 0x20C1,
  0x20C1, 0xB403, 0xFDC5, 0xBC23, 0x20C1, 0x20C1, 0x20C1, 0x20C1, 0x20C1, 0x20C1, 0x20E1, 0xBC23,
  0xFDC5, 0xF564, 0x3121, 0x20C1, 0x20C1, 0x20C1, 0x20C1, 0x20C1, 0xFD00, 0xFD00, 0x1904, 0x1904,
  0x1904, 0x1904, 0xFD00, 0xFD00, 0x20C1, 0x20C1, 0x20C1, 0x20C1, 0x20C1, 0x20C1, 0x20C1, 0x20C1,
  0x20C1, 0xB403, 0xFDC5, 0xBC23, 0x20C1, 0x20C1, 0x20C1, 0x20C1, 0x20C1, 0x28E1, 0xBC23, 0xFDC5,
  0xFDC5, 0x6A62, 0x20C1, 0x20C1, 0x20C1, 0x20C1, 0x20C1, 0x20C1, 0xFD00, 0xFD00, 0x1904, 0x1904,
  0x1904, 0x1904, 0xFD00, 0xFD00, 0x20C1, 0x20C1, 0x20C1, 0x20C1, 0x20C1, 0x20C1, 0x20C1, 0x20C1,
  0x20C1, 0xB403, 0xFDC5, 0xBC23, 0x20C1, 0x20C1, 0x20C1, 0x20C1, 0x2901, 0xC484, 0xFDC5, 0xFDC5,
  0x7AA2, 0x20C1, 0x20C1, 0x20C1, 0x20C1, 0x20C1, 0x20C1, 0x20C1, 0xFD00, 0xFD00, 0x1904, 0x1904,
  0x1904, 0x1904, 0xFD00, 0xFD00, 0x20C1, 0x20C1, 0x20C1, 0x20C1, 0x20C1, 0x20C1, 0x20C1, 0x20C1,
  0x20C1, 0xB403, 0xFDC5, 0xBC23, 0x20C1, 0x20C1, 0x20C1, 0x28E1, 0xCC84, 0xFDC5, 0xFDA4, 0x6A82,
  0x20C1, 0x20C1, 0x20C1, 0x20C1, 0x20C1, 0x20C1, 0x20C1, 0x20C1, 0xFD00, 0xFD00, 0x1904, 0x1904,
  0x1904, 0x1904, 0xFD00, 0xFD00, 0x20C1, 0x20C1, 0x20C1, 0x20C1, 0x20C1, 0x20C1, 0x20C1, 0x20C1,
  0x20C1, 0xB403, 0xFDC5, 0xBC23, 0x20C1, 0x20C1, 0x20C1, 0xA3C3, 0xFDC5, 0xFDC5, 0x7282, 0x20C1,
  0x20C1, 0x20C1, 0x20C1, 0x20C1, 0x20C1, 0x20C1, 0x20C1, 0x20C1, 0xFD00, 0xFD00, 0x1904, 0x1904,
  0x1904, 0x1904, 0xFD00, 0xFD00, 0x20C1, 0x20C1, 0x20C1, 0x20C1, 0x20C1, 0x20C1, 0x20C1, 0x20C1,
  0x20C1, 0xB403, 0xFDC5, 0xBC23, 0x20C1, 0x20C1, 0x4181, 0xFDC5, 0xFDC5, 0xFDC5, 0xFDC5, 0xFDC5,
  0xFDC5, 0xFDC5, 0xA3C3, 0x20C1, 0x20C1, 0x20C1, 0x20C1, 0x20C1, 0xFD00, 0xFD00, 0x1904, 0x1904,
  0x1904, 0x1904, 0xFD00, 0xFD00, 0x20C1, 0x20C1, 0x20C1, 0x20C1, 0x20C1, 0x20C1, 0x20C1, 0x20C1,
  0x20C1, 0xB403, 0xFDC5, 0xBC23, 0x20C1, 0x20C1, 0x8B03, 0xFDC5, 0xFDC5, 0xFDC5, 0xFDC5, 0xFDC5,
  0xFDC5, 0xFDC5, 0xA3C3, 0x20C1, 0x20C1, 0x20C1, 0x20C1, 0x20C1, 0xFD00, 0xFD00, 0x1904, 0x1904,
  0x1904, 0x1904, 0xFD00, 0xFD00, 0x20C1, 0x20C1, 0x20C1, 0x20C1, 0x20C1, 0x20C1, 0x20C1, 0x20C1,
  0x20C1, 0x20C1, 0x20C1, 0x20C1, 0x20C1, 0x20C1, 0x20C1, 0x20C1, 0x20C1, 0x20C1, 0x20C1, 0x20C1,
  0x20C1, 0x20C1, 0x20C1, 0x20C1, 0x20C1, 0x20C1, 0x20C1, 0x20C1, 0xFD00, 0xFD00, 0x1904, 0x1904,
  0x1904, 0x1904, 0xFD00, 0xFD00, 0x20C1, 0x20C1, 0x20C1, 0x20C1, 0x20C1, 0x20C1, 0x20C1, 0x20C1,
  0x20C1, 0x20C1, 0x20C1, 0x20C1, 0x20C1, 0x20C1, 0x20C1, 0x20C1, 0x20C1, 0x20C1, 0x20C1, 0x20C1,
  0x20C1, 0x20C1, 0x20C1, 0x20C1, 0x20C1, 0x20C1, 0x20C1, 0x20C1, 0xFD00, 0xFD00, 0x1904, 0x1904,
  0x1904, 0x1904, 0xFD00, 0xFD00, 0x20C1, 0x20C1, 0x20C1, 0x20C1, 0x20C1, 0x20C1, 0x20C1, 0x20C1,
  0x20C1, 0x20C1, 0x20C1, 0x20C1, 0x20C1, 0x20C1, 0x20C1, 0x20C1, 0x20C1, 0x20C1, 0x20C1, 0x20C1,
  0x20C1, 0x20C1, 0x20C1, 0x20C1, 0x20C1, 0x20C1, 0x20C1, 0x20C1, 0xFD00, 0xFD00, 0x1904, 0x1904,
  0x1904, 0x1904, 0xFD00, 0xFD00, 0x20C1, 0x20C1, 0x20C1, 0x20C1, 0x20C1, 0x20C1, 0x20C1, 0x20C1,
  0x20C1, 0x20C1, 0x20C1, 0x20C1, 0x20C1, 0x20C1, 0x20C1, 0x20C1, 0x20C1, 0x20C1, 0x20C1, 0x20C1,
  0x20C1, 0x20C1, 0x20C1, 0x20C1, 0x20C1, 0x20C1, 0x20C1, 0x20C1, 0xFD00, 0xFD00, 0x1904, 0x1904,
  0x1904, 0x1904, 0x1904, 0xFD00, 0xFD00, 0x20C1, 0x20C1, 0x20C1, 0x20C1, 0x20C1, 0x20C1, 0x20C1,
  0x20C1, 0x20C1, 0x20C1, 0x20C1, 0x20C1, 0x20C1, 0x20C1, 0x20C1, 0x20C1, 0x20C1, 0x20C1, 0x20C1,
  0x20C1, 0x20C1, 0x20C1, 0x20C1, 0x20C1, 0x20C1, 0x20C1, 0xFD00, 0xFD00, 0x1904, 0x1904, 0x1904,
  0x1904, 0x1904, 0x1904, 0x1904, 0xFD00, 0xFD00, 0x20C1, 0x20C1, 0x20C1, 0x20C1, 0x20C1, 0x20C1,
  0x20C1, 0x20C1, 0x20C1, 0x20C1, 0x20C1, 0x20C1, 0x20C1, 0x20C1, 0x20C1, 0x20C1, 0x20C1, 0x20C1,
  0x20C1, 0x20C1, 0x20C1, 0x20C1, 0x20C1, 0x20C1, 0xFD00, 0xFD00, 0x1904, 0x1904, 0x1904, 0x1904,
  0x1904, 0x1904, 0x1904, 0x1904, 0x1904, 0xFD00, 0xFD00, 0xFD00, 0xFD00, 0xFD00, 0xFD00, 0xFD00,
  0xFD00, 0xFD00, 0xFD00, 0xFD00, 0xFD00, 0xFD00, 0xFD00, 0xFD00, 0xFD00, 0xFD00, 0xFD00, 0xFD00,
  0xFD00, 0xFD00, 0xFD00, 0xFD00, 0xFD00, 0xFD00, 0xFD00, 0x1904, 0x1904, 0x1904, 0x1904, 0x1904,
  0x1904, 0x1904, 0x1904, 0x1904, 0x1904, 0x1904, 0xFD00, 0xFD00, 0xFD00, 0xFD00, 0xFD00, 0xFD00,
  0xFD00, 0xFD00, 0xFD00, 0xFD00, 0xFD00, 0xFD00, 0xFD00, 0xFD00, 0xFD00, 0xFD00, 0xFD00, 0xFD00,
  0xFD00, 0xFD00, 0xFD00, 0xFD00, 0xFD00, 0xFD00, 0x1904, 0x1904, 0x1904, 0x1904, 0x1904, 0x1904,
  0x1904, 0x1904, 0x1904, 0x1904, 0x1904, 0x1904, 0x1904, 0x1904, 0x1904, 0x1904, 0x1904, 0x1904,
  0x1904, 0x1904, 0x1904, 0x1904, 0x1904, 0x1904, 0x1904, 0x1904, 0x1904, 0x1904, 0x1904, 0x1904,
  0x1904, 0x1904, 0x1904, 0x1904, 0x1904, 0x1904, 0x1904, 0x1904, 0x1904, 0x1904, 0x1904, 0x1904,
  0x1904, 0x1904, 0x1904, 0x1904, 0x1904, 0x1904, 0x1904, 0x1904, 0x1904, 0x1904, 0x1904, 0x1904,
  0x1904, 0x1904, 0x1904, 0x1904, 0x1904, 0x1904, 0x1904, 0x1904, 0x1904, 0x1904, 0x1904, 0x1904,
  0x1904, 0x1904, 0x1904, 0x1904, 0x1904, 0x1904, 0x1904, 0x1904, 0x1904, 0x1904, 0x1904, 0x1904,
};

// icon_words12_dim 36x36
const uint16_t icon_words12_dim_w = 36;
const uint16_t icon_words12_dim_h = 36;
const unsigned short icon_words12_dim[1296] PROGMEM = {
  0x10C3, 0x10C3, 0x10C3, 0x10C3, 0x10C3, 0x10C3, 0x10C3, 0x10C3, 0x10C3, 0x10C3, 0x10C3, 0x10C3,
  0x10C3, 0x10C3, 0x10C3, 0x10C3, 0x10C3, 0x10C3, 0x10C3, 0x10C3, 0x10C3, 0x10C3, 0x10C3, 0x10C3,
  0x10C3, 0x10C3, 0x10C3, 0x10C3, 0x10C3, 0x10C3, 0x10C3, 0x10C3, 0x10C3, 0x10C3, 0x10C3, 0x10C3,
  0x10C3, 0x10C3, 0x10C3, 0x10C3, 0x10C3, 0x10C3, 0x10C3, 0x10C3, 0x10C3, 0x10C3, 0x10C3, 0x10C3,
  0x10C3, 0x10C3, 0x10C3, 0x10C3, 0x10C3, 0x10C3, 0x10C3, 0x10C3, 0x10C3, 0x10C3, 0x10C3, 0x10C3,
  0x10C3, 0x10C3, 0x10C3, 0x10C3, 0x10C3, 0x10C3, 0x10C3, 0x10C3, 0x10C3, 0x10C3, 0x10C3, 0x10C3,
  0x10C3, 0x10C3, 0x10C3, 0x10C3, 0x10C3, 0x10C3, 0x3A09, 0x3A09, 0x3A09, 0x3A09, 0x3A09, 0x3A09,
  0x3A09, 0x3A09, 0x3A09, 0x3A09, 0x3A09, 0x3A09, 0x3A09, 0x3A09, 0x3A09, 0x3A09, 0x3A09, 0x3A09,
  0x3A09, 0x3A09, 0x3A09, 0x3A09, 0x3A09, 0x3A09, 0x10C3, 0x10C3, 0x10C3, 0x10C3, 0x10C3, 0x10C3,
  0x10C3, 0x10C3, 0x10C3, 0x10C3, 0x10C3, 0x3A09, 0x3A09, 0x3A09, 0x3A09, 0x3A09, 0x3A09, 0x3A09,
  0x3A09, 0x3A09, 0x3A09, 0x3A09, 0x3A09, 0x3A09, 0x3A09, 0x3A09, 0x3A09, 0x3A09, 0x3A09, 0x3A09,
  0x3A09, 0x3A09, 0x3A09, 0x3A09, 0x3A09, 0x3A09, 0x3A09, 0x10C3, 0x10C3, 0x10C3, 0x10C3, 0x10C3,
  0x10C3, 0x10C3, 0x10C3, 0x10C3, 0x3A09, 0x3A09, 0x10C4, 0x10C4, 0x10C4, 0x10C4, 0x10C4, 0x10C4,
  0x10C4, 0x10C4, 0x10C4, 0x10C4, 0x10C4, 0x10C4, 0x10C4, 0x10C4, 0x10C4, 0x10C4, 0x10C4, 0x10C4,
  0x10C4, 0x10C4, 0x10C4, 0x10C4, 0x10C4, 0x10C4, 0x3A09, 0x3A09, 0x10C3, 0x10C3, 0x10C3, 0x10C3,
  0x10C3, 0x10C3, 0x10C3, 0x3A09, 0x3A09, 0x10C4, 0x10C4, 0x10C4, 0x10C4, 0x10C4, 0x10C4, 0x10C4,
  0x10C4, 0x10C4, 0x10C4, 0x10C4, 0x10C4, 0x10C4, 0x10C4, 0x10C4, 0x10C4, 0x10C4, 0x10C4, 0x10C4,
  0x10C4, 0x10C4, 0x10C4, 0x10C4, 0x10C4, 0x10C4, 0x10C4, 0x3A09, 0x3A09, 0x10C3, 0x10C3, 0x10C3,
  0x10C3, 0x10C3, 0x3A09, 0x3A09, 0x10C4, 0x10C4, 0x10C4, 0x10C4, 0x10C4, 0x10C4, 0x10C4, 0x10C4,
  0x10C4, 0x10C4, 0x10C4, 0x10C4, 0x10C4, 0x10C4, 0x10C4, 0x10C4, 0x10C4, 0x10C4, 0x10C4, 0x10C4,
  0x10C4, 0x10C4, 0x10C4, 0x10C4, 0x10C4, 0x10C4, 0x10C4, 0x10C4, 0x3A09, 0x3A09, 0x10C3, 0x10C3,
  0x10C3, 0x10C3, 0x3A09, 0x3A09, 0x10C4, 0x10C4, 0x10C4, 0x10C4, 0x10C4, 0x10C4, 0x10C4, 0x10C4,
  0x10C4, 0x10C4, 0x10C4, 0x10C4, 0x10C4, 0x10C4, 0x10C4, 0x10C4, 0x10C4, 0x10C4, 0x10C4, 0x10C4,
  0x10C4, 0x10C4, 0x10C4, 0x10C4, 0x10C4, 0x10C4, 0x10C4, 0x10C4, 0x3A09, 0x3A09, 0x10C3, 0x10C3,
  0x10C3, 0x10C3, 0x3A09, 0x3A09, 0x10C4, 0x10C4, 0x10C4, 0x10C4, 0x10C4, 0x10C4, 0x10C4, 0x10C4,
  0x10C4, 0x10C4, 0x10C4, 0x10C4, 0x10C4, 0x10C4, 0x10C4, 0x10C4, 0x10C4, 0x10C4, 0x10C4, 0x10C4,
  0x10C4, 0x10C4, 0x10C4, 0x10C4, 0x10C4, 0x10C4, 0x10C4, 0x10C4, 0x3A09, 0x3A09, 0x10C3, 0x10C3,
  0x10C3, 0x10C3, 0x3A09, 0x3A09, 0x10C4, 0x10C4, 0x10C4, 0x10C4, 0x10C4, 0x10C4, 0x10C4, 0x10C4,
  0x10C4, 0x10C4, 0x10C4, 0x10C4, 0x10C4, 0x10C4, 0x10C4, 0x10C4, 0x10C4, 0x10C4, 0x10C4, 0x10C4,
  0x10C4, 0x10C4, 0x10C4, 0x10C4, 0x10C4, 0x10C4, 0x10C4, 0x10C4, 0x3A09, 0x3A09, 0x10C3, 0x10C3,
  0x10C3, 0x10C3, 0x3A09, 0x3A09, 0x10C4, 0x10C4, 0x10C4, 0x10C4, 0x10C4, 0x10C4, 0x10C4, 0x10C4,
  0x10C4, 0x10C4, 0x10C4, 0x10C4, 0x10C4, 0x10C4, 0x10C4, 0x10C4, 0x10C4, 0x10C4, 0x10C4, 0x10C4,
  0x10C4, 0x10C4, 0x10C4, 0x10C4, 0x10C4, 0x10C4, 0x10C4, 0x10C4, 0x3A09, 0x3A09, 0x10C3, 0x10C3,
  0x10C3, 0x10C3, 0x3A09, 0x3A09, 0x10C4, 0x10C4, 0x10C4, 0x10C4, 0x10C4, 0x10C4, 0x10C4, 0x10C4,
  0x10C4, 0x10C4, 0x10C4, 0x10C4, 0x10C4, 0x10C4, 0x10C4, 0x10C4, 0x10C4, 0x10C4, 0x10C4, 0x10C4,
  0x10C4, 0x10C4, 0x10C4, 0x10C4, 0x10C4, 0x10C4, 0x10C4, 0x10C4, 0x3A09, 0x3A09, 0x10C3, 0x10C3,
  0x10C3, 0x10C3, 0x3A09, 0x3A09, 0x10C4, 0x10C4, 0x10C4, 0x10C4, 0x10C4, 0x10C4, 0x10C4, 0x10C4,
  0x10C4, 0x10C4, 0x10C4, 0x10C4, 0x10C4, 0x10C4, 0x10C4, 0x10C4, 0x10C4, 0x10C4, 0x10C4, 0x10C4,
  0x10C4, 0x10C4, 0x10C4, 0x10C4, 0x10C4, 0x10C4, 0x10C4, 0x10C4, 0x3A09, 0x3A09, 0x10C3, 0x10C3,
  0x10C3, 0x10C3, 0x3A09, 0x3A09, 0x10C4, 0x10C4, 0x10C4, 0x10C4, 0x10C4, 0x10C4, 0x10C4, 0x10C4,
  0x10C4, 0x10C4, 0x10C4, 0x10C4, 0x10C4, 0x10C4, 0x10C4, 0x10C4, 0x10C4, 0x10C4, 0x10C4, 0x10C4,
  0x10C4, 0x10C4, 0x10C4, 0x10C4, 0x10C4, 0x10C4, 0x10C4, 0x10C4, 0x3A09, 0x3A09, 0x10C3, 0x10C3,
  0x10C3, 0x10C3, 0x3A09, 0x3A09, 0x10C4, 0x10C4, 0x10C4, 0x10C4, 0x10C4, 0x10C4, 0x10C4, 0x10C4,
  0x10C4, 0x73AF, 0xD6BC, 0x9CF4, 0x10C4, 0x10C4, 0x10C4, 0x10C4, 0x632D, 0xAD97, 0xCE7B, 0xBE19,
  0x8C93, 0x2966, 0x10C4, 0x10C4, 0x10C4, 0x10C4, 0x10C4, 0x10C4, 0x3A09, 0x3A09, 0x10C3, 0x10C3,
  0x10C3, 0x10C3, 0x3A09, 0x3A09, 0x10C4, 0x10C4, 0x10C4, 0x10C4, 0x10C4, 0x10C4, 0x10C4, 0x10C4,
  0x52AB, 0xCE9B, 0xD6BC, 0x9CF4, 0x10C4, 0x10C4, 0x10C4, 0x7BF0, 0xD6BC, 0xD6BC, 0xD6BC, 0xD6BC,
  0xD6BC, 0xC639, 0x2146, 0x10C4, 0x10C4, 0x10C4, 0x10C4, 0x10C4, 0x3A09, 0x3A09, 0x10C3, 0x10C3,
  0x10C3, 0x10C3, 0x3A09, 0x3A09, 0x10C4, 0x10C4, 0x10C4, 0x10C4, 0x10C4, 0x10C4, 0x2966, 0x8432,
  0xD6BC, 0xD6BC, 0xD6BC, 0x9CF4, 0x10C4, 0x10C4, 0x2125, 0xCE9B, 0xD6BC, 0x8452, 0x1905, 0x4229,
  0xCE9B, 0xD6BC, 0x6B8F, 0x10C4, 0x10C4, 0x10C4, 0x10C4, 0x10C4, 0x3A09, 0x3A09, 0x10C3, 0x10C3,
  0x10C3, 0x10C3, 0x3A09, 0x3A09, 0x10C4, 0x10C4, 0x10C4, 0x10C4, 0x10C4, 0x10C4, 0x94B3, 0xD6BC,
  0xBE19, 0xAD97, 0xD6BC, 0x9CF4, 0x10C4, 0x10C4, 0x39E8, 0xB5D8, 0xCE7A, 0x2966, 0x10C4, 0x10C4,
  0xAD76, 0xD6BC, 0x8431, 0x10C4, 0x10C4, 0x10C4, 0x10C4, 0x10C4, 0x3A09, 0x3A09, 0x10C3, 0x10C3,
  0x10C3, 0x10C3, 0x3A09, 0x3A09, 0x10C4, 0x10C4, 0x10C4, 0x10C4, 0x10C4, 0x10C4, 0x8431, 0x73D0,
  0x2125, 0x8CB3, 0xD6BC, 0x9CF4, 0x10C4, 0x10C4, 0x10C4, 0x10C4, 0x10C4, 0x10C4, 0x10C4, 0x2125,
  0xC65A, 0xD6BC, 0x634E, 0x10C4, 0x10C4, 0x10C4, 0x10C4, 0x10C4, 0x3A09, 0x3A09, 0x10C3, 0x10C3,
  0x10C3, 0x10C3, 0x3A09, 0x3A09, 0x10C4, 0x10C4, 0x10C4, 0x10C4, 0x10C4, 0x10C4, 0x10C4, 0x10C4,
  0x10C4, 0x8CB3, 0xD6BC, 0x9CF4, 0x10C4, 0x10C4, 0x10C4, 0x10C4, 0x10C4, 0x10C4, 0x18E4, 0x94D4,
  0xD6BC, 0xC65A, 0x2125, 0x10C4, 0x10C4, 0x10C4, 0x10C4, 0x10C4, 0x3A09, 0x3A09, 0x10C3, 0x10C3,
  0x10C3, 0x10C3, 0x3A09, 0x3A09, 0x10C4, 0x10C4, 0x10C4, 0x10C4, 0x10C4, 0x10C4, 0x10C4, 0x10C4,
  0x10C4, 0x8CB3, 0xD6BC, 0x9CF4, 0x10C4, 0x10C4, 0x10C4, 0x10C4, 0x10C4, 0x18E4, 0x9CF4, 0xD6BC,
  0xD6BC, 0x52AB, 0x10C4, 0x10C4, 0x10C4, 0x10C4, 0x10C4, 0x10C4, 0x3A09, 0x3A09, 0x10C3, 0x10C3,
  0x10C3, 0x10C3, 0x3A09, 0x3A09, 0x10C4, 0x10C4, 0x10C4, 0x10C4, 0x10C4, 0x10C4, 0x10C4, 0x10C4,
  0x10C4, 0x8CB3, 0xD6BC, 0x9CF4, 0x10C4, 0x10C4, 0x10C4, 0x10C4, 0x1905, 0xA535, 0xD6BC, 0xD6BB,
  0x5B0D, 0x10C4, 0x10C4, 0x10C4, 0x10C4, 0x10C4, 0x10C4, 0x10C4, 0x3A09, 0x3A09, 0x10C3, 0x10C3,
  0x10C3, 0x10C3, 0x3A09, 0x3A09, 0x10C4, 0x10C4, 0x10C4, 0x10C4, 0x10C4, 0x10C4, 0x10C4, 0x10C4,
  0x10C4, 0x8CB3, 0xD6BC, 0x9CF4, 0x10C4, 0x10C4, 0x10C4, 0x18E4, 0xA556, 0xD6BC, 0xCE9B, 0x52CC,
  0x10C4, 0x10C4, 0x10C4, 0x10C4, 0x10C4, 0x10C4, 0x10C4, 0x10C4, 0x3A09, 0x3A09, 0x10C3, 0x10C3,
  0x10C3, 0x10C3, 0x3A09, 0x3A09, 0x10C4, 0x10C4, 0x10C4, 0x10C4, 0x10C4, 0x10C4, 0x10C4, 0x10C4,
  0x10C4, 0x8CB3, 0xD6BC, 0x9CF4, 0x10C4, 0x10C4, 0x10C4, 0x8452, 0xD6BC, 0xD6BC, 0x5AEC, 0x10C4,
  0x10C4, 0x10C4, 0x10C4, 0x10C4, 0x10C4, 0x10C4, 0x10C4, 0x10C4, 0x3A09, 0x3A09, 0x10C3, 0x10C3,
  0x10C3, 0x10C3, 0x3A09, 0x3A09, 0x10C4, 0x10C4, 0x10C4, 0x10C4, 0x10C4, 0x10C4, 0x10C4, 0x10C4,
  0x10C4, 0x8CB3, 0xD6BC, 0x9CF4, 0x10C4, 0x10C4, 0x31A7, 0xD6BB, 0xD6BC, 0xD6BC, 0xD6BC, 0xD6BC,
  0xD6BC, 0xD6BC, 0x8452, 0x10C4, 0x10C4, 0x10C4, 0x10C4, 0x10C4, 0x3A09, 0x3A09, 0x10C3, 0x10C3,
  0x10C3, 0x10C3, 0x3A09, 0x3A09, 0x10C4, 0x10C4, 0x10C4, 0x10C4, 0x10C4, 0x10C4, 0x10C4, 0x10C4,
  0x10C4, 0x8CB3, 0xD6BC, 0x9CF4, 0x10C4, 0x10C4, 0x6B8F, 0xD6BC, 0xD6BC, 0xD6BC, 0xD6BC, 0xD6BC,
  0xD6BC, 0xD6BC, 0x8452, 0x10C4, 0x10C4, 0x10C4, 0x10C4, 0x10C4, 0x3A09, 0x3A09, 0x10C3, 0x10C3,
  0x10C3, 0x10C3, 0x3A09, 0x3A09, 0x10C4, 0x10C4, 0x10C4, 0x10C4, 0x10C4, 0x10C4, 0x10C4, 0x10C4,
  0x10C4, 0x10C4, 0x10C4, 0x10C4, 0x10C4, 0x10C4, 0x10C4, 0x10C4, 0x10C4, 0x10C4, 0x10C4, 0x10C4,
  0x10C4, 0x10C4, 0x10C4, 0x10C4, 0x10C4, 0x10C4, 0x10C4, 0x10C4, 0x3A09, 0x3A09, 0x10C3, 0x10C3,
  0x10C3, 0x10C3, 0x3A09, 0x3A09, 0x10C4, 0x10C4, 0x10C4, 0x10C4, 0x10C4, 0x10C4, 0x10C4, 0x10C4,
  0x10C4, 0x10C4, 0x10C4, 0x10C4, 0x10C4, 0x10C4, 0x10C4, 0x10C4, 0x10C4, 0x10C4, 0x10C4, 0x10C4,
  0x10C4, 0x10C4, 0x10C4, 0x10C4, 0x10C4, 0x10C4, 0x10C4, 0x10C4, 0x3A09, 0x3A09, 0x10C3, 0x10C3,
  0x10C3, 0x10C3, 0x3A09, 0x3A09, 0x10C4, 0x10C4, 0x10C4, 0x10C4, 0x10C4, 0x10C4, 0x10C4, 0x10C4,
  0x10C4, 0x10C4, 0x10C4, 0x10C4, 0x10C4, 0x10C4, 0x10C4, 0x10C4, 0x10C4, 0x10C4, 0x10C4, 0x10C4,
  0x10C4, 0x10C4, 0x10C4, 0x10C4, 0x10C4, 0x10C4, 0x10C4, 0x10C4, 0x3A09, 0x3A09, 0x10C3, 0x10C3,
  0x10C3, 0x10C3, 0x3A09, 0x3A09, 0x10C4, 0x10C4, 0x10C4, 0x10C4, 0x10C4, 0x10C4, 0x10C4, 0x10C4,
  0x10C4, 0x10C4, 0x10C4, 0x10C4, 0x10C4, 0x10C4, 0x10C4, 0x10C4, 0x10C4, 0x10C4, 0x10C4, 0x10C4,
  0x10C4, 0x10C4, 0x10C4, 0x10C4, 0x10C4, 0x10C4, 0x10C4, 0x10C4, 0x3A09, 0x3A09, 0x10C3, 0x10C3,
  0x10C3, 0x10C3, 0x10C3, 0x3A09, 0x3A09, 0x10C4, 0x10C4, 0x10C4, 0x10C4, 0x10C4, 0x10C4, 0x10C4,
  0x10C4, 0x10C4, 0x10C4, 0x10C4, 0x10C4, 0x10C4, 0x10C4, 0x10C4, 0x10C4, 0x10C4, 0x10C4, 0x10C4,
  0x10C4, 0x10C4, 0x10C4, 0x10C4, 0x10C4, 0x10C4, 0x10C4, 0x3A09, 0x3A09, 0x10C3, 0x10C3, 0x10C3,
  0x10C3, 0x10C3, 0x10C3, 0x10C3, 0x3A09, 0x3A09, 0x10C4, 0x10C4, 0x10C4, 0x10C4, 0x10C4, 0x10C4,
  0x10C4, 0x10C4, 0x10C4, 0x10C4, 0x10C4, 0x10C4, 0x10C4, 0x10C4, 0x10C4, 0x10C4, 0x10C4, 0x10C4,
  0x10C4, 0x10C4, 0x10C4, 0x10C4, 0x10C4, 0x10C4, 0x3A09, 0x3A09, 0x10C3, 0x10C3, 0x10C3, 0x10C3,
  0x10C3, 0x10C3, 0x10C3, 0x10C3, 0x10C3, 0x3A09, 0x3A09, 0x3A09, 0x3A09, 0x3A09, 0x3A09, 0x3A09,
  0x3A09, 0x3A09, 0x3A09, 0x3A09, 0x3A09, 0x3A09, 0x3A09, 0x3A09, 0x3A09, 0x3A09, 0x3A09, 0x3A09,
  0x3A09, 0x3A09, 0x3A09, 0x3A09, 0x3A09, 0x3A09, 0x3A09, 0x10C3, 0x10C3, 0x10C3, 0x10C3, 0x10C3,
  0x10C3, 0x10C3, 0x10C3, 0x10C3, 0x10C3, 0x10C3, 0x3A09, 0x3A09, 0x3A09, 0x3A09, 0x3A09, 0x3A09,
  0x3A09, 0x3A09, 0x3A09, 0x3A09, 0x3A09, 0x3A09, 0x3A09, 0x3A09, 0x3A09, 0x3A09, 0x3A09, 0x3A09,
  0x3A09, 0x3A09, 0x3A09, 0x3A09, 0x3A09, 0x3A09, 0x10C3, 0x10C3, 0x10C3, 0x10C3, 0x10C3, 0x10C3,
  0x10C3, 0x10C3, 0x10C3, 0x10C3, 0x10C3, 0x10C3, 0x10C3, 0x10C3, 0x10C3, 0x10C3, 0x10C3, 0x10C3,
  0x10C3, 0x10C3, 0x10C3, 0x10C3, 0x10C3, 0x10C3, 0x10C3, 0x10C3, 0x10C3, 0x10C3, 0x10C3, 0x10C3,
  0x10C3, 0x10C3, 0x10C3, 0x10C3, 0x10C3, 0x10C3, 0x10C3, 0x10C3, 0x10C3, 0x10C3, 0x10C3, 0x10C3,
  0x10C3, 0x10C3, 0x10C3, 0x10C3, 0x10C3, 0x10C3, 0x10C3, 0x10C3, 0x10C3, 0x10C3, 0x10C3, 0x10C3,
  0x10C3, 0x10C3, 0x10C3, 0x10C3, 0x10C3, 0x10C3, 0x10C3, 0x10C3, 0x10C3, 0x10C3, 0x10C3, 0x10C3,
  0x10C3, 0x10C3, 0x10C3, 0x10C3, 0x10C3, 0x10C3, 0x10C3, 0x10C3, 0x10C3, 0x10C3, 0x10C3, 0x10C3,
};

// icon_words24_orange 36x36
const uint16_t icon_words24_orange_w = 36;
const uint16_t icon_words24_orange_h = 36;
const unsigned short icon_words24_orange[1296] PROGMEM = {
  0x1904, 0x1904, 0x1904, 0x1904, 0x1904, 0x1904, 0x1904, 0x1904, 0x1904, 0x1904, 0x1904, 0x1904,
  0x1904, 0x1904, 0x1904, 0x1904, 0x1904, 0x1904, 0x1904, 0x1904, 0x1904, 0x1904, 0x1904, 0x1904,
  0x1904, 0x1904, 0x1904, 0x1904, 0x1904, 0x1904, 0x1904, 0x1904, 0x1904, 0x1904, 0x1904, 0x1904,
  0x1904, 0x1904, 0x1904, 0x1904, 0x1904, 0x1904, 0x1904, 0x1904, 0x1904, 0x1904, 0x1904, 0x1904,
  0x1904, 0x1904, 0x1904, 0x1904, 0x1904, 0x1904, 0x1904, 0x1904, 0x1904, 0x1904, 0x1904, 0x1904,
  0x1904, 0x1904, 0x1904, 0x1904, 0x1904, 0x1904, 0x1904, 0x1904, 0x1904, 0x1904, 0x1904, 0x1904,
  0x1904, 0x1904, 0x1904, 0x1904, 0x1904, 0x1904, 0xFD00, 0xFD00, 0xFD00, 0xFD00, 0xFD00, 0xFD00,
  0xFD00, 0xFD00, 0xFD00, 0xFD00, 0xFD00, 0xFD00, 0xFD00, 0xFD00, 0xFD00, 0xFD00, 0xFD00, 0xFD00,
  0xFD00, 0xFD00, 0xFD00, 0xFD00, 0xFD00, 0xFD00, 0x1904, 0x1904, 0x1904, 0x1904, 0x1904, 0x1904,
  0x1904, 0x1904, 0x1904, 0x1904, 0x1904, 0xFD00, 0xFD00, 0xFD00, 0xFD00, 0xFD00, 0xFD00, 0xFD00,
  0xFD00, 0xFD00, 0xFD00, 0xFD00, 0xFD00, 0xFD00, 0xFD00, 0xFD00, 0xFD00, 0xFD00, 0xFD00, 0xFD00,
  0xFD00, 0xFD00, 0xFD00, 0xFD00, 0xFD00, 0xFD00, 0xFD00, 0x1904, 0x1904, 0x1904, 0x1904, 0x1904,
  0x1904, 0x1904, 0x1904, 0x1904, 0xFD00, 0xFD00, 0x20C1, 0x20C1, 0x20C1, 0x20C1, 0x20C1, 0x20C1,
  0x20C1, 0x20C1, 0x20C1, 0x20C1, 0x20C1, 0x20C1, 0x20C1, 0x20C1, 0x20C1, 0x20C1, 0x20C1, 0x20C1,
  0x20C1, 0x20C1, 0x20C1, 0x20C1, 0x20C1, 0x20C1, 0xFD00, 0xFD00, 0x1904, 0x1904, 0x1904, 0x1904,
  0x1904, 0x1904, 0x1904, 0xFD00, 0xFD00, 0x20C1, 0x20C1, 0x20C1, 0x20C1, 0x20C1, 0x20C1, 0x20C1,
  0x20C1, 0x20C1, 0x20C1, 0x20C1, 0x20C1, 0x20C1, 0x20C1, 0x20C1, 0x20C1, 0x20C1, 0x20C1, 0x20C1,
  0x20C1, 0x20C1, 0x20C1, 0x20C1, 0x20C1, 0x20C1, 0x20C1, 0xFD00, 0xFD00, 0x1904, 0x1904, 0x1904,
  0x1904, 0x1904, 0xFD00, 0xFD00, 0x20C1, 0x20C1, 0x20C1, 0x20C1, 0x20C1, 0x20C1, 0x20C1, 0x20C1,
  0x20C1, 0x20C1, 0x20C1, 0x20C1, 0x20C1, 0x20C1, 0x20C1, 0x20C1, 0x20C1, 0x20C1, 0x20C1, 0x20C1,
  0x20C1, 0x20C1, 0x20C1, 0x20C1, 0x20C1, 0x20C1, 0x20C1, 0x20C1, 0xFD00, 0xFD00, 0x1904, 0x1904,
  0x1904, 0x1904, 0xFD00, 0xFD00, 0x20C1, 0x20C1, 0x20C1, 0x20C1, 0x20C1, 0x20C1, 0x20C1, 0x20C1,
  0x20C1, 0x20C1, 0x20C1, 0x20C1, 0x20C1, 0x20C1, 0x20C1, 0x20C1, 0x20C1, 0x20C1, 0x20C1, 0x20C1,
  0x20C1, 0x20C1, 0x20C1, 0x20C1, 0x20C1, 0x20C1, 0x20C1, 0x20C1, 0xFD00, 0xFD00, 0x1904, 0x1904,
  0x1904, 0x1904, 0xFD00, 0xFD00, 0x20C1, 0x20C1, 0x20C1, 0x20C1, 0x20C1, 0x20C1, 0x20C1, 0x20C1,
  0x20C1, 0x20C1, 0x20C1, 0x20C1, 0x20C1, 0x20C1, 0x20C1, 0x20C1, 0x20C1, 0x20C1, 0x20C1, 0x20C1,
  0x20C1, 0x20C1, 0x20C1, 0x20C1, 0x20C1, 0x20C1, 0x20C1, 0x20C1, 0xFD00, 0xFD00, 0x1904, 0x1904,
  0x1904, 0x1904, 0xFD00, 0xFD00, 0x20C1, 0x20C1, 0x20C1, 0x20C1, 0x20C1, 0x20C1, 0x20C1, 0x20C1,
  0x20C1, 0x20C1, 0x20C1, 0x20C1, 0x20C1, 0x20C1, 0x20C1, 0x20C1, 0x20C1, 0x20C1, 0x20C1, 0x20C1,
  0x20C1, 0x20C1, 0x20C1, 0x20C1, 0x20C1, 0x20C1, 0x20C1, 0x20C1, 0xFD00, 0xFD00, 0x1904, 0x1904,
  0x1904, 0x1904, 0xFD00, 0xFD00, 0x20C1, 0x20C1, 0x20C1, 0x20C1, 0x20C1, 0x20C1, 0x20C1, 0x20C1,
  0x20C1, 0x20C1, 0x20C1, 0x20C1, 0x20C1, 0x20C1, 0x20C1, 0x20C1, 0x20C1, 0x20C1, 0x20C1, 0x20C1,
  0x20C1, 0x20C1, 0x20C1, 0x20C1, 0x20C1, 0x20C1, 0x20C1, 0x20C1, 0xFD00, 0xFD00, 0x1904, 0x1904,
  0x1904, 0x1904, 0xFD00, 0xFD00, 0x20C1, 0x20C1, 0x20C1, 0x20C1, 0x20C1, 0x20C1, 0x20C1, 0x20C1,
  0x20C1, 0x20C1, 0x20C1, 0x20C1, 0x20C1, 0x20C1, 0x20C1, 0x20C1, 0x20C1, 0x20C1, 0x20C1, 0x20C1,
  0x20C1, 0x20C1, 0x20C1, 0x20C1, 0x20C1, 0x20C1, 0x20C1, 0x20C1, 0xFD00, 0xFD00, 0x1904, 0x1904,
  0x1904, 0x1904, 0xFD00, 0xFD00, 0x20C1, 0x20C1, 0x20C1, 0x20C1, 0x20C1, 0x20C1, 0x20C1, 0x20C1,
  0x20C1, 0x20C1, 0x20C1, 0x20C1, 0x20C1, 0x20C1, 0x20C1, 0x20C1, 0x20C1, 0x20C1, 0x20C1, 0x20C1,
  0x20C1, 0x20C1, 0x20C1, 0x20C1, 0x20C1, 0x20C1, 0x20C1, 0x20C1, 0xFD00, 0xFD00, 0x1904, 0x1904,
  0x1904, 0x1904, 0xFD00, 0xFD00, 0x20C1, 0x20C1, 0x20C1, 0x20C1, 0x20C1, 0x20C1, 0x20C1, 0x20C1,
  0x20C1, 0x20C1, 0x20C1, 0x20C1, 0x20C1, 0x20C1, 0x20C1, 0x20C1, 0x20C1, 0x20C1, 0x20C1, 0x20C1,
  0x20C1, 0x20C1, 0x20C1, 0x20C1, 0x20C1, 0x20C1, 0x20C1, 0x20C1, 0xFD00, 0xFD00, 0x1904, 0x1904,
  0x1904, 0x1904, 0xFD00, 0xFD00, 0x20C1, 0x20C1, 0x20C1, 0x20C1, 0x20C1, 0x20C1, 0x7AC2, 0xD4C4,
  0xF584, 0xE524, 0xABE3, 0x3941, 0x20C1, 0x20C1, 0x20C1, 0x20C1, 0x20C1, 0x20C1, 0xC464, 0xFDC5,
  0x9B83, 0x20C1, 0x20C1, 0x20C1, 0x20C1, 0x20C1, 0x20C1, 0x20C1, 0xFD00, 0xFD00, 0x1904, 0x1904,
  0x1904, 0x1904, 0xFD00, 0xFD00, 0x20C1, 0x20C1, 0x20C1, 0x20C1, 0x20C1, 0x9B63, 0xFDC5, 0xFDC5,
  0xFDC5, 0xFDC5, 0xFDC5, 0xED44, 0x3121, 0x20C1, 0x20C1, 0x20C1, 0x20C1, 0x7AC2, 0xFDC5, 0xFDC5,
  0x9B83, 0x20C1, 0x20C1, 0x20C1, 0x20C1, 0x20C1, 0x20C1, 0x20C1, 0xFD00, 0xFD00, 0x1904, 0x1904,
  0x1904, 0x1904, 0xFD00, 0xFD00, 0x20C1, 0x20C1, 0x20C1, 0x20C1, 0x2901, 0xFDA4, 0xFDC5, 0xA3A3,
  0x2901, 0x51E2, 0xF584, 0xFDC5, 0x8B03, 0x20C1, 0x20C1, 0x20C1, 0x3941, 0xF584, 0xFDC5, 0xFDC5,
  0x9B83, 0x20C1, 0x20C1, 0x20C1, 0x20C1, 0x20C1, 0x20C1, 0x20C1, 0xFD00, 0xFD00, 0x1904, 0x1904,
  0x1904, 0x1904, 0xFD00, 0xFD00, 0x20C1, 0x20C1, 0x20C1, 0x20C1, 0x49A1, 0xDCE4, 0xF584, 0x3941,
  0x20C1, 0x20C1, 0xCCA4, 0xFDC5, 0xA3A3, 0x20C1, 0x20C1, 0x20C1, 0xC443, 0xFDC5, 0xFDA4, 0xFDC5,
  0x9B83, 0x20C1, 0x20C1, 0x20C1, 0x20C1, 0x20C1, 0x20C1, 0x20C1, 0xFD00, 0xFD00, 0x1904, 0x1904,
  0x1904, 0x1904, 0xFD00, 0xFD00, 0x20C1, 0x20C1, 0x20C1, 0x20C1, 0x20C1, 0x20C1, 0x20C1, 0x20C1,
  0x20C1, 0x2901, 0xF564, 0xFDC5, 0x7AE2, 0x20C1, 0x20C1, 0x72A2, 0xFDC5, 0xD4C4, 0xC464, 0xFDC5,
  0x9B83, 0x20C1, 0x20C1, 0x20C1, 0x20C1, 0x20C1, 0x20C1, 0x20C1, 0xFD00, 0xFD00, 0x1904, 0x1904,
  0x1904, 0x1904, 0xFD00, 0xFD00, 0x20C1, 0x20C1, 0x20C1, 0x20C1, 0x20C1, 0x20C1, 0x20C1, 0x20C1,
  0x20E1, 0xBC23, 0xFDC5, 0xF564, 0x3121, 0x20C1, 0x3941, 0xF564, 0xFDA4, 0x49A1, 0xBC43, 0xFDC5,
  0x9B83, 0x20C1, 0x20C1, 0x20C1, 0x20C1, 0x20C1, 0x20C1, 0x20C1, 0xFD00, 0xFD00, 0x1904, 0x1904,
  0x1904, 0x1904, 0xFD00, 0xFD00, 0x20C1, 0x20C1, 0x20C1, 0x20C1, 0x20C1, 0x20C1, 0x20C1, 0x28E1,
  0xBC23, 0xFDC5, 0xFDC5, 0x6A62, 0x20C1, 0x20C1, 0xBC23, 0xFDC5, 0x8B23, 0x20C1, 0xBC43, 0xFDC5,
  0x9B83, 0x20C1, 0x20C1, 0x20C1, 0x20C1, 0x20C1, 0x20C1, 0x20C1, 0xFD00, 0xFD00, 0x1904, 0x1904,
  0x1904, 0x1904, 0xFD00, 0xFD00, 0x20C1, 0x20C1, 0x20C1, 0x20C1, 0x20C1, 0x20C1, 0x2901, 0xC484,
  0xFDC5, 0xFDC5, 0x7AA2, 0x20C1, 0x20C1, 0x7282, 0xFDC5, 0xD4C4, 0x20E1, 0x20C1, 0xBC43, 0xFDC5,
  0x9B83, 0x20C1, 0x20C1, 0x20C1, 0x20C1, 0x20C1, 0x20C1, 0x20C1, 0xFD00, 0xFD00, 0x1904, 0x1904,
  0x1904, 0x1904, 0xFD00, 0xFD00, 0x20C1, 0x20C1, 0x20C1, 0x20C1, 0x20C1, 0x28E1, 0xCC84, 0xFDC5,
  0xFDA4, 0x6A82, 0x20C1, 0x20C1, 0x20C1, 0xBC23, 0xFDC5, 0xFDC5, 0xFDC5, 0xFDC5, 0xFDC5, 0xFDC5,
  0xFDC5, 0xFDC5, 0x3101, 0x20C1, 0x20C1, 0x20C1, 0x20C1, 0x20C1, 0xFD00, 0xFD00, 0x1904, 0x1904,
  0x1904, 0x1904, 0xFD00, 0xFD00, 0x20C1, 0x20C1, 0x20C1, 0x20C1, 0x20C1, 0xA3C3, 0xFDC5, 0xFDC5,
  0x7282, 0x20C1, 0x20C1, 0x20C1, 0x20C1, 0xBC23, 0xFDC5, 0xFDC5, 0xFDC5, 0xFDC5, 0xFDC5, 0xFDC5,
  0xFDC5, 0xFDC5, 0x3101, 0x20C1, 0x20C1, 0x20C1, 0x20C1, 0x20C1, 0xFD00, 0xFD00, 0x1904, 0x1904,
  0x1904, 0x1904, 0xFD00, 0xFD00, 0x20C1, 0x20C1, 0x20C1, 0x20C1, 0x4181, 0xFDC5, 0xFDC5, 0xFDC5,
  0xFDC5, 0xFDC5, 0xFDC5, 0xFDC5, 0xA3C3, 0x20C1, 0x20C1, 0x20C1, 0x20C1, 0x20C1, 0xBC43, 0xFDC5,
  0x9B83, 0x20C1, 0x20C1, 0x20C1, 0x20C1, 0x20C1, 0x20C1, 0x20C1, 0xFD00, 0xFD00, 0x1904, 0x1904,
  0x1904, 0x1904, 0xFD00, 0xFD00, 0x20C1, 0x20C1, 0x20C1, 0x20C1, 0x8B03, 0xFDC5, 0xFDC5, 0xFDC5,
  0xFDC5, 0xFDC5, 0xFDC5, 0xFDC5, 0xA3C3, 0x20C1, 0x20C1, 0x20C1, 0x20C1, 0x20C1, 0xBC43, 0xFDC5,
  0x9B83, 0x20C1, 0x20C1, 0x20C1, 0x20C1, 0x20C1, 0x20C1, 0x20C1, 0xFD00, 0xFD00, 0x1904, 0x1904,
  0x1904, 0x1904, 0xFD00, 0xFD00, 0x20C1, 0x20C1, 0x20C1, 0x20C1, 0x20C1, 0x20C1, 0x20C1, 0x20C1,
  0x20C1, 0x20C1, 0x20C1, 0x20C1, 0x20C1, 0x20C1, 0x20C1, 0x20C1, 0x20C1, 0x20C1, 0x20C1, 0x20C1,
  0x20C1, 0x20C1, 0x20C1, 0x20C1, 0x20C1, 0x20C1, 0x20C1, 0x20C1, 0xFD00, 0xFD00, 0x1904, 0x1904,
  0x1904, 0x1904, 0xFD00, 0xFD00, 0x20C1, 0x20C1, 0x20C1, 0x20C1, 0x20C1, 0x20C1, 0x20C1, 0x20C1,
  0x20C1, 0x20C1, 0x20C1, 0x20C1, 0x20C1, 0x20C1, 0x20C1, 0x20C1, 0x20C1, 0x20C1, 0x20C1, 0x20C1,
  0x20C1, 0x20C1, 0x20C1, 0x20C1, 0x20C1, 0x20C1, 0x20C1, 0x20C1, 0xFD00, 0xFD00, 0x1904, 0x1904,
  0x1904, 0x1904, 0xFD00, 0xFD00, 0x20C1, 0x20C1, 0x20C1, 0x20C1, 0x20C1, 0x20C1, 0x20C1, 0x20C1,
  0x20C1, 0x20C1, 0x20C1, 0x20C1, 0x20C1, 0x20C1, 0x20C1, 0x20C1, 0x20C1, 0x20C1, 0x20C1, 0x20C1,
  0x20C1, 0x20C1, 0x20C1, 0x20C1, 0x20C1, 0x20C1, 0x20C1, 0x20C1, 0xFD00, 0xFD00, 0x1904, 0x1904,
  0x1904, 0x1904, 0xFD00, 0xFD00, 0x20C1, 0x20C1, 0x20C1, 0x20C1, 0x20C1, 0x20C1, 0x20C1, 0x20C1,
  0x20C1, 0x20C1, 0x20C1, 0x20C1, 0x20C1, 0x20C1, 0x20C1, 0x20C1, 0x20C1, 0x20C1, 0x20C1, 0x20C1,
  0x20C1, 0x20C1, 0x20C1, 0x20C1, 0x20C1, 0x20C1, 0x20C1, 0x20C1, 0xFD00, 0xFD00, 0x1904, 0x1904,
  0x1904, 0x1904, 0x1904, 0xFD00, 0xFD00, 0x20C1, 0x20C1, 0x20C1, 0x20C1, 0x20C1, 0x20C1, 0x20C1,
  0x20C1, 0x20C1, 0x20C1, 0x20C1, 0x20C1, 0x20C1, 0x20C1, 0x20C1, 0x20C1, 0x20C1, 0x20C1, 0x20C1,
  0x20C1, 0x20C1, 0x20C1, 0x20C1, 0x20C1, 0x20C1, 0x20C1, 0xFD00, 0xFD00, 0x1904, 0x1904, 0x1904,
  0x1904, 0x1904, 0x1904, 0x1904, 0xFD00, 0xFD00, 0x20C1, 0x20C1, 0x20C1, 0x20C1, 0x20C1, 0x20C1,
  0x20C1, 0x20C1, 0x20C1, 0x20C1, 0x20C1, 0x20C1, 0x20C1, 0x20C1, 0x20C1, 0x20C1, 0x20C1, 0x20C1,
  0x20C1, 0x20C1, 0x20C1, 0x20C1, 0x20C1, 0x20C1, 0xFD00, 0xFD00, 0x1904, 0x1904, 0x1904, 0x1904,
  0x1904, 0x1904, 0x1904, 0x1904, 0x1904, 0xFD00, 0xFD00, 0xFD00, 0xFD00, 0xFD00, 0xFD00, 0xFD00,
  0xFD00, 0xFD00, 0xFD00, 0xFD00, 0xFD00, 0xFD00, 0xFD00, 0xFD00, 0xFD00, 0xFD00, 0xFD00, 0xFD00,
  0xFD00, 0xFD00, 0xFD00, 0xFD00, 0xFD00, 0xFD00, 0xFD00, 0x1904, 0x1904, 0x1904, 0x1904, 0x1904,
  0x1904, 0x1904, 0x1904, 0x1904, 0x1904, 0x1904, 0xFD00, 0xFD00, 0xFD00, 0xFD00, 0xFD00, 0xFD00,
  0xFD00, 0xFD00, 0xFD00, 0xFD00, 0xFD00, 0xFD00, 0xFD00, 0xFD00, 0xFD00, 0xFD00, 0xFD00, 0xFD00,
  0xFD00, 0xFD00, 0xFD00, 0xFD00, 0xFD00, 0xFD00, 0x1904, 0x1904, 0x1904, 0x1904, 0x1904, 0x1904,
  0x1904, 0x1904, 0x1904, 0x1904, 0x1904, 0x1904, 0x1904, 0x1904, 0x1904, 0x1904, 0x1904, 0x1904,
  0x1904, 0x1904, 0x1904, 0x1904, 0x1904, 0x1904, 0x1904, 0x1904, 0x1904, 0x1904, 0x1904, 0x1904,
  0x1904, 0x1904, 0x1904, 0x1904, 0x1904, 0x1904, 0x1904, 0x1904, 0x1904, 0x1904, 0x1904, 0x1904,
  0x1904, 0x1904, 0x1904, 0x1904, 0x1904, 0x1904, 0x1904, 0x1904, 0x1904, 0x1904, 0x1904, 0x1904,
  0x1904, 0x1904, 0x1904, 0x1904, 0x1904, 0x1904, 0x1904, 0x1904, 0x1904, 0x1904, 0x1904, 0x1904,
  0x1904, 0x1904, 0x1904, 0x1904, 0x1904, 0x1904, 0x1904, 0x1904, 0x1904, 0x1904, 0x1904, 0x1904,
};

// icon_words24_dim 36x36
const uint16_t icon_words24_dim_w = 36;
const uint16_t icon_words24_dim_h = 36;
const unsigned short icon_words24_dim[1296] PROGMEM = {
  0x10C3, 0x10C3, 0x10C3, 0x10C3, 0x10C3, 0x10C3, 0x10C3, 0x10C3, 0x10C3, 0x10C3, 0x10C3, 0x10C3,
  0x10C3, 0x10C3, 0x10C3, 0x10C3, 0x10C3, 0x10C3, 0x10C3, 0x10C3, 0x10C3, 0x10C3, 0x10C3, 0x10C3,
  0x10C3, 0x10C3, 0x10C3, 0x10C3, 0x10C3, 0x10C3, 0x10C3, 0x10C3, 0x10C3, 0x10C3, 0x10C3, 0x10C3,
  0x10C3, 0x10C3, 0x10C3, 0x10C3, 0x10C3, 0x10C3, 0x10C3, 0x10C3, 0x10C3, 0x10C3, 0x10C3, 0x10C3,
  0x10C3, 0x10C3, 0x10C3, 0x10C3, 0x10C3, 0x10C3, 0x10C3, 0x10C3, 0x10C3, 0x10C3, 0x10C3, 0x10C3,
  0x10C3, 0x10C3, 0x10C3, 0x10C3, 0x10C3, 0x10C3, 0x10C3, 0x10C3, 0x10C3, 0x10C3, 0x10C3, 0x10C3,
  0x10C3, 0x10C3, 0x10C3, 0x10C3, 0x10C3, 0x10C3, 0x3A09, 0x3A09, 0x3A09, 0x3A09, 0x3A09, 0x3A09,
  0x3A09, 0x3A09, 0x3A09, 0x3A09, 0x3A09, 0x3A09, 0x3A09, 0x3A09, 0x3A09, 0x3A09, 0x3A09, 0x3A09,
  0x3A09, 0x3A09, 0x3A09, 0x3A09, 0x3A09, 0x3A09, 0x10C3, 0x10C3, 0x10C3, 0x10C3, 0x10C3, 0x10C3,
  0x10C3, 0x10C3, 0x10C3, 0x10C3, 0x10C3, 0x3A09, 0x3A09, 0x3A09, 0x3A09, 0x3A09, 0x3A09, 0x3A09,
  0x3A09, 0x3A09, 0x3A09, 0x3A09, 0x3A09, 0x3A09, 0x3A09, 0x3A09, 0x3A09, 0x3A09, 0x3A09, 0x3A09,
  0x3A09, 0x3A09, 0x3A09, 0x3A09, 0x3A09, 0x3A09, 0x3A09, 0x10C3, 0x10C3, 0x10C3, 0x10C3, 0x10C3,
  0x10C3, 0x10C3, 0x10C3, 0x10C3, 0x3A09, 0x3A09, 0x10C4, 0x10C4, 0x10C4, 0x10C4, 0x10C4, 0x10C4,
  0x10C4, 0x10C4, 0x10C4, 0x10C4, 0x10C4, 0x10C4, 0x10C4, 0x10C4, 0x10C4, 0x10C4, 0x10C4, 0x10C4,
  0x10C4, 0x10C4, 0x10C4, 0x10C4, 0x10C4, 0x10C4, 0x3A09, 0x3A09, 0x10C3, 0x10C3, 0x10C3, 0x10C3,
  0x10C3, 0x10C3, 0x10C3, 0x3A09, 0x3A09, 0x10C4, 0x10C4, 0x10C4, 0x10C4, 0x10C4, 0x10C4, 0x10C4,
  0x10C4, 0x10C4, 0x10C4, 0x10C4, 0x10C4, 0x10C4, 0x10C4, 0x10C4, 0x10C4, 0x10C4, 0x10C4, 0x10C4,
  0x10C4, 0x10C4, 0x10C4, 0x10C4, 0x10C4, 0x10C4, 0x10C4, 0x3A09, 0x3A09, 0x10C3, 0x10C3, 0x10C3,
  0x10C3, 0x10C3, 0x3A09, 0x3A09, 0x10C4, 0x10C4, 0x10C4, 0x10C4, 0x10C4, 0x10C4, 0x10C4, 0x10C4,
  0x10C4, 0x10C4, 0x10C4, 0x10C4, 0x10C4, 0x10C4, 0x10C4, 0x10C4, 0x10C4, 0x10C4, 0x10C4, 0x10C4,
  0x10C4, 0x10C4, 0x10C4, 0x10C4, 0x10C4, 0x10C4, 0x10C4, 0x10C4, 0x3A09, 0x3A09, 0x10C3, 0x10C3,
  0x10C3, 0x10C3, 0x3A09, 0x3A09, 0x10C4, 0x10C4, 0x10C4, 0x10C4, 0x10C4, 0x10C4, 0x10C4, 0x10C4,
  0x10C4, 0x10C4, 0x10C4, 0x10C4, 0x10C4, 0x10C4, 0x10C4, 0x10C4, 0x10C4, 0x10C4, 0x10C4, 0x10C4,
  0x10C4, 0x10C4, 0x10C4, 0x10C4, 0x10C4, 0x10C4, 0x10C4, 0x10C4, 0x3A09, 0x3A09, 0x10C3, 0x10C3,
  0x10C3, 0x10C3, 0x3A09, 0x3A09, 0x10C4, 0x10C4, 0x10C4, 0x10C4, 0x10C4, 0x10C4, 0x10C4, 0x10C4,
  0x10C4, 0x10C4, 0x10C4, 0x10C4, 0x10C4, 0x10C4, 0x10C4, 0x10C4, 0x10C4, 0x10C4, 0x10C4, 0x10C4,
  0x10C4, 0x10C4, 0x10C4, 0x10C4, 0x10C4, 0x10C4, 0x10C4, 0x10C4, 0x3A09, 0x3A09, 0x10C3, 0x10C3,
  0x10C3, 0x10C3, 0x3A09, 0x3A09, 0x10C4, 0x10C4, 0x10C4, 0x10C4, 0x10C4, 0x10C4, 0x10C4, 0x10C4,
  0x10C4, 0x10C4, 0x10C4, 0x10C4, 0x10C4, 0x10C4, 0x10C4, 0x10C4, 0x10C4, 0x10C4, 0x10C4, 0x10C4,
  0x10C4, 0x10C4, 0x10C4, 0x10C4, 0x10C4, 0x10C4, 0x10C4, 0x10C4, 0x3A09, 0x3A09, 0x10C3, 0x10C3,
  0x10C3, 0x10C3, 0x3A09, 0x3A09, 0x10C4, 0x10C4, 0x10C4, 0x10C4, 0x10C4, 0x10C4, 0x10C4, 0x10C4,
  0x10C4, 0x10C4, 0x10C4, 0x10C4, 0x10C4, 0x10C4, 0x10C4, 0x10C4, 0x10C4, 0x10C4, 0x10C4, 0x10C4,
  0x10C4, 0x10C4, 0x10C4, 0x10C4, 0x10C4, 0x10C4, 0x10C4, 0x10C4, 0x3A09, 0x3A09, 0x10C3, 0x10C3,
  0x10C3, 0x10C3, 0x3A09, 0x3A09, 0x10C4, 0x10C4, 0x10C4, 0x10C4, 0x10C4, 0x10C4, 0x10C4, 0x10C4,
  0x10C4, 0x10C4, 0x10C4, 0x10C4, 0x10C4, 0x10C4, 0x10C4, 0x10C4, 0x10C4, 0x10C4, 0x10C4, 0x10C4,
  0x10C4, 0x10C4, 0x10C4, 0x10C4, 0x10C4, 0x10C4, 0x10C4, 0x10C4, 0x3A09, 0x3A09, 0x10C3, 0x10C3,
  0x10C3, 0x10C3, 0x3A09, 0x3A09, 0x10C4, 0x10C4, 0x10C4, 0x10C4, 0x10C4, 0x10C4, 0x10C4, 0x10C4,
  0x10C4, 0x10C4, 0x10C4, 0x10C4, 0x10C4, 0x10C4, 0x10C4, 0x10C4, 0x10C4, 0x10C4, 0x10C4, 0x10C4,
  0x10C4, 0x10C4, 0x10C4, 0x10C4, 0x10C4, 0x10C4, 0x10C4, 0x10C4, 0x3A09, 0x3A09, 0x10C3, 0x10C3,
  0x10C3, 0x10C3, 0x3A09, 0x3A09, 0x10C4, 0x10C4, 0x10C4, 0x10C4, 0x10C4, 0x10C4, 0x10C4, 0x10C4,
  0x10C4, 0x10C4, 0x10C4, 0x10C4, 0x10C4, 0x10C4, 0x10C4, 0x10C4, 0x10C4, 0x10C4, 0x10C4, 0x10C4,
  0x10C4, 0x10C4, 0x10C4, 0x10C4, 0x10C4, 0x10C4, 0x10C4, 0x10C4, 0x3A09, 0x3A09, 0x10C3, 0x10C3,
  0x10C3, 0x10C3, 0x3A09, 0x3A09, 0x10C4, 0x10C4, 0x10C4, 0x10C4, 0x10C4, 0x10C4, 0x632D, 0xAD97,
  0xCE7B, 0xBE19, 0x8C93, 0x2966, 0x10C4, 0x10C4, 0x10C4, 0x10C4, 0x10C4, 0x10C4, 0xA535, 0xD6BC,
  0x7C11, 0x10C4, 0x10C4, 0x10C4, 0x10C4, 0x10C4, 0x10C4, 0x10C4, 0x3A09, 0x3A09, 0x10C3, 0x10C3,
  0x10C3, 0x10C3, 0x3A09, 0x3A09, 0x10C4, 0x10C4, 0x10C4, 0x10C4, 0x10C4, 0x7BF0, 0xD6BC, 0xD6BC,
  0xD6BC, 0xD6BC, 0xD6BC, 0xC639, 0x2146, 0x10C4, 0x10C4, 0x10C4, 0x10C4, 0x632D, 0xD6BC, 0xD6BC,
  0x7C11, 0x10C4, 0x10C4, 0x10C4, 0x10C4, 0x10C4, 0x10C4, 0x10C4, 0x3A09, 0x3A09, 0x10C3, 0x10C3,
  0x10C3, 0x10C3, 0x3A09, 0x3A09, 0x10C4, 0x10C4, 0x10C4, 0x10C4, 0x2125, 0xCE9B, 0xD6BC, 0x8452,
  0x1905, 0x4229, 0xCE9B, 0xD6BC, 0x6B8F, 0x10C4, 0x10C4, 0x10C4, 0x2966, 0xCE7A, 0xD6BC, 0xD6BC,
  0x7C11, 0x10C4, 0x10C4, 0x10C4, 0x10C4, 0x10C4, 0x10C4, 0x10C4, 0x3A09, 0x3A09, 0x10C3, 0x10C3,
  0x10C3, 0x10C3, 0x3A09, 0x3A09, 0x10C4, 0x10C4, 0x10C4, 0x10C4, 0x39E8, 0xB5D8, 0xCE7A, 0x2966,
  0x10C4, 0x10C4, 0xAD76, 0xD6BC, 0x8431, 0x10C4, 0x10C4, 0x10C4, 0x9D15, 0xD6BC, 0xCE9B, 0xD6BC,
  0x7C11, 0x10C4, 0x10C4, 0x10C4, 0x10C4, 0x10C4, 0x10C4, 0x10C4, 0x3A09, 0x3A09, 0x10C3, 0x10C3,
  0x10C3, 0x10C3, 0x3A09, 0x3A09, 0x10C4, 0x10C4, 0x10C4, 0x10C4, 0x10C4, 0x10C4, 0x10C4, 0x10C4,
  0x10C4, 0x2125, 0xC65A, 0xD6BC, 0x634E, 0x10C4, 0x10C4, 0x5B0D, 0xD6BC, 0xAD97, 0x9D15, 0xD6BC,
  0x7C11, 0x10C4, 0x10C4, 0x10C4, 0x10C4, 0x10C4, 0x10C4, 0x10C4, 0x3A09, 0x3A09, 0x10C3, 0x10C3,
  0x10C3, 0x10C3, 0x3A09, 0x3A09, 0x10C4, 0x10C4, 0x10C4, 0x10C4, 0x10C4, 0x10C4, 0x10C4, 0x10C4,
  0x18E4, 0x94D4, 0xD6BC, 0xC65A, 0x2125, 0x10C4, 0x2966, 0xC65A, 0xCE9B, 0x31C8, 0x9CF5, 0xD6BC,
  0x7C11, 0x10C4, 0x10C4, 0x10C4, 0x10C4, 0x10C4, 0x10C4, 0x10C4, 0x3A09, 0x3A09, 0x10C3, 0x10C3,
  0x10C3, 0x10C3, 0x3A09, 0x3A09, 0x10C4, 0x10C4, 0x10C4, 0x10C4, 0x10C4, 0x10C4, 0x10C4, 0x18E4,
  0x9CF4, 0xD6BC, 0xD6BC, 0x52AB, 0x10C4, 0x10C4, 0x9CF4, 0xD6BC, 0x73AF, 0x10C4, 0x9CF5, 0xD6BC,
  0x7C11, 0x10C4, 0x10C4, 0x10C4, 0x10C4, 0x10C4, 0x10C4, 0x10C4, 0x3A09, 0x3A09, 0x10C3, 0x10C3,
  0x10C3, 0x10C3, 0x3A09, 0x3A09, 0x10C4, 0x10C4, 0x10C4, 0x10C4, 0x10C4, 0x10C4, 0x1905, 0xA535,
  0xD6BC, 0xD6BB, 0x5B0D, 0x10C4, 0x10C4, 0x5AEC, 0xD6BC, 0xAD97, 0x18E4, 0x10C4, 0x9CF5, 0xD6BC,
  0x7C11, 0x10C4, 0x10C4, 0x10C4, 0x10C4, 0x10C4, 0x10C4, 0x10C4, 0x3A09, 0x3A09, 0x10C3, 0x10C3,
  0x10C3, 0x10C3, 0x3A09, 0x3A09, 0x10C4, 0x10C4, 0x10C4, 0x10C4, 0x10C4, 0x18E4, 0xA556, 0xD6BC,
  0xCE9B, 0x52CC, 0x10C4, 0x10C4, 0x10C4, 0x94F4, 0xD6BC, 0xD6BC, 0xD6BC, 0xD6BC, 0xD6BC, 0xD6BC,
  0xD6BC, 0xD6BC, 0x2125, 0x10C4, 0x10C4, 0x10C4, 0x10C4, 0x10C4, 0x3A09, 0x3A09, 0x10C3, 0x10C3,
  0x10C3, 0x10C3, 0x3A09, 0x3A09, 0x10C4, 0x10C4, 0x10C4, 0x10C4, 0x10C4, 0x8452, 0xD6BC, 0xD6BC,
  0x5AEC, 0x10C4, 0x10C4, 0x10C4, 0x10C4, 0x9CF4, 0xD6BC, 0xD6BC, 0xD6BC, 0xD6BC, 0xD6BC, 0xD6BC,
  0xD6BC, 0xD6BC, 0x2125, 0x10C4, 0x10C4, 0x10C4, 0x10C4, 0x10C4, 0x3A09, 0x3A09, 0x10C3, 0x10C3,
  0x10C3, 0x10C3, 0x3A09, 0x3A09, 0x10C4, 0x10C4, 0x10C4, 0x10C4, 0x31A7, 0xD6BB, 0xD6BC, 0xD6BC,
  0xD6BC, 0xD6BC, 0xD6BC, 0xD6BC, 0x8452, 0x10C4, 0x10C4, 0x10C4, 0x10C4, 0x10C4, 0x9CF5, 0xD6BC,
  0x7C11, 0x10C4, 0x10C4, 0x10C4, 0x10C4, 0x10C4, 0x10C4, 0x10C4, 0x3A09, 0x3A09, 0x10C3, 0x10C3,
  0x10C3, 0x10C3, 0x3A09, 0x3A09, 0x10C4, 0x10C4, 0x10C4, 0x10C4, 0x6B8F, 0xD6BC, 0xD6BC, 0xD6BC,
  0xD6BC, 0xD6BC, 0xD6BC, 0xD6BC, 0x8452, 0x10C4, 0x10C4, 0x10C4, 0x10C4, 0x10C4, 0x9CF5, 0xD6BC,
  0x7C11, 0x10C4, 0x10C4, 0x10C4, 0x10C4, 0x10C4, 0x10C4, 0x10C4, 0x3A09, 0x3A09, 0x10C3, 0x10C3,
  0x10C3, 0x10C3, 0x3A09, 0x3A09, 0x10C4, 0x10C4, 0x10C4, 0x10C4, 0x10C4, 0x10C4, 0x10C4, 0x10C4,
  0x10C4, 0x10C4, 0x10C4, 0x10C4, 0x10C4, 0x10C4, 0x10C4, 0x10C4, 0x10C4, 0x10C4, 0x10C4, 0x10C4,
  0x10C4, 0x10C4, 0x10C4, 0x10C4, 0x10C4, 0x10C4, 0x10C4, 0x10C4, 0x3A09, 0x3A09, 0x10C3, 0x10C3,
  0x10C3, 0x10C3, 0x3A09, 0x3A09, 0x10C4, 0x10C4, 0x10C4, 0x10C4, 0x10C4, 0x10C4, 0x10C4, 0x10C4,
  0x10C4, 0x10C4, 0x10C4, 0x10C4, 0x10C4, 0x10C4, 0x10C4, 0x10C4, 0x10C4, 0x10C4, 0x10C4, 0x10C4,
  0x10C4, 0x10C4, 0x10C4, 0x10C4, 0x10C4, 0x10C4, 0x10C4, 0x10C4, 0x3A09, 0x3A09, 0x10C3, 0x10C3,
  0x10C3, 0x10C3, 0x3A09, 0x3A09, 0x10C4, 0x10C4, 0x10C4, 0x10C4, 0x10C4, 0x10C4, 0x10C4, 0x10C4,
  0x10C4, 0x10C4, 0x10C4, 0x10C4, 0x10C4, 0x10C4, 0x10C4, 0x10C4, 0x10C4, 0x10C4, 0x10C4, 0x10C4,
  0x10C4, 0x10C4, 0x10C4, 0x10C4, 0x10C4, 0x10C4, 0x10C4, 0x10C4, 0x3A09, 0x3A09, 0x10C3, 0x10C3,
  0x10C3, 0x10C3, 0x3A09, 0x3A09, 0x10C4, 0x10C4, 0x10C4, 0x10C4, 0x10C4, 0x10C4, 0x10C4, 0x10C4,
  0x10C4, 0x10C4, 0x10C4, 0x10C4, 0x10C4, 0x10C4, 0x10C4, 0x10C4, 0x10C4, 0x10C4, 0x10C4, 0x10C4,
  0x10C4, 0x10C4, 0x10C4, 0x10C4, 0x10C4, 0x10C4, 0x10C4, 0x10C4, 0x3A09, 0x3A09, 0x10C3, 0x10C3,
  0x10C3, 0x10C3, 0x10C3, 0x3A09, 0x3A09, 0x10C4, 0x10C4, 0x10C4, 0x10C4, 0x10C4, 0x10C4, 0x10C4,
  0x10C4, 0x10C4, 0x10C4, 0x10C4, 0x10C4, 0x10C4, 0x10C4, 0x10C4, 0x10C4, 0x10C4, 0x10C4, 0x10C4,
  0x10C4, 0x10C4, 0x10C4, 0x10C4, 0x10C4, 0x10C4, 0x10C4, 0x3A09, 0x3A09, 0x10C3, 0x10C3, 0x10C3,
  0x10C3, 0x10C3, 0x10C3, 0x10C3, 0x3A09, 0x3A09, 0x10C4, 0x10C4, 0x10C4, 0x10C4, 0x10C4, 0x10C4,
  0x10C4, 0x10C4, 0x10C4, 0x10C4, 0x10C4, 0x10C4, 0x10C4, 0x10C4, 0x10C4, 0x10C4, 0x10C4, 0x10C4,
  0x10C4, 0x10C4, 0x10C4, 0x10C4, 0x10C4, 0x10C4, 0x3A09, 0x3A09, 0x10C3, 0x10C3, 0x10C3, 0x10C3,
  0x10C3, 0x10C3, 0x10C3, 0x10C3, 0x10C3, 0x3A09, 0x3A09, 0x3A09, 0x3A09, 0x3A09, 0x3A09, 0x3A09,
  0x3A09, 0x3A09, 0x3A09, 0x3A09, 0x3A09, 0x3A09, 0x3A09, 0x3A09, 0x3A09, 0x3A09, 0x3A09, 0x3A09,
  0x3A09, 0x3A09, 0x3A09, 0x3A09, 0x3A09, 0x3A09, 0x3A09, 0x10C3, 0x10C3, 0x10C3, 0x10C3, 0x10C3,
  0x10C3, 0x10C3, 0x10C3, 0x10C3, 0x10C3, 0x10C3, 0x3A09, 0x3A09, 0x3A09, 0x3A09, 0x3A09, 0x3A09,
  0x3A09, 0x3A09, 0x3A09, 0x3A09, 0x3A09, 0x3A09, 0x3A09, 0x3A09, 0x3A09, 0x3A09, 0x3A09, 0x3A09,
  0x3A09, 0x3A09, 0x3A09, 0x3A09, 0x3A09, 0x3A09, 0x10C3, 0x10C3, 0x10C3, 0x10C3, 0x10C3, 0x10C3,
  0x10C3, 0x10C3, 0x10C3, 0x10C3, 0x10C3, 0x10C3, 0x10C3, 0x10C3, 0x10C3, 0x10C3, 0x10C3, 0x10C3,
  0x10C3, 0x10C3, 0x10C3, 0x10C3, 0x10C3, 0x10C3, 0x10C3, 0x10C3, 0x10C3, 0x10C3, 0x10C3, 0x10C3,
  0x10C3, 0x10C3, 0x10C3, 0x10C3, 0x10C3, 0x10C3, 0x10C3, 0x10C3, 0x10C3, 0x10C3, 0x10C3, 0x10C3,
  0x10C3, 0x10C3, 0x10C3, 0x10C3, 0x10C3, 0x10C3, 0x10C3, 0x10C3, 0x10C3, 0x10C3, 0x10C3, 0x10C3,
  0x10C3, 0x10C3, 0x10C3, 0x10C3, 0x10C3, 0x10C3, 0x10C3, 0x10C3, 0x10C3, 0x10C3, 0x10C3, 0x10C3,
  0x10C3, 0x10C3, 0x10C3, 0x10C3, 0x10C3, 0x10C3, 0x10C3, 0x10C3, 0x10C3, 0x10C3, 0x10C3, 0x10C3,
};

// coin_spin_frame_0 36x36
const uint16_t coin_spin_frame_0_w = 36;
const uint16_t coin_spin_frame_0_h = 36;
const unsigned short coin_spin_frame_0[1296] PROGMEM = {
  0x1904, 0x1904, 0x1904, 0x1904, 0x1904, 0x1904, 0x1904, 0x1904, 0x1904, 0x1904, 0x1904, 0x1904,
  0x1904, 0x1904, 0x1904, 0x1904, 0x1904, 0x1904, 0x1904, 0x1904, 0x1904, 0x1904, 0x1904, 0x1904,
  0x1904, 0x1904, 0x1904, 0x1904, 0x1904, 0x1904, 0x1904, 0x1904, 0x1904, 0x1904, 0x1904, 0x1904,
  0x1904, 0x1904, 0x1904, 0x1904, 0x1904, 0x1904, 0x1904, 0x1904, 0x1904, 0x1904, 0x1904, 0x1904,
  0x1904, 0x1904, 0x1904, 0x1904, 0x1904, 0x1904, 0x1904, 0x1904, 0x1904, 0x1904, 0x1904, 0x1904,
  0x1904, 0x1904, 0x1904, 0x1904, 0x1904, 0x1904, 0x1904, 0x1904, 0x1904, 0x1904, 0x1904, 0x1904,
  0x1904, 0x1904, 0x1904, 0x1904, 0x1904, 0x1904, 0x1904, 0x1904, 0x1904, 0x1904, 0x1904, 0x1904,
  0x1904, 0x1904, 0x1904, 0x1904, 0x1904, 0x1904, 0x1904, 0x1904, 0x1904, 0x1904, 0x1904, 0x1904,
  0x1904, 0x1904, 0x1904, 0x1904, 0x1904, 0x1904, 0x1904, 0x1904, 0x1904, 0x1904, 0x1904, 0x1904,
  0x1904, 0x1904, 0x1904, 0x1904, 0x1904, 0x1904, 0x1904, 0x1904, 0x1904, 0x1904, 0x1904, 0x1904,
  0x1904, 0x1904, 0x3983, 0x6A23, 0x92C3, 0xA303, 0xA303, 0x92E3, 0x7243, 0x3983, 0x1904, 0x1904,
  0x1904, 0x1904, 0x1904, 0x1904, 0x1904, 0x1904, 0x1904, 0x1904, 0x1904, 0x1904, 0x1904, 0x1904,
  0x1904, 0x1904, 0x1904, 0x1904, 0x1904, 0x1904, 0x1904, 0x1904, 0x1904, 0x1904, 0x1904, 0x2943,
  0x7263, 0xC383, 0xDBE2, 0xDBE2, 0xD3A2, 0xCB82, 0xD3A2, 0xE3E2, 0xF443, 0xFC63, 0xDC03, 0x8AA3,
  0x2943, 0x1904, 0x1904, 0x1904, 0x1904, 0x1904, 0x1904, 0x1904, 0x1904, 0x1904, 0x1904, 0x1904,
  0x1904, 0x1904, 0x1904, 0x1904, 0x1904, 0x1904, 0x1904, 0x1904, 0x1904, 0x1904, 0x7243, 0xD3A2,
  0xD3A2, 0x9AA1, 0x7201, 0x7201, 0x7A21, 0x8241, 0x8A61, 0x8A61, 0x8261, 0x9281, 0xC362, 0xFC83,
  0xF483, 0x8AA3, 0x1904, 0x1904, 0x1904, 0x1904, 0x1904, 0x1904, 0x1904, 0x1904, 0x1904, 0x1904,
  0x1904, 0x1904, 0x1904, 0x1904, 0x1904, 0x1904, 0x1904, 0x1904, 0x3163, 0xB343, 0xDBE2, 0x8241,
  0x5981, 0x7A21, 0xAB02, 0xCB82, 0xDBC2, 0xE3E2, 0xE402, 0xEC23, 0xEC02, 0xD3A2, 0xA2E2, 0x8A61,
  0xC362, 0xFD03, 0xCBE3, 0x3163, 0x1904, 0x1904, 0x1904, 0x1904, 0x1904, 0x1904, 0x1904, 0x1904,
  0x1904, 0x1904, 0x1904, 0x1904, 0x1904, 0x1904, 0x1904, 0x3983, 0xD3A3, 0xCB82, 0x61C1, 0x7A21,
  0xBB42, 0xD3A2, 0xD3A2, 0xDBC2, 0xDBC2, 0xDBC2, 0xEC02, 0xF423, 0xF443, 0xFC63, 0xFCA3, 0xFC63,
  0xBB42, 0x9AC2, 0xFCA3, 0xEC63, 0x3983, 0x1904, 0x1904, 0x1904, 0x1904, 0x1904, 0x1904, 0x1904,
  0x1904, 0x1904, 0x1904, 0x1904, 0x1904, 0x1904, 0x3163, 0xD3C3, 0xC362, 0x59A1, 0xA2E2, 0xD3A2,
  0xCB82, 0xCB82, 0xD3A2, 0xCB82, 0xD3A2, 0xE402, 0xDBC2, 0xE3E2, 0xFC63, 0xFC63, 0xFC63, 0xFCA3,
  0xFD03, 0xEC23, 0xA2C2, 0xF443, 0xEC23, 0x3163, 0x1904, 0x1904, 0x1904, 0x1904, 0x1904, 0x1904,
  0x1904, 0x1904, 0x1904, 0x1904, 0x1904, 0x1904, 0xB322, 0xCB82, 0x59A1, 0xAB02, 0xCB82, 0xC362,
  0xCB82, 0xD3A2, 0xD3C2, 0x28A0, 0x4120, 0xF423, 0x28C0, 0x4120, 0xFCA3, 0xFC83, 0xFCA3, 0xFCA3,
  0xFCA3, 0xFCC3, 0xF423, 0xA2C2, 0xEC23, 0xB343, 0x1904, 0x1904, 0x1904, 0x1904, 0x1904, 0x1904,
  0x1904, 0x1904, 0x1904, 0x1904, 0x1904, 0x6A23, 0xE402, 0x61C1, 0xA2C2, 0xD3A2, 0xCB82, 0xD3C2,
  0xE402, 0xEC23, 0xEC23, 0x20A0, 0x4120, 0xFCA3, 0x2080, 0x4120, 0xFCE3, 0xFCC3, 0xFCA3, 0xFCC3,
  0xFCA3, 0xFC63, 0xFC63, 0xDBC2, 0x9AC2, 0xEC23, 0x6A23, 0x1904, 0x1904, 0x1904, 0x1904, 0x1904,
  0x1904, 0x1904, 0x1904, 0x1904, 0x2943, 0xD3A2, 0x9AA1, 0x8241, 0xCBA2, 0xCB82, 0xD3C2, 0xCB82,
  0xAB02, 0xB322, 0xB302, 0x20A0, 0x3900, 0xC362, 0x28A0, 0x3900, 0xDBC2, 0xFC83, 0xFD03, 0xFCA3,
  0xFC63, 0xF443, 0xEC02, 0xEC02, 0xB322, 0xBB22, 0xC382, 0x2943, 0x1904, 0x1904, 0x1904, 0x1904,
  0x1904, 0x1904, 0x1904, 0x1904, 0x6A23, 0xE3E2, 0x69E1, 0xBB22, 0xCB82, 0xCB82, 0xE402, 0x8A61,
  0x1904, 0x1904, 0x1904, 0x1860, 0x1904, 0x1904, 0x1904, 0x1904, 0x1904, 0x30C0, 0x8A61, 0xFC83,
  0xF443, 0xEC23, 0xE402, 0xDBC2, 0xCB82, 0xAB02, 0xD3A2, 0x6203, 0x1904, 0x1904, 0x1904, 0x1904,
  0x1904, 0x1904, 0x1904, 0x1904, 0xBB63, 0xB322, 0x8241, 0xD3A2, 0xCBA2, 0xD3C2, 0xE3E2, 0xBB42,
  0x8241, 0x59A1, 0x1904, 0x1860, 0x30E0, 0x7A21, 0x7201, 0x5161, 0x1860, 0x1060, 0x1904, 0x8261,
  0xFC63, 0xE3E2, 0xDBC2, 0xD3A2, 0xCB82, 0xBB22, 0xC362, 0x9AE2, 0x1904, 0x1904, 0x1904, 0x1904,
  0x1904, 0x1904, 0x1904, 0x3963, 0xE3E2, 0x9281, 0xB322, 0xDBC2, 0xDBC2, 0xDBE2, 0xE3E2, 0xEC23,
  0xFCC3, 0xD3A2, 0x1904, 0x1904, 0x5181, 0xFD03, 0xFCC3, 0xFCC3, 0x8241, 0x1904, 0x1904, 0x3900,
  0xEC02, 0xDBC2, 0xD3A2, 0xCB82, 0xC362, 0xBB42, 0xBB42, 0xB322, 0x3163, 0x1904, 0x1904, 0x1904,
  0x1904, 0x1904, 0x1904, 0x5A03, 0xE402, 0x8A81, 0xD3A2, 0xDBC2, 0xDBE2, 0xE402, 0xEC02, 0xEC23,
  0xFC63, 0xC362, 0x1904, 0x1904, 0x5161, 0xFCC3, 0xFC63, 0xFCC3, 0xB322, 0x1904, 0x1904, 0x4120,
  0xDBE2, 0xD3A2, 0xCB82, 0xC362, 0xBB42, 0xB322, 0xBB22, 0xB322, 0x49A3, 0x1904, 0x1904, 0x1904,
  0x1904, 0x1904, 0x1904, 0x7A63, 0xDBE2, 0x9281, 0xDBC2, 0xE3E2, 0xE402, 0xEC23, 0xF443, 0xF443,
  0xFCA3, 0xCBA2, 0x1904, 0x1904, 0x5161, 0xFC63, 0xE402, 0xC362, 0x4120, 0x1904, 0x1060, 0x9281,
  0xD3C2, 0xC362, 0xC362, 0xBB42, 0xB322, 0xAB02, 0xBB42, 0xAB02, 0x59E2, 0x1904, 0x1904, 0x1904,
  0x1904, 0x1904, 0x1904, 0x8AA3, 0xDBC2, 0x9281, 0xE402, 0xE402, 0xEC23, 0xF443, 0xFC63, 0xFC63,
  0xFCC3, 0xD3A2, 0x1904, 0x1860, 0x1904, 0x1904, 0x1904, 0x1904, 0x1904, 0x1860, 0x3900, 0xBB42,
  0xCBA2, 0xC362, 0xBB42, 0xB322, 0xAB02, 0x9AC2, 0xBB42, 0xAB02, 0x61E2, 0x1904, 0x1904, 0x1904,
  0x1904, 0x1904, 0x1904, 0x8AA3, 0xDBE2, 0x9AA2, 0xEC23, 0xEC23, 0xF443, 0xFC63, 0xFC83, 0xFC83,
  0xFCE3, 0xD3C2, 0x1904, 0x1060, 0x28A0, 0x61C1, 0x59A1, 0x5161, 0x20A0, 0x1904, 0x1060, 0x1880,
  0xA2E2, 0xC362, 0xB322, 0xAAE2, 0xA2C2, 0x9281, 0xBB42, 0xAB02, 0x61E2, 0x1904, 0x1904, 0x1904,
  0x1904, 0x1904, 0x1904, 0x7A83, 0xEC23, 0xA2C2, 0xF423, 0xF443, 0xFC63, 0xFC83, 0xFC83, 0xFCA3,
  0xFCE3, 0xD3C2, 0x1904, 0x1904, 0x5161, 0xFC83, 0xEC23, 0xE402, 0xCB82, 0x30E0, 0x1060, 0x1904,
  0x5181, 0xC362, 0xAAE2, 0xA2C2, 0x9AA1, 0x8A61, 0xBB42, 0xA2C2, 0x51A2, 0x1904, 0x1904, 0x1904,
  0x1904, 0x1904, 0x1904, 0x6203, 0xFC83, 0xAB02, 0xF423, 0xFC63, 0xFC83, 0xFC83, 0xFCA3, 0xFCA3,
  0xFCC3, 0xCB82, 0x1904, 0x1904, 0x4961, 0xE402, 0xCBA2, 0xC362, 0xDBE2, 0x69C1, 0x1904, 0x1060,
  0x4140, 0xB322, 0xA2C2, 0x9AA1, 0x9281, 0x8A61, 0xCB82, 0x9AA1, 0x4163, 0x1904, 0x1904, 0x1904,
  0x1904, 0x1904, 0x1904, 0x3963, 0xFC83, 0xC362, 0xE402, 0xFCA3, 0xFC83, 0xFCA3, 0xFCA3, 0xFC83,
  0xFCE3, 0xCB82, 0x1904, 0x1904, 0x5161, 0xF443, 0xDBE2, 0xD3C2, 0xB322, 0x30E0, 0x1860, 0x1904,
  0x5161, 0xB302, 0x92A1, 0x9281, 0x8A61, 0xA2C2, 0xD3A2, 0x8261, 0x3143, 0x1904, 0x1904, 0x1904,
  0x1904, 0x1904, 0x1904, 0x1904, 0xDBE3, 0xEC23, 0xCB82, 0xFCC3, 0xFCA3, 0xFCA3, 0xFCA3, 0xEC23,
  0x8241, 0x5181, 0x1904, 0x1060, 0x30E0, 0x7201, 0x69C1, 0x5981, 0x28C0, 0x1904, 0x1904, 0x1904,
  0x8A81, 0x9AA1, 0x8A61, 0x8A61, 0x8241, 0xC362, 0xCB82, 0x69E1, 0x1904, 0x1904, 0x1904, 0x1904,
  0x1904, 0x1904, 0x1904, 0x1904, 0x7A83, 0xFD03, 0xB322, 0xFC83, 0xFCC3, 0xFC83, 0xFCA3, 0xBB42,
  0x1904, 0x1904, 0x1904, 0x1904, 0x1904, 0x1904, 0x1904, 0x1904, 0x1904, 0x2080, 0x38E0, 0x8A81,
  0xA2C2, 0x8A61, 0x8A61, 0x8261, 0x8A61, 0xE3E2, 0xA2C2, 0x4982, 0x1904, 0x1904, 0x1904, 0x1904,
  0x1904, 0x1904, 0x1904, 0x1904, 0x2943, 0xF463, 0xD3C2, 0xCBA2, 0xFCC3, 0xFC63, 0xFC63, 0xDBC2,
  0xA2E2, 0xA2E2, 0x9AA1, 0x2080, 0x30E0, 0x9281, 0x2080, 0x38E0, 0x9AA1, 0xA2E2, 0xBB22, 0xA2E2,
  0x8A61, 0x8A61, 0x8A61, 0x7A21, 0xC362, 0xCB82, 0x7201, 0x2123, 0x1904, 0x1904, 0x1904, 0x1904,
  0x1904, 0x1904, 0x1904, 0x1904, 0x1904, 0x7243, 0xFCC3, 0xB322, 0xEC02, 0xFC63, 0xEC23, 0xEC23,
  0xEC23, 0xEC23, 0xDBE2, 0x20A0, 0x4120, 0xCB82, 0x1904, 0x38E0, 0xB322, 0xA2C2, 0x9281, 0x8A81,
  0x8A61, 0x8A61, 0x7A21, 0x9AC2, 0xE403, 0x9281, 0x4182, 0x1904, 0x1904, 0x1904, 0x1904, 0x1904,
  0x1904, 0x1904, 0x1904, 0x1904, 0x1904, 0x1904, 0xB343, 0xF443, 0xB322, 0xEC23, 0xEC23, 0xDBE2,
  0xD3A2, 0xCBA2, 0xC362, 0x28C0, 0x4120, 0xAAE2, 0x2080, 0x3900, 0xA2C2, 0x9281, 0x8A61, 0x8A61,
  0x8A81, 0x8241, 0x92A1, 0xEC23, 0xA2C2, 0x61C1, 0x1904, 0x1904, 0x1904, 0x1904, 0x1904, 0x1904,
  0x1904, 0x1904, 0x1904, 0x1904, 0x1904, 0x1904, 0x2943, 0xD3C3, 0xE402, 0xC382, 0xE3E2, 0xDBC2,
  0xCBA2, 0xCB82, 0xBB42, 0xBB22, 0xAB02, 0xA2E2, 0xA2E2, 0x9AC2, 0x9281, 0x8A61, 0x8A61, 0x8A61,
  0x7A21, 0xA2C2, 0xF443, 0xB322, 0x69E1, 0x2923, 0x1904, 0x1904, 0x1904, 0x1904, 0x1904, 0x1904,
  0x1904, 0x1904, 0x1904, 0x1904, 0x1904, 0x1904, 0x1904, 0x3163, 0xCBA2, 0xDBE2, 0xCB82, 0xD3A2,
  0xC362, 0xBB42, 0xAB02, 0xAB02, 0xAAE2, 0xA2C2, 0x9AA1, 0x9281, 0x8A61, 0x7A21, 0x7201, 0x7A21,
  0xBB42, 0xEC03, 0xAB02, 0x6A01, 0x2943, 0x1904, 0x1904, 0x1904, 0x1904, 0x1904, 0x1904, 0x1904,
  0x1904, 0x1904, 0x1904, 0x1904, 0x1904, 0x1904, 0x1904, 0x1904, 0x2943, 0xA2E2, 0xCB82, 0xC362,
  0xC382, 0xC342, 0xAB02, 0x9AC2, 0x92A1, 0x8A81, 0x8261, 0x8241, 0x8241, 0x9281, 0xBB42, 0xE402,
  0xCB82, 0x8A61, 0x59C2, 0x2123, 0x1904, 0x1904, 0x1904, 0x1904, 0x1904, 0x1904, 0x1904, 0x1904,
  0x1904, 0x1904, 0x1904, 0x1904, 0x1904, 0x1904, 0x1904, 0x1904, 0x1904, 0x1904, 0x6203, 0xA2E2,
  0xBB42, 0xC362, 0xCB82, 0xCB82, 0xCB82, 0xC382, 0xCB82, 0xD3C2, 0xE3E2, 0xEC02, 0xD3A2, 0x9AA1,
  0x61C1, 0x4162, 0x1904, 0x1904, 0x1904, 0x1904, 0x1904, 0x1904, 0x1904, 0x1904, 0x1904, 0x1904,
  0x1904, 0x1904, 0x1904, 0x1904, 0x1904, 0x1904, 0x1904, 0x1904, 0x1904, 0x1904, 0x1904, 0x2123,
  0x59E3, 0x8A82, 0xA2E2, 0xB322, 0xBB42, 0xBB42, 0xBB42, 0xB322, 0x9AC2, 0x8241, 0x61C1, 0x4182,
  0x2123, 0x1904, 0x1904, 0x1904, 0x1904, 0x1904, 0x1904, 0x1904, 0x1904, 0x1904, 0x1904, 0x1904,
  0x1904, 0x1904, 0x1904, 0x1904, 0x1904, 0x1904, 0x1904, 0x1904, 0x1904, 0x1904, 0x1904, 0x1904,
  0x1904, 0x1904, 0x3143, 0x49A3, 0x59C2, 0x59C2, 0x51C2, 0x4982, 0x3963, 0x2923, 0x1904, 0x1904,
  0x1904, 0x1904, 0x1904, 0x1904, 0x1904, 0x1904, 0x1904, 0x1904, 0x1904, 0x1904, 0x1904, 0x1904,
  0x1904, 0x1904, 0x1904, 0x1904, 0x1904, 0x1904, 0x1904, 0x1904, 0x1904, 0x1904, 0x1904, 0x1904,
  0x1904, 0x1904, 0x1904, 0x1904, 0x1904, 0x1904, 0x1904, 0x1904, 0x1904, 0x1904, 0x1904, 0x1904,
  0x1904, 0x1904, 0x1904, 0x1904, 0x1904, 0x1904, 0x1904, 0x1904, 0x1904, 0x1904, 0x1904, 0x1904,
  0x1904, 0x1904, 0x1904, 0x1904, 0x1904, 0x1904, 0x1904, 0x1904, 0x1904, 0x1904, 0x1904, 0x1904,
  0x1904, 0x1904, 0x1904, 0x1904, 0x1904, 0x1904, 0x1904, 0x1904, 0x1904, 0x1904, 0x1904, 0x1904,
  0x1904, 0x1904, 0x1904, 0x1904, 0x1904, 0x1904, 0x1904, 0x1904, 0x1904, 0x1904, 0x1904, 0x1904,
  0x1904, 0x1904, 0x1904, 0x1904, 0x1904, 0x1904, 0x1904, 0x1904, 0x1904, 0x1904, 0x1904, 0x1904,
  0x1904, 0x1904, 0x1904, 0x1904, 0x1904, 0x1904, 0x1904, 0x1904, 0x1904, 0x1904, 0x1904, 0x1904,
  0x1904, 0x1904, 0x1904, 0x1904, 0x1904, 0x1904, 0x1904, 0x1904, 0x1904, 0x1904, 0x1904, 0x1904,
};

// coin_spin_frame_1 36x36
const uint16_t coin_spin_frame_1_w = 36;
const uint16_t coin_spin_frame_1_h = 36;
const unsigned short coin_spin_frame_1[1296] PROGMEM = {
  0x1904, 0x1904, 0x1904, 0x1904, 0x1904, 0x1904, 0x1904, 0x1904, 0x1904, 0x1904, 0x1904, 0x1904,
  0x1904, 0x1904, 0x1904, 0x1904, 0x1904, 0x1904, 0x1904, 0x1904, 0x1904, 0x1904, 0x1904, 0x1904,
  0x1904, 0x1904, 0x1904, 0x1904, 0x1904, 0x1904, 0x1904, 0x1904, 0x1904, 0x1904, 0x1904, 0x1904,
  0x1904, 0x1904, 0x1904, 0x1904, 0x1904, 0x1904, 0x1904, 0x1904, 0x1904, 0x1904, 0x1904, 0x1904,
  0x1904, 0x1904, 0x1904, 0x1904, 0x1904, 0x1904, 0x1904, 0x1904, 0x1904, 0x1904, 0x1904, 0x1904,
  0x1904, 0x1904, 0x1904, 0x1904, 0x1904, 0x1904, 0x1904, 0x1904, 0x1904, 0x1904, 0x1904, 0x1904,
  0x1904, 0x1904, 0x1904, 0x1904, 0x1904, 0x1904, 0x1904, 0x1904, 0x1904, 0x1904, 0x1904, 0x1904,
  0x1904, 0x1904, 0x1904, 0x1904, 0x1904, 0x1904, 0x1904, 0x1904, 0x1904, 0x1904, 0x1904, 0x1904,
  0x1904, 0x1904, 0x1904, 0x1904, 0x1904, 0x1904, 0x1904, 0x1904, 0x1904, 0x1904, 0x1904, 0x1904,
  0x1904, 0x1904, 0x1904, 0x1904, 0x1904, 0x1904, 0x1904, 0x1904, 0x1904, 0x1904, 0x1904, 0x1904,
  0x1904, 0x1904, 0x2124, 0x59E3, 0x8AA3, 0xA303, 0xA303, 0x8AC3, 0x5A03, 0x2144, 0x1904, 0x1904,
  0x1904, 0x1904, 0x1904, 0x1904, 0x1904, 0x1904, 0x1904, 0x1904, 0x1904, 0x1904, 0x1904, 0x1904,
  0x1904, 0x1904, 0x1904, 0x1904, 0x1904, 0x1904, 0x1904, 0x1904, 0x1904, 0x1904, 0x1904, 0x1904,
  0x3163, 0x92C3, 0xD3C2, 0xDBE2, 0xD3A2, 0xCB82, 0xD3A2, 0xE402, 0xF443, 0xEC43, 0xA323, 0x3983,
  0x1904, 0x1904, 0x1904, 0x1904, 0x1904, 0x1904, 0x1904, 0x1904, 0x1904, 0x1904, 0x1904, 0x1904,
  0x1904, 0x1904, 0x1904, 0x1904, 0x1904, 0x1904, 0x1904, 0x1904, 0x1904, 0x1904, 0x1904, 0x7243,
  0xDBC2, 0xC362, 0x8241, 0x69E1, 0x7A21, 0x8241, 0x8A61, 0x8A61, 0x8A61, 0xAAE2, 0xF443, 0xFCC3,
  0x82A3, 0x1904, 0x1904, 0x1904, 0x1904, 0x1904, 0x1904, 0x1904, 0x1904, 0x1904, 0x1904, 0x1904,
  0x1904, 0x1904, 0x1904, 0x1904, 0x1904, 0x1904, 0x1904, 0x1904, 0x1904, 0x2124, 0x9AE3, 0xDBE2,
  0x7A21, 0x5981, 0x9281, 0xBB62, 0xD3A2, 0xE3E2, 0xE402, 0xEC23, 0xE402, 0xBB42, 0x8A61, 0xB322,
  0xFD03, 0xB383, 0x2124, 0x1904, 0x1904, 0x1904, 0x1904, 0x1904, 0x1904, 0x1904, 0x1904, 0x1904,
  0x1904, 0x1904, 0x1904, 0x1904, 0x1904, 0x1904, 0x1904, 0x1904, 0x1904, 0xA303, 0xDBC2, 0x61C1,
  0x8241, 0xCB82, 0xD3A2, 0xD3C2, 0xDBC2, 0xDBC2, 0xEC02, 0xF423, 0xF443, 0xFC83, 0xFCA3, 0xC362,
  0x9AC2, 0xFCE3, 0xBB83, 0x1904, 0x1904, 0x1904, 0x1904, 0x1904, 0x1904, 0x1904, 0x1904, 0x1904,
  0x1904, 0x1904, 0x1904, 0x1904, 0x1904, 0x1904, 0x1904, 0x1904, 0x8AA3, 0xDBE2, 0x69C1, 0x9AC1,
  0xD3A2, 0xCB82, 0xD3A2, 0xCB82, 0xCB82, 0xE402, 0xDBC2, 0xE402, 0xFC63, 0xFC63, 0xFC83, 0xFD03,
  0xE402, 0xAAE2, 0xFCC3, 0x92E3, 0x1904, 0x1904, 0x1904, 0x1904, 0x1904, 0x1904, 0x1904, 0x1904,
  0x1904, 0x1904, 0x1904, 0x1904, 0x1904, 0x1904, 0x1904, 0x49C3, 0xDBC2, 0x7221, 0x92A1, 0xD3A2,
  0xC362, 0xCB82, 0xE402, 0x69E1, 0x28A0, 0xDBE2, 0x28C0, 0x7201, 0xFCE3, 0xFC83, 0xFCA3, 0xFCA3,
  0xFCC3, 0xDBC2, 0xB322, 0xEC23, 0x49C3, 0x1904, 0x1904, 0x1904, 0x1904, 0x1904, 0x1904, 0x1904,
  0x1904, 0x1904, 0x1904, 0x1904, 0x1904, 0x1904, 0x2124, 0xB343, 0xAAE2, 0x7A21, 0xCBA2, 0xCB82,
  0xD3C2, 0xE402, 0xFC83, 0x71E1, 0x20A0, 0xEC43, 0x2080, 0x6A01, 0xFD43, 0xFCA3, 0xFCC3, 0xFCA3,
  0xFC63, 0xFC63, 0xBB22, 0xCB82, 0xAB23, 0x2124, 0x1904, 0x1904, 0x1904, 0x1904, 0x1904, 0x1904,
  0x1904, 0x1904, 0x1904, 0x1904, 0x1904, 0x1904, 0x59E3, 0xD3A2, 0x7A21, 0xB322, 0xCBA2, 0xD3A2,
  0xC362, 0xAAE2, 0xC362, 0x5981, 0x20A0, 0xB322, 0x28A0, 0x59A1, 0xF443, 0xFCC3, 0xFCC3, 0xFC63,
  0xF443, 0xEC22, 0xDBC2, 0xAB02, 0xD3A2, 0x51C3, 0x1904, 0x1904, 0x1904, 0x1904, 0x1904, 0x1904,
  0x1904, 0x1904, 0x1904, 0x1904, 0x1904, 0x1904, 0x9AE3, 0xB322, 0x8241, 0xCBA2, 0xCB82, 0xE402,
  0x7222, 0x1904, 0x1904, 0x18A1, 0x18C2, 0x1904, 0x1904, 0x1904, 0x18C2, 0x5981, 0xE402, 0xFC83,
  0xEC23, 0xE3E2, 0xDBC2, 0xB322, 0xCB82, 0x8283, 0x1904, 0x1904, 0x1904, 0x1904, 0x1904, 0x1904,
  0x1904, 0x1904, 0x1904, 0x1904, 0x1904, 0x2944, 0xC382, 0x92A1, 0xAB02, 0xDBC2, 0xD3A2, 0xE3E2,
  0xB322, 0x7A21, 0x3962, 0x1082, 0x28C0, 0x7201, 0x7201, 0x4120, 0x1860, 0x10A2, 0x59C2, 0xF423,
  0xE402, 0xDBC2, 0xD3A2, 0xBB42, 0xBB62, 0xAB02, 0x2123, 0x1904, 0x1904, 0x1904, 0x1904, 0x1904,
  0x1904, 0x1904, 0x1904, 0x1904, 0x1904, 0x51C3, 0xD3A2, 0x9281, 0xCBA2, 0xDBC2, 0xDBE2, 0xE3E2,
  0xEC43, 0xFCC3, 0x7A43, 0x1904, 0x4141, 0xECA3, 0xFD03, 0xEC63, 0x4982, 0x1904, 0x28E1, 0xCBA2,
  0xE3E2, 0xCBA2, 0xC382, 0xBB42, 0xBB22, 0xBB42, 0x41A3, 0x1904, 0x1904, 0x1904, 0x1904, 0x1904,
  0x1904, 0x1904, 0x1904, 0x1904, 0x1904, 0x7243, 0xD3A2, 0x9AC2, 0xDBE2, 0xDBC2, 0xE3E2, 0xE402,
  0xEC23, 0xFC83, 0x7223, 0x1904, 0x3921, 0xEC83, 0xFCA3, 0xFCA3, 0x7222, 0x1904, 0x28E1, 0xCB82,
  0xD3C2, 0xCB82, 0xBB42, 0xB322, 0xB322, 0xBB42, 0x59E3, 0x1904, 0x1904, 0x1904, 0x1904, 0x1904,
  0x1904, 0x1904, 0x1904, 0x1904, 0x1904, 0x8AA3, 0xCB82, 0xA2E2, 0xE402, 0xE3E2, 0xEC23, 0xF423,
  0xF463, 0xFCA3, 0x7243, 0x1904, 0x3921, 0xEC02, 0xEC23, 0xA2E2, 0x2902, 0x0882, 0x69C1, 0xD3A2,
  0xCB82, 0xC362, 0xBB22, 0xAB02, 0xB322, 0xB322, 0x6202, 0x1904, 0x1904, 0x1904, 0x1904, 0x1904,
  0x1904, 0x1904, 0x1904, 0x1904, 0x1904, 0x9AE3, 0xC362, 0xAB02, 0xEC23, 0xEC02, 0xF443, 0xFC43,
  0xFC83, 0xFCE3, 0x7A63, 0x0861, 0x18E2, 0x1904, 0x1904, 0x1904, 0x18C2, 0x2080, 0x9281, 0xD3A2,
  0xC362, 0xBB42, 0xB322, 0xA2C2, 0xAB02, 0xB322, 0x6A02, 0x1904, 0x1904, 0x1904, 0x1904, 0x1904,
  0x1904, 0x1904, 0x1904, 0x1904, 0x1904, 0x9AE3, 0xCB82, 0xB322, 0xF443, 0xEC23, 0xFC63, 0xFC63,
  0xFC83, 0xFCE3, 0x7A63, 0x0882, 0x28A0, 0x61A1, 0x61A1, 0x4940, 0x18C2, 0x18C2, 0x1040, 0x8A61,
  0xC382, 0xB302, 0xAAE2, 0x92A1, 0xAB02, 0xB322, 0x6A02, 0x1904, 0x1904, 0x1904, 0x1904, 0x1904,
  0x1904, 0x1904, 0x1904, 0x1904, 0x1904, 0x92C3, 0xDBC2, 0xB322, 0xFC63, 0xF443, 0xFC63, 0xFC83,
  0xFCA3, 0xFCE3, 0x7A63, 0x1904, 0x4141, 0xEC23, 0xEC23, 0xEC02, 0x8A81, 0x1860, 0x10C3, 0x4961,
  0xBB42, 0xAAE2, 0xA2C2, 0x8A61, 0xAB02, 0xB322, 0x59C2, 0x1904, 0x1904, 0x1904, 0x1904, 0x1904,
  0x1904, 0x1904, 0x1904, 0x1904, 0x1904, 0x7A63, 0xEC23, 0xBB42, 0xFC83, 0xFC63, 0xFC83, 0xFCA3,
  0xFCA3, 0xFCA3, 0x7243, 0x1904, 0x3921, 0xD3C2, 0xCBA2, 0xD3A2, 0xBB42, 0x3143, 0x0861, 0x4120,
  0xAB02, 0xA2C2, 0x9AA1, 0x8A61, 0xB322, 0xAB02, 0x4182, 0x1904, 0x1904, 0x1904, 0x1904, 0x1904,
  0x1904, 0x1904, 0x1904, 0x1904, 0x1904, 0x51E3, 0xF463, 0xC362, 0xFC63, 0xFCA3, 0xFCA3, 0xFCA3,
  0xFCA3, 0xFCE3, 0x7243, 0x1904, 0x4141, 0xE402, 0xE3E2, 0xDBC2, 0x8241, 0x1880, 0x10C3, 0x4161,
  0xAB02, 0x9AA1, 0x8A61, 0x8A61, 0xC362, 0xA2C2, 0x3143, 0x1904, 0x1904, 0x1904, 0x1904, 0x1904,
  0x1904, 0x1904, 0x1904, 0x1904, 0x1904, 0x2964, 0xEC23, 0xD3A2, 0xE423, 0xFCC3, 0xFCA3, 0xFCC3,
  0xDBC2, 0x7201, 0x3942, 0x1082, 0x28C0, 0x69E1, 0x69E1, 0x5161, 0x20C1, 0x1904, 0x1904, 0x7A42,
  0x9AC2, 0x8A61, 0x8241, 0x9AA2, 0xD3C2, 0x8262, 0x1903, 0x1904, 0x1904, 0x1904, 0x1904, 0x1904,
  0x1904, 0x1904, 0x1904, 0x1904, 0x1904, 0x1904, 0xAB63, 0xE463, 0xD3A2, 0xFCE3, 0xFC83, 0xFCC3,
  0x9AC2, 0x1904, 0x1904, 0x1904, 0x1904, 0x1904, 0x1904, 0x1904, 0x18C2, 0x28A0, 0x7201, 0xA2E2,
  0x8A61, 0x8A61, 0x7A21, 0xBB42, 0xCB82, 0x59C2, 0x1904, 0x1904, 0x1904, 0x1904, 0x1904, 0x1904,
  0x1904, 0x1904, 0x1904, 0x1904, 0x1904, 0x1904, 0x5A03, 0xFC83, 0xC362, 0xEC63, 0xFC83, 0xFC63,
  0xCBA2, 0xA2C2, 0xAB02, 0x4960, 0x20A0, 0x8261, 0x2080, 0x4960, 0xA2E2, 0xB302, 0xAB02, 0x8A61,
  0x8A61, 0x8241, 0x8A61, 0xD3A2, 0x9AA2, 0x3143, 0x1904, 0x1904, 0x1904, 0x1904, 0x1904, 0x1904,
  0x1904, 0x1904, 0x1904, 0x1904, 0x1904, 0x1904, 0x2104, 0xBB83, 0xE402, 0xCB82, 0xFC63, 0xEC23,
  0xEC23, 0xEC03, 0xF443, 0x69C1, 0x20A0, 0xBB42, 0x1903, 0x5981, 0xBB42, 0x9281, 0x8A81, 0x8A61,
  0x8A61, 0x7A21, 0xBB42, 0xCB82, 0x59C2, 0x1924, 0x1904, 0x1904, 0x1904, 0x1904, 0x1904, 0x1904,
  0x1904, 0x1904, 0x1904, 0x1904, 0x1904, 0x1904, 0x1904, 0x49C3, 0xEC23, 0xC382, 0xDBC2, 0xEC23,
  0xDBC2, 0xCBA2, 0xDBC2, 0x61C1, 0x28C0, 0x9AC2, 0x20A0, 0x5981, 0xA2E2, 0x8A61, 0x8A61, 0x8A81,
  0x8241, 0xAAE2, 0xE3E2, 0x8241, 0x3143, 0x1904, 0x1904, 0x1904, 0x1904, 0x1904, 0x1904, 0x1904,
  0x1904, 0x1904, 0x1904, 0x1904, 0x1904, 0x1904, 0x1904, 0x1904, 0x8283, 0xF423, 0xCB82, 0xDBE2,
  0xDBC2, 0xCB82, 0xC362, 0xBB42, 0xB302, 0xA2E2, 0xA2E2, 0x9AA2, 0x8A81, 0x8A61, 0x8A61, 0x7A21,
  0xA2E2, 0xEC23, 0x9AC2, 0x4982, 0x1904, 0x1904, 0x1904, 0x1904, 0x1904, 0x1904, 0x1904, 0x1904,
  0x1904, 0x1904, 0x1904, 0x1904, 0x1904, 0x1904, 0x1904, 0x1904, 0x1904, 0x9AE3, 0xE402, 0xCB82,
  0xCBA2, 0xC362, 0xB322, 0xAB02, 0xAB02, 0xA2C2, 0x9AA1, 0x9281, 0x8241, 0x7A21, 0x7201, 0xAB02,
  0xE403, 0xA2E2, 0x51A2, 0x1904, 0x1904, 0x1904, 0x1904, 0x1904, 0x1904, 0x1904, 0x1904, 0x1904,
  0x1904, 0x1904, 0x1904, 0x1904, 0x1904, 0x1904, 0x1904, 0x1904, 0x1904, 0x1924, 0x8AA3, 0xCBA2,
  0xC362, 0xC362, 0xB322, 0xA2E2, 0x9AA1, 0x9281, 0x8261, 0x8241, 0x8241, 0xA2E2, 0xDBC2, 0xD3C2,
  0x8A61, 0x5182, 0x1904, 0x1904, 0x1904, 0x1904, 0x1904, 0x1904, 0x1904, 0x1904, 0x1904, 0x1904,
  0x1904, 0x1904, 0x1904, 0x1904, 0x1904, 0x1904, 0x1904, 0x1904, 0x1904, 0x1904, 0x1904, 0x6203,
  0xAB02, 0xBB62, 0xC382, 0xCB82, 0xCB82, 0xC382, 0xCB82, 0xDBC2, 0xE402, 0xE3E2, 0xAB02, 0x69E1,
  0x4162, 0x1904, 0x1904, 0x1904, 0x1904, 0x1904, 0x1904, 0x1904, 0x1904, 0x1904, 0x1904, 0x1904,
  0x1904, 0x1904, 0x1904, 0x1904, 0x1904, 0x1904, 0x1904, 0x1904, 0x1904, 0x1904, 0x1904, 0x1904,
  0x2943, 0x6A22, 0x9AA2, 0xAB02, 0xBB42, 0xBB42, 0xBB42, 0xB302, 0x9281, 0x6A01, 0x4982, 0x2923,
  0x1904, 0x1904, 0x1904, 0x1904, 0x1904, 0x1904, 0x1904, 0x1904, 0x1904, 0x1904, 0x1904, 0x1904,
  0x1904, 0x1904, 0x1904, 0x1904, 0x1904, 0x1904, 0x1904, 0x1904, 0x1904, 0x1904, 0x1904, 0x1904,
  0x1904, 0x1904, 0x2124, 0x4183, 0x51C2, 0x59C2, 0x51A2, 0x4182, 0x3143, 0x1904, 0x1904, 0x1904,
  0x1904, 0x1904, 0x1904, 0x1904, 0x1904, 0x1904, 0x1904, 0x1904, 0x1904, 0x1904, 0x1904, 0x1904,
  0x1904, 0x1904, 0x1904, 0x1904, 0x1904, 0x1904, 0x1904, 0x1904, 0x1904, 0x1904, 0x1904, 0x1904,
  0x1904, 0x1904, 0x1904, 0x1904, 0x1904, 0x1904, 0x1904, 0x1904, 0x1904, 0x1904, 0x1904, 0x1904,
  0x1904, 0x1904, 0x1904, 0x1904, 0x1904, 0x1904, 0x1904, 0x1904, 0x1904, 0x1904, 0x1904, 0x1904,
  0x1904, 0x1904, 0x1904, 0x1904, 0x1904, 0x1904, 0x1904, 0x1904, 0x1904, 0x1904, 0x1904, 0x1904,
  0x1904, 0x1904, 0x1904, 0x1904, 0x1904, 0x1904, 0x1904, 0x1904, 0x1904, 0x1904, 0x1904, 0x1904,
  0x1904, 0x1904, 0x1904, 0x1904, 0x1904, 0x1904, 0x1904, 0x1904, 0x1904, 0x1904, 0x1904, 0x1904,
  0x1904, 0x1904, 0x1904, 0x1904, 0x1904, 0x1904, 0x1904, 0x1904, 0x1904, 0x1904, 0x1904, 0x1904,
  0x1904, 0x1904, 0x1904, 0x1904, 0x1904, 0x1904, 0x1904, 0x1904, 0x1904, 0x1904, 0x1904, 0x1904,
  0x1904, 0x1904, 0x1904, 0x1904, 0x1904, 0x1904, 0x1904, 0x1904, 0x1904, 0x1904, 0x1904, 0x1904,
};

// coin_spin_frame_2 36x36
const uint16_t coin_spin_frame_2_w = 36;
const uint16_t coin_spin_frame_2_h = 36;
const unsigned short coin_spin_frame_2[1296] PROGMEM = {
  0x1904, 0x1904, 0x1904, 0x1904, 0x1904, 0x1904, 0x1904, 0x1904, 0x1904, 0x1904, 0x1904, 0x1904,
  0x1904, 0x1904, 0x1904, 0x1904, 0x1904, 0x1904, 0x1904, 0x1904, 0x1904, 0x1904, 0x1904, 0x1904,
  0x1904, 0x1904, 0x1904, 0x1904, 0x1904, 0x1904, 0x1904, 0x1904, 0x1904, 0x1904, 0x1904, 0x1904,
  0x1904, 0x1904, 0x1904, 0x1904, 0x1904, 0x1904, 0x1904, 0x1904, 0x1904, 0x1904, 0x1904, 0x1904,
  0x1904, 0x1904, 0x1904, 0x1904, 0x1904, 0x1904, 0x1904, 0x1904, 0x1904, 0x1904, 0x1904, 0x1904,
  0x1904, 0x1904, 0x1904, 0x1904, 0x1904, 0x1904, 0x1904, 0x1904, 0x1904, 0x1904, 0x1904, 0x1904,
  0x1904, 0x1904, 0x1904, 0x1904, 0x1904, 0x1904, 0x1904, 0x1904, 0x1904, 0x1904, 0x1904, 0x1904,
  0x1904, 0x1904, 0x1904, 0x1904, 0x1904, 0x1904, 0x1904, 0x1904, 0x1904, 0x1904, 0x1904, 0x1904,
  0x1904, 0x1904, 0x1904, 0x1904, 0x1904, 0x1904, 0x1904, 0x1904, 0x1904, 0x1904, 0x1904, 0x1904,
  0x1904, 0x1904, 0x1904, 0x1904, 0x1904, 0x1904, 0x1904, 0x1904, 0x1904, 0x1904, 0x1904, 0x1904,
  0x1904, 0x1904, 0x1904, 0x2944, 0x7A83, 0xA323, 0x82A3, 0x2944, 0x1904, 0x1904, 0x1904, 0x1904,
  0x1904, 0x1904, 0x1904, 0x1904, 0x1904, 0x1904, 0x1904, 0x1904, 0x1904, 0x1904, 0x1904, 0x1904,
  0x1904, 0x1904, 0x1904, 0x1904, 0x1904, 0x1904, 0x1904, 0x1904, 0x1904, 0x1904, 0x1904, 0x1904,
  0x1904, 0x1904, 0x51E3, 0xD3C2, 0xDBC2, 0xCB82, 0xEC22, 0xEC43, 0x5A03, 0x1904, 0x1904, 0x1904,
  0x1904, 0x1904, 0x1904, 0x1904, 0x1904, 0x1904, 0x1904, 0x1904, 0x1904, 0x1904, 0x1904, 0x1904,
  0x1904, 0x1904, 0x1904, 0x1904, 0x1904, 0x1904, 0x1904, 0x1904, 0x1904, 0x1904, 0x1904, 0x1904,
  0x1904, 0x49C3, 0xD3A2, 0x8261, 0x7201, 0x8A61, 0x8241, 0xAB02, 0xFCA3, 0x51E3, 0x1904, 0x1904,
  0x1904, 0x1904, 0x1904, 0x1904, 0x1904, 0x1904, 0x1904, 0x1904, 0x1904, 0x1904, 0x1904, 0x1904,
  0x1904, 0x1904, 0x1904, 0x1904, 0x1904, 0x1904, 0x1904, 0x1904, 0x1904, 0x1904, 0x1904, 0x1904,
  0x2944, 0xC362, 0x7A01, 0x8A61, 0xD3A2, 0xE402, 0xEC23, 0xB302, 0xAB02, 0xE463, 0x2944, 0x1904,
  0x1904, 0x1904, 0x1904, 0x1904, 0x1904, 0x1904, 0x1904, 0x1904, 0x1904, 0x1904, 0x1904, 0x1904,
  0x1904, 0x1904, 0x1904, 0x1904, 0x1904, 0x1904, 0x1904, 0x1904, 0x1904, 0x1904, 0x1904, 0x1904,
  0x8AC3, 0xA2C2, 0x9281, 0xDBC2, 0xD3C2, 0xE3E2, 0xF423, 0xFCA3, 0xCBA2, 0xDBE2, 0x9B23, 0x1904,
  0x1904, 0x1904, 0x1904, 0x1904, 0x1904, 0x1904, 0x1904, 0x1904, 0x1904, 0x1904, 0x1904, 0x1904,
  0x1904, 0x1904, 0x1904, 0x1904, 0x1904, 0x1904, 0x1904, 0x1904, 0x1904, 0x1904, 0x1904, 0x3164,
  0xBB42, 0x8A61, 0xCBA2, 0xCB82, 0xD3A2, 0xDBE2, 0xEC23, 0xFC63, 0xFCC3, 0xD3A2, 0xDBE3, 0x3164,
  0x1904, 0x1904, 0x1904, 0x1904, 0x1904, 0x1904, 0x1904, 0x1904, 0x1904, 0x1904, 0x1904, 0x1904,
  0x1904, 0x1904, 0x1904, 0x1904, 0x1904, 0x1904, 0x1904, 0x1904, 0x1904, 0x1904, 0x1904, 0x6A43,
  0xA2E2, 0xAB02, 0xD3A2, 0xC362, 0x59A1, 0x7201, 0x92A1, 0xFCE3, 0xFCC3, 0xEC43, 0xD3A2, 0x6A43,
  0x1904, 0x1904, 0x1904, 0x1904, 0x1904, 0x1904, 0x1904, 0x1904, 0x1904, 0x1904, 0x1904, 0x1904,
  0x1904, 0x1904, 0x1904, 0x1904, 0x1904, 0x1904, 0x1904, 0x1904, 0x1904, 0x1904, 0x1904, 0x92C2,
  0x9AA1, 0xCB82, 0xE3E2, 0xDBC2, 0x59A1, 0x7A21, 0x8AA1, 0xFD23, 0xFC83, 0xFC63, 0xCBA2, 0x9AE3,
  0x1904, 0x1904, 0x1904, 0x1904, 0x1904, 0x1904, 0x1904, 0x1904, 0x1904, 0x1904, 0x1904, 0x1904,
  0x1904, 0x1904, 0x1904, 0x1904, 0x1904, 0x1904, 0x1904, 0x1904, 0x1904, 0x1904, 0x3164, 0xA2E2,
  0xA2E2, 0xD3C2, 0xBB42, 0xA2C2, 0x5161, 0x61A1, 0x8241, 0xFD03, 0xFC83, 0xF423, 0xD3A2, 0xB322,
  0x2943, 0x1904, 0x1904, 0x1904, 0x1904, 0x1904, 0x1904, 0x1904, 0x1904, 0x1904, 0x1904, 0x1904,
  0x1904, 0x1904, 0x1904, 0x1904, 0x1904, 0x1904, 0x1904, 0x1904, 0x1904, 0x1904, 0x51E3, 0xAAE2,
  0xB302, 0xE3E2, 0x59E3, 0x18E3, 0x18C2, 0x1904, 0x10E3, 0x61C1, 0xFC63, 0xEC03, 0xCBA2, 0xBB42,
  0x49A3, 0x1904, 0x1904, 0x1904, 0x1904, 0x1904, 0x1904, 0x1904, 0x1904, 0x1904, 0x1904, 0x1904,
  0x1904, 0x1904, 0x1904, 0x1904, 0x1904, 0x1904, 0x1904, 0x1904, 0x1904, 0x1904, 0x7243, 0xAB02,
  0xC362, 0xDBE2, 0xAAE2, 0x3122, 0x20A0, 0x7A21, 0x30E0, 0x1081, 0xBB42, 0xEC22, 0xCB82, 0xC362,
  0x6203, 0x1904, 0x1904, 0x1904, 0x1904, 0x1904, 0x1904, 0x1904, 0x1904, 0x1904, 0x1904, 0x1904,
  0x1904, 0x1904, 0x1904, 0x1904, 0x1904, 0x1904, 0x1904, 0x1904, 0x1904, 0x1904, 0x8AA3, 0xB322,
  0xD3C2, 0xDBC2, 0xFCC3, 0x7263, 0x2922, 0xFD23, 0xBB82, 0x10E3, 0x9282, 0xE402, 0xC362, 0xC362,
  0x7A42, 0x1904, 0x1904, 0x1904, 0x1904, 0x1904, 0x1904, 0x1904, 0x1904, 0x1904, 0x1904, 0x1904,
  0x1904, 0x1904, 0x1904, 0x1904, 0x1904, 0x1904, 0x1904, 0x1904, 0x1904, 0x1904, 0x9AE3, 0xBB42,
  0xDBC2, 0xE3E2, 0xFC83, 0x6A23, 0x2922, 0xFCE3, 0xD3E3, 0x10E3, 0x8A62, 0xDBE2, 0xBB22, 0xBB42,
  0x8282, 0x1904, 0x1904, 0x1904, 0x1904, 0x1904, 0x1904, 0x1904, 0x1904, 0x1904, 0x1904, 0x1904,
  0x1904, 0x1904, 0x1904, 0x1904, 0x1904, 0x1904, 0x1904, 0x1904, 0x1904, 0x1904, 0xA2E2, 0xC362,
  0xE402, 0xEC02, 0xFCC3, 0x6A43, 0x2922, 0xFC63, 0x8242, 0x1081, 0xB302, 0xCB82, 0xB302, 0xBB22,
  0x8A82, 0x1904, 0x1904, 0x1904, 0x1904, 0x1904, 0x1904, 0x1904, 0x1904, 0x1904, 0x1904, 0x1904,
  0x1904, 0x1904, 0x1904, 0x1904, 0x1904, 0x1904, 0x1904, 0x1904, 0x1904, 0x1904, 0xAB02, 0xC362,
  0xEC23, 0xF423, 0xFCE3, 0x7A62, 0x10A2, 0x1904, 0x10E3, 0x28C0, 0xC362, 0xC362, 0xAB02, 0xB302,
  0x8A82, 0x1904, 0x1904, 0x1904, 0x1904, 0x1904, 0x1904, 0x1904, 0x1904, 0x1904, 0x1904, 0x1904,
  0x1904, 0x1904, 0x1904, 0x1904, 0x1904, 0x1904, 0x1904, 0x1904, 0x1904, 0x1904, 0xAB22, 0xCB82,
  0xF443, 0xF443, 0xFCE3, 0x7263, 0x1060, 0x69C1, 0x3921, 0x0861, 0x61C1, 0xC362, 0x9AC2, 0xAB02,
  0x8A82, 0x1904, 0x1904, 0x1904, 0x1904, 0x1904, 0x1904, 0x1904, 0x1904, 0x1904, 0x1904, 0x1904,
  0x1904, 0x1904, 0x1904, 0x1904, 0x1904, 0x1904, 0x1904, 0x1904, 0x1904, 0x1904, 0xAB23, 0xD3A2,
  0xFC63, 0xFC63, 0xFD03, 0x7263, 0x2922, 0xFC63, 0xD3A2, 0x20A0, 0x3942, 0xBB42, 0x92A1, 0xAAE2,
  0x8262, 0x1904, 0x1904, 0x1904, 0x1904, 0x1904, 0x1904, 0x1904, 0x1904, 0x1904, 0x1904, 0x1904,
  0x1904, 0x1904, 0x1904, 0x1904, 0x1904, 0x1904, 0x1904, 0x1904, 0x1904, 0x1904, 0xAB23, 0xDBE2,
  0xFC63, 0xFC83, 0xFCE3, 0x6A43, 0x2922, 0xDBC2, 0xD3A2, 0x4162, 0x28C1, 0xAB02, 0x9281, 0xAB02,
  0x7242, 0x1904, 0x1904, 0x1904, 0x1904, 0x1904, 0x1904, 0x1904, 0x1904, 0x1904, 0x1904, 0x1904,
  0x1904, 0x1904, 0x1904, 0x1904, 0x1904, 0x1904, 0x1904, 0x1904, 0x1904, 0x1904, 0x9AE3, 0xE402,
  0xFC83, 0xFC83, 0xFD03, 0x6A43, 0x2922, 0xEC23, 0xC362, 0x20A0, 0x3942, 0xA2E2, 0x8A61, 0xBB42,
  0x6202, 0x1904, 0x1904, 0x1904, 0x1904, 0x1904, 0x1904, 0x1904, 0x1904, 0x1904, 0x1904, 0x1904,
  0x1904, 0x1904, 0x1904, 0x1904, 0x1904, 0x1904, 0x1904, 0x1904, 0x1904, 0x1904, 0x8283, 0xEC23,
  0xF483, 0xFCC3, 0xBB42, 0x2902, 0x20A0, 0x7201, 0x4141, 0x1904, 0x51C3, 0x9AC2, 0x8261, 0xC362,
  0x49A3, 0x1904, 0x1904, 0x1904, 0x1904, 0x1904, 0x1904, 0x1904, 0x1904, 0x1904, 0x1904, 0x1904,
  0x1904, 0x1904, 0x1904, 0x1904, 0x1904, 0x1904, 0x1904, 0x1904, 0x1904, 0x1904, 0x5A03, 0xDC02,
  0xF463, 0xFCE3, 0x6A23, 0x1904, 0x1904, 0x1904, 0x18E3, 0x28C0, 0x92A1, 0x8A61, 0x9281, 0xBB22,
  0x3143, 0x1904, 0x1904, 0x1904, 0x1904, 0x1904, 0x1904, 0x1904, 0x1904, 0x1904, 0x1904, 0x1904,
  0x1904, 0x1904, 0x1904, 0x1904, 0x1904, 0x1904, 0x1904, 0x1904, 0x1904, 0x1904, 0x3164, 0xD3C3,
  0xE423, 0xFC83, 0xC362, 0x9281, 0x4120, 0x4940, 0x59A1, 0xBB42, 0x9AA1, 0x8241, 0xAAE2, 0x9AC2,
  0x1903, 0x1904, 0x1904, 0x1904, 0x1904, 0x1904, 0x1904, 0x1904, 0x1904, 0x1904, 0x1904, 0x1904,
  0x1904, 0x1904, 0x1904, 0x1904, 0x1904, 0x1904, 0x1904, 0x1904, 0x1904, 0x1904, 0x1904, 0xAB23,
  0xE402, 0xF443, 0xF423, 0xD3A2, 0x5161, 0x61E3, 0x69E1, 0xAAE2, 0x8A61, 0x8241, 0xC362, 0x7222,
  0x1904, 0x1904, 0x1904, 0x1904, 0x1904, 0x1904, 0x1904, 0x1904, 0x1904, 0x1904, 0x1904, 0x1904,
  0x1904, 0x1904, 0x1904, 0x1904, 0x1904, 0x1904, 0x1904, 0x1904, 0x1904, 0x1904, 0x1904, 0x6A43,
  0xE402, 0xE3E2, 0xDBE2, 0xBB42, 0x4961, 0x5981, 0x61C1, 0x9AA1, 0x8241, 0x9AA1, 0xCB82, 0x3962,
  0x1904, 0x1904, 0x1904, 0x1904, 0x1904, 0x1904, 0x1904, 0x1904, 0x1904, 0x1904, 0x1904, 0x1904,
  0x1904, 0x1904, 0x1904, 0x1904, 0x1904, 0x1904, 0x1904, 0x1904, 0x1904, 0x1904, 0x1904, 0x2943,
  0xCBA2, 0xDBC2, 0xD3C2, 0xC362, 0xB322, 0xA2E2, 0x92A1, 0x8A61, 0x8221, 0xCB82, 0x9AA2, 0x1903,
  0x1904, 0x1904, 0x1904, 0x1904, 0x1904, 0x1904, 0x1904, 0x1904, 0x1904, 0x1904, 0x1904, 0x1904,
  0x1904, 0x1904, 0x1904, 0x1904, 0x1904, 0x1904, 0x1904, 0x1904, 0x1904, 0x1904, 0x1904, 0x1904,
  0x8283, 0xE3E2, 0xC362, 0xB322, 0xAB02, 0x9AC2, 0x9281, 0x7201, 0xA2C2, 0xD3A2, 0x4982, 0x1904,
  0x1904, 0x1904, 0x1904, 0x1904, 0x1904, 0x1904, 0x1904, 0x1904, 0x1904, 0x1904, 0x1904, 0x1904,
  0x1904, 0x1904, 0x1904, 0x1904, 0x1904, 0x1904, 0x1904, 0x1904, 0x1904, 0x1904, 0x1904, 0x1904,
  0x2124, 0xB322, 0xCB82, 0xB322, 0x9AA1, 0x8A61, 0x7A21, 0xAB02, 0xDBC2, 0x7201, 0x1903, 0x1904,
  0x1904, 0x1904, 0x1904, 0x1904, 0x1904, 0x1904, 0x1904, 0x1904, 0x1904, 0x1904, 0x1904, 0x1904,
  0x1904, 0x1904, 0x1904, 0x1904, 0x1904, 0x1904, 0x1904, 0x1904, 0x1904, 0x1904, 0x1904, 0x1904,
  0x1904, 0x4183, 0xB322, 0xCB82, 0xCB82, 0xCB82, 0xDBE2, 0xDBE2, 0x8241, 0x2923, 0x1904, 0x1904,
  0x1904, 0x1904, 0x1904, 0x1904, 0x1904, 0x1904, 0x1904, 0x1904, 0x1904, 0x1904, 0x1904, 0x1904,
  0x1904, 0x1904, 0x1904, 0x1904, 0x1904, 0x1904, 0x1904, 0x1904, 0x1904, 0x1904, 0x1904, 0x1904,
  0x1904, 0x1904, 0x4183, 0x9AC2, 0xB322, 0xBB42, 0xAAE2, 0x7201, 0x3143, 0x1904, 0x1904, 0x1904,
  0x1904, 0x1904, 0x1904, 0x1904, 0x1904, 0x1904, 0x1904, 0x1904, 0x1904, 0x1904, 0x1904, 0x1904,
  0x1904, 0x1904, 0x1904, 0x1904, 0x1904, 0x1904, 0x1904, 0x1904, 0x1904, 0x1904, 0x1904, 0x1904,
  0x1904, 0x1904, 0x1904, 0x2123, 0x51C3, 0x59C2, 0x4182, 0x2123, 0x1904, 0x1904, 0x1904, 0x1904,
  0x1904, 0x1904, 0x1904, 0x1904, 0x1904, 0x1904, 0x1904, 0x1904, 0x1904, 0x1904, 0x1904, 0x1904,
  0x1904, 0x1904, 0x1904, 0x1904, 0x1904, 0x1904, 0x1904, 0x1904, 0x1904, 0x1904, 0x1904, 0x1904,
  0x1904, 0x1904, 0x1904, 0x1904, 0x1904, 0x1904, 0x1904, 0x1904, 0x1904, 0x1904, 0x1904, 0x1904,
  0x1904, 0x1904, 0x1904, 0x1904, 0x1904, 0x1904, 0x1904, 0x1904, 0x1904, 0x1904, 0x1904, 0x1904,
  0x1904, 0x1904, 0x1904, 0x1904, 0x1904, 0x1904, 0x1904, 0x1904, 0x1904, 0x1904, 0x1904, 0x1904,
  0x1904, 0x1904, 0x1904, 0x1904, 0x1904, 0x1904, 0x1904, 0x1904, 0x1904, 0x1904, 0x1904, 0x1904,
  0x1904, 0x1904, 0x1904, 0x1904, 0x1904, 0x1904, 0x1904, 0x1904, 0x1904, 0x1904, 0x1904, 0x1904,
  0x1904, 0x1904, 0x1904, 0x1904, 0x1904, 0x1904, 0x1904, 0x1904, 0x1904, 0x1904, 0x1904, 0x1904,
  0x1904, 0x1904, 0x1904, 0x1904, 0x1904, 0x1904, 0x1904, 0x1904, 0x1904, 0x1904, 0x1904, 0x1904,
  0x1904, 0x1904, 0x1904, 0x1904, 0x1904, 0x1904, 0x1904, 0x1904, 0x1904, 0x1904, 0x1904, 0x1904,
};

// coin_spin_frame_3 36x36
const uint16_t coin_spin_frame_3_w = 36;
const uint16_t coin_spin_frame_3_h = 36;
const unsigned short coin_spin_frame_3[1296] PROGMEM = {
  0x1904, 0x1904, 0x1904, 0x1904, 0x1904, 0x1904, 0x1904, 0x1904, 0x1904, 0x1904, 0x1904, 0x1904,
  0x1904, 0x1904, 0x1904, 0x1904, 0x1904, 0x1904, 0x1904, 0x1904, 0x1904, 0x1904, 0x1904, 0x1904,
  0x1904, 0x1904, 0x1904, 0x1904, 0x1904, 0x1904, 0x1904, 0x1904, 0x1904, 0x1904, 0x1904, 0x1904,
  0x1904, 0x1904, 0x1904, 0x1904, 0x1904, 0x1904, 0x1904, 0x1904, 0x1904, 0x1904, 0x1904, 0x1904,
  0x1904, 0x1904, 0x1904, 0x1904, 0x1904, 0x1904, 0x1904, 0x1904, 0x1904, 0x1904, 0x1904, 0x1904,
  0x1904, 0x1904, 0x1904, 0x1904, 0x1904, 0x1904, 0x1904, 0x1904, 0x1904, 0x1904, 0x1904, 0x1904,
  0x1904, 0x1904, 0x1904, 0x1904, 0x1904, 0x1904, 0x1904, 0x1904, 0x1904, 0x1904, 0x1904, 0x1904,
  0x1904, 0x1904, 0x1904, 0x1904, 0x1904, 0x1904, 0x1904, 0x1904, 0x1904, 0x1904, 0x1904, 0x1904,
  0x1904, 0x1904, 0x1904, 0x1904, 0x1904, 0x1904, 0x1904, 0x1904, 0x1904, 0x1904, 0x1904, 0x1904,
  0x1904, 0x1904, 0x1904, 0x1904, 0x1904, 0x1904, 0x1904, 0x1904, 0x1904, 0x1904, 0x1904, 0x1904,
  0x1904, 0x1904, 0x1904, 0x1904, 0x1904, 0x51E3, 0x51E3, 0x1904, 0x1904, 0x1904, 0x1904, 0x1904,
  0x1904, 0x1904, 0x1904, 0x1904, 0x1904, 0x1904, 0x1904, 0x1904, 0x1904, 0x1904, 0x1904, 0x1904,
  0x1904, 0x1904, 0x1904, 0x1904, 0x1904, 0x1904, 0x1904, 0x1904, 0x1904, 0x1904, 0x1904, 0x1904,
  0x1904, 0x1904, 0x1904, 0x1904, 0x1904, 0xAB23, 0xBB63, 0x1904, 0x1904, 0x1904, 0x1904, 0x1904,
  0x1904, 0x1904, 0x1904, 0x1904, 0x1904, 0x1904, 0x1904, 0x1904, 0x1904, 0x1904, 0x1904, 0x1904,
  0x1904, 0x1904, 0x1904, 0x1904, 0x1904, 0x1904, 0x1904, 0x1904, 0x1904, 0x1904, 0x1904, 0x1904,
  0x1904, 0x1904, 0x1904, 0x1904, 0x2944, 0x8A61, 0xFF32, 0xFF32, 0x1904, 0x1904, 0x1904, 0x1904,
  0x1904, 0x1904, 0x1904, 0x1904, 0x1904, 0x1904, 0x1904, 0x1904, 0x1904, 0x1904, 0x1904, 0x1904,
  0x1904, 0x1904, 0x1904, 0x1904, 0x1904, 0x1904, 0x1904, 0x1904, 0x1904, 0x1904, 0x1904, 0x1904,
  0x1904, 0x1904, 0x1904, 0x1904, 0x3963, 0xB302, 0xFF32, 0xFF32, 0x1904, 0x1904, 0x1904, 0x1904,
  0x1904, 0x1904, 0x1904, 0x1904, 0x1904, 0x1904, 0x1904, 0x1904, 0x1904, 0x1904, 0x1904, 0x1904,
  0x1904, 0x1904, 0x1904, 0x1904, 0x1904, 0x1904, 0x1904, 0x1904, 0x1904, 0x1904, 0x1904, 0x1904,
  0x1904, 0x1904, 0x1904, 0x1904, 0x49A3, 0xCB82, 0xFF32, 0xFF32, 0x1904, 0x1904, 0x1904, 0x1904,
  0x1904, 0x1904, 0x1904, 0x1904, 0x1904, 0x1904, 0x1904, 0x1904, 0x1904, 0x1904, 0x1904, 0x1904,
  0x1904, 0x1904, 0x1904, 0x1904, 0x1904, 0x1904, 0x1904, 0x1904, 0x1904, 0x1904, 0x1904, 0x1904,
  0x1904, 0x1904, 0x1904, 0x1904, 0x6203, 0xCBA2, 0xFF32, 0xFF32, 0x1904, 0x1904, 0x1904, 0x1904,
  0x1904, 0x1904, 0x1904, 0x1904, 0x1904, 0x1904, 0x1904, 0x1904, 0x1904, 0x1904, 0x1904, 0x1904,
  0x1904, 0x1904, 0x1904, 0x1904, 0x1904, 0x1904, 0x1904, 0x1904, 0x1904, 0x1904, 0x1904, 0x1904,
  0x1904, 0x1904, 0x1904, 0x1904, 0x7A63, 0x9AC2, 0xFF32, 0xFF32, 0x1904, 0x1904, 0x1904, 0x1904,
  0x1904, 0x1904, 0x1904, 0x1904, 0x1904, 0x1904, 0x1904, 0x1904, 0x1904, 0x1904, 0x1904, 0x1904,
  0x1904, 0x1904, 0x1904, 0x1904, 0x1904, 0x1904, 0x1904, 0x1904, 0x1904, 0x1904, 0x1904, 0x1904,
  0x1904, 0x1904, 0x1904, 0x1904, 0x92A2, 0xAB02, 0xFF32, 0xFF32, 0x1904, 0x1904, 0x1904, 0x1904,
  0x1904, 0x1904, 0x1904, 0x1904, 0x1904, 0x1904, 0x1904, 0x1904, 0x1904, 0x1904, 0x1904, 0x1904,
  0x1904, 0x1904, 0x1904, 0x1904, 0x1904, 0x1904, 0x1904, 0x1904, 0x1904, 0x1904, 0x1904, 0x1904,
  0x1904, 0x1904, 0x1904, 0x1904, 0x9AE2, 0x8A61, 0xFF32, 0xFF32, 0x1904, 0x1904, 0x1904, 0x1904,
  0x1904, 0x1904, 0x1904, 0x1904, 0x1904, 0x1904, 0x1904, 0x1904, 0x1904, 0x1904, 0x1904, 0x1904,
  0x1904, 0x1904, 0x1904, 0x1904, 0x1904, 0x1904, 0x1904, 0x1904, 0x1904, 0x1904, 0x1904, 0x1904,
  0x1904, 0x1904, 0x1904, 0x1904, 0xAB02, 0x3143, 0xFF32, 0xFF32, 0x1904, 0x1904, 0x1904, 0x1904,
  0x1904, 0x1904, 0x1904, 0x1904, 0x1904, 0x1904, 0x1904, 0x1904, 0x1904, 0x1904, 0x1904, 0x1904,
  0x1904, 0x1904, 0x1904, 0x1904, 0x1904, 0x1904, 0x1904, 0x1904, 0x1904, 0x1904, 0x1904, 0x1904,
  0x1904, 0x1904, 0x1904, 0x1904, 0xB342, 0x61C1, 0xFF32, 0xFF32, 0x1904, 0x1904, 0x1904, 0x1904,
  0x1904, 0x1904, 0x1904, 0x1904, 0x1904, 0x1904, 0x1904, 0x1904, 0x1904, 0x1904, 0x1904, 0x1904,
  0x1904, 0x1904, 0x1904, 0x1904, 0x1904, 0x1904, 0x1904, 0x1904, 0x1904, 0x1904, 0x1904, 0x1904,
  0x1904, 0x1904, 0x1904, 0x1904, 0xC362, 0xAB43, 0xFF32, 0xFF32, 0x1904, 0x1904, 0x1904, 0x1904,
  0x1904, 0x1904, 0x1904, 0x1904, 0x1904, 0x1904, 0x1904, 0x1904, 0x1904, 0x1904, 0x1904, 0x1904,
  0x1904, 0x1904, 0x1904, 0x1904, 0x1904, 0x1904, 0x1904, 0x1904, 0x1904, 0x1904, 0x1904, 0x1904,
  0x1904, 0x1904, 0x1904, 0x1904, 0xCB82, 0xAB23, 0xFF32, 0xFF32, 0x1904, 0x1904, 0x1904, 0x1904,
  0x1904, 0x1904, 0x1904, 0x1904, 0x1904, 0x1904, 0x1904, 0x1904, 0x1904, 0x1904, 0x1904, 0x1904,
  0x1904, 0x1904, 0x1904, 0x1904, 0x1904, 0x1904, 0x1904, 0x1904, 0x1904, 0x1904, 0x1904, 0x1904,
  0x1904, 0x1904, 0x1904, 0x1904, 0xD3C2, 0xA303, 0xFF32, 0xFF32, 0x1904, 0x1904, 0x1904, 0x1904,
  0x1904, 0x1904, 0x1904, 0x1904, 0x1904, 0x1904, 0x1904, 0x1904, 0x1904, 0x1904, 0x1904, 0x1904,
  0x1904, 0x1904, 0x1904, 0x1904, 0x1904, 0x1904, 0x1904, 0x1904, 0x1904, 0x1904, 0x1904, 0x1904,
  0x1904, 0x1904, 0x1904, 0x1904, 0xEC23, 0x7A63, 0xFF32, 0xFF32, 0x1904, 0x1904, 0x1904, 0x1904,
  0x1904, 0x1904, 0x1904, 0x1904, 0x1904, 0x1904, 0x1904, 0x1904, 0x1904, 0x1904, 0x1904, 0x1904,
  0x1904, 0x1904, 0x1904, 0x1904, 0x1904, 0x1904, 0x1904, 0x1904, 0x1904, 0x1904, 0x1904, 0x1904,
  0x1904, 0x1904, 0x1904, 0x1904, 0xEC23, 0x8A82, 0xFF32, 0xFF32, 0x1904, 0x1904, 0x1904, 0x1904,
  0x1904, 0x1904, 0x1904, 0x1904, 0x1904, 0x1904, 0x1904, 0x1904, 0x1904, 0x1904, 0x1904, 0x1904,
  0x1904, 0x1904, 0x1904, 0x1904, 0x1904, 0x1904, 0x1904, 0x1904, 0x1904, 0x1904, 0x1904, 0x1904,
  0x1904, 0x1904, 0x1904, 0x1904, 0xE402, 0xB363, 0xFF32, 0xFF32, 0x1904, 0x1904, 0x1904, 0x1904,
  0x1904, 0x1904, 0x1904, 0x1904, 0x1904, 0x1904, 0x1904, 0x1904, 0x1904, 0x1904, 0x1904, 0x1904,
  0x1904, 0x1904, 0x1904, 0x1904, 0x1904, 0x1904, 0x1904, 0x1904, 0x1904, 0x1904, 0x1904, 0x1904,
  0x1904, 0x1904, 0x1904, 0x1904, 0xEC23, 0xB343, 0xFF32, 0xFF32, 0x1904, 0x1904, 0x1904, 0x1904,
  0x1904, 0x1904, 0x1904, 0x1904, 0x1904, 0x1904, 0x1904, 0x1904, 0x1904, 0x1904, 0x1904, 0x1904,
  0x1904, 0x1904, 0x1904, 0x1904, 0x1904, 0x1904, 0x1904, 0x1904, 0x1904, 0x1904, 0x1904, 0x1904,
  0x1904, 0x1904, 0x1904, 0x1904, 0xE423, 0xB363, 0xFF32, 0xFF32, 0x1904, 0x1904, 0x1904, 0x1904,
  0x1904, 0x1904, 0x1904, 0x1904, 0x1904, 0x1904, 0x1904, 0x1904, 0x1904, 0x1904, 0x1904, 0x1904,
  0x1904, 0x1904, 0x1904, 0x1904, 0x1904, 0x1904, 0x1904, 0x1904, 0x1904, 0x1904, 0x1904, 0x1904,
  0x1904, 0x1904, 0x1904, 0x1904, 0xE403, 0x7221, 0xFF32, 0xFF32, 0x1904, 0x1904, 0x1904, 0x1904,
  0x1904, 0x1904, 0x1904, 0x1904, 0x1904, 0x1904, 0x1904, 0x1904, 0x1904, 0x1904, 0x1904, 0x1904,
  0x1904, 0x1904, 0x1904, 0x1904, 0x1904, 0x1904, 0x1904, 0x1904, 0x1904, 0x1904, 0x1904, 0x1904,
  0x1904, 0x1904, 0x1904, 0x1904, 0xD3E3, 0x41A4, 0xFF32, 0xFF32, 0x1904, 0x1904, 0x1904, 0x1904,
  0x1904, 0x1904, 0x1904, 0x1904, 0x1904, 0x1904, 0x1904, 0x1904, 0x1904, 0x1904, 0x1904, 0x1904,
  0x1904, 0x1904, 0x1904, 0x1904, 0x1904, 0x1904, 0x1904, 0x1904, 0x1904, 0x1904, 0x1904, 0x1904,
  0x1904, 0x1904, 0x1904, 0x1904, 0xCBA3, 0x9281, 0xFF32, 0xFF32, 0x1904, 0x1904, 0x1904, 0x1904,
  0x1904, 0x1904, 0x1904, 0x1904, 0x1904, 0x1904, 0x1904, 0x1904, 0x1904, 0x1904, 0x1904, 0x1904,
  0x1904, 0x1904, 0x1904, 0x1904, 0x1904, 0x1904, 0x1904, 0x1904, 0x1904, 0x1904, 0x1904, 0x1904,
  0x1904, 0x1904, 0x1904, 0x1904, 0xB363, 0xB322, 0xFF32, 0xFF32, 0x1904, 0x1904, 0x1904, 0x1904,
  0x1904, 0x1904, 0x1904, 0x1904, 0x1904, 0x1904, 0x1904, 0x1904, 0x1904, 0x1904, 0x1904, 0x1904,
  0x1904, 0x1904, 0x1904, 0x1904, 0x1904, 0x1904, 0x1904, 0x1904, 0x1904, 0x1904, 0x1904, 0x1904,
  0x1904, 0x1904, 0x1904, 0x1904, 0x9AE3, 0xA2E2, 0xFF32, 0xFF32, 0x1904, 0x1904, 0x1904, 0x1904,
  0x1904, 0x1904, 0x1904, 0x1904, 0x1904, 0x1904, 0x1904, 0x1904, 0x1904, 0x1904, 0x1904, 0x1904,
  0x1904, 0x1904, 0x1904, 0x1904, 0x1904, 0x1904, 0x1904, 0x1904, 0x1904, 0x1904, 0x1904, 0x1904,
  0x1904, 0x1904, 0x1904, 0x1904, 0x7A83, 0xCB82, 0xFF32, 0xFF32, 0x1904, 0x1904, 0x1904, 0x1904,
  0x1904, 0x1904, 0x1904, 0x1904, 0x1904, 0x1904, 0x1904, 0x1904, 0x1904, 0x1904, 0x1904, 0x1904,
  0x1904, 0x1904, 0x1904, 0x1904, 0x1904, 0x1904, 0x1904, 0x1904, 0x1904, 0x1904, 0x1904, 0x1904,
  0x1904, 0x1904, 0x1904, 0x1904, 0x6203, 0xBB42, 0xFF32, 0xFF32, 0x1904, 0x1904, 0x1904, 0x1904,
  0x1904, 0x1904, 0x1904, 0x1904, 0x1904, 0x1904, 0x1904, 0x1904, 0x1904, 0x1904, 0x1904, 0x1904,
  0x1904, 0x1904, 0x1904, 0x1904, 0x1904, 0x1904, 0x1904, 0x1904, 0x1904, 0x1904, 0x1904, 0x1904,
  0x1904, 0x1904, 0x1904, 0x1904, 0x41A3, 0xAB02, 0xFF32, 0xFF32, 0x1904, 0x1904, 0x1904, 0x1904,
  0x1904, 0x1904, 0x1904, 0x1904, 0x1904, 0x1904, 0x1904, 0x1904, 0x1904, 0x1904, 0x1904, 0x1904,
  0x1904, 0x1904, 0x1904, 0x1904, 0x1904, 0x1904, 0x1904, 0x1904, 0x1904, 0x1904, 0x1904, 0x1904,
  0x1904, 0x1904, 0x1904, 0x1904, 0x2124, 0xBB42, 0xFF32, 0xFF32, 0x1904, 0x1904, 0x1904, 0x1904,
  0x1904, 0x1904, 0x1904, 0x1904, 0x1904, 0x1904, 0x1904, 0x1904, 0x1904, 0x1904, 0x1904, 0x1904,
  0x1904, 0x1904, 0x1904, 0x1904, 0x1904, 0x1904, 0x1904, 0x1904, 0x1904, 0x1904, 0x1904, 0x1904,
  0x1904, 0x1904, 0x1904, 0x1904, 0x1904, 0x8A82, 0x7A42, 0x1904, 0x1904, 0x1904, 0x1904, 0x1904,
  0x1904, 0x1904, 0x1904, 0x1904, 0x1904, 0x1904, 0x1904, 0x1904, 0x1904, 0x1904, 0x1904, 0x1904,
  0x1904, 0x1904, 0x1904, 0x1904, 0x1904, 0x1904, 0x1904, 0x1904, 0x1904, 0x1904, 0x1904, 0x1904,
  0x1904, 0x1904, 0x1904, 0x1904, 0x1904, 0x3163, 0x3143, 0x1904, 0x1904, 0x1904, 0x1904, 0x1904,
  0x1904, 0x1904, 0x1904, 0x1904, 0x1904, 0x1904, 0x1904, 0x1904, 0x1904, 0x1904, 0x1904, 0x1904,
  0x1904, 0x1904, 0x1904, 0x1904, 0x1904, 0x1904, 0x1904, 0x1904, 0x1904, 0x1904, 0x1904, 0x1904,
  0x1904, 0x1904, 0x1904, 0x1904, 0x1904, 0x1904, 0x1904, 0x1904, 0x1904, 0x1904, 0x1904, 0x1904,
  0x1904, 0x1904, 0x1904, 0x1904, 0x1904, 0x1904, 0x1904, 0x1904, 0x1904, 0x1904, 0x1904, 0x1904,
  0x1904, 0x1904, 0x1904, 0x1904, 0x1904, 0x1904, 0x1904, 0x1904, 0x1904, 0x1904, 0x1904, 0x1904,
  0x1904, 0x1904, 0x1904, 0x1904, 0x1904, 0x1904, 0x1904, 0x1904, 0x1904, 0x1904, 0x1904, 0x1904,
  0x1904, 0x1904, 0x1904, 0x1904, 0x1904, 0x1904, 0x1904, 0x1904, 0x1904, 0x1904, 0x1904, 0x1904,
  0x1904, 0x1904, 0x1904, 0x1904, 0x1904, 0x1904, 0x1904, 0x1904, 0x1904, 0x1904, 0x1904, 0x1904,
  0x1904, 0x1904, 0x1904, 0x1904, 0x1904, 0x1904, 0x1904, 0x1904, 0x1904, 0x1904, 0x1904, 0x1904,
  0x1904, 0x1904, 0x1904, 0x1904, 0x1904, 0x1904, 0x1904, 0x1904, 0x1904, 0x1904, 0x1904, 0x1904,
};

// coin_spin_frame_4 36x36
const uint16_t coin_spin_frame_4_w = 36;
const uint16_t coin_spin_frame_4_h = 36;
const unsigned short coin_spin_frame_4[1296] PROGMEM = {
  0x1904, 0x1904, 0x1904, 0x1904, 0x1904, 0x1904, 0x1904, 0x1904, 0x1904, 0x1904, 0x1904, 0x1904,
  0x1904, 0x1904, 0x1904, 0x1904, 0x1904, 0x1904, 0x1904, 0x1904, 0x1904, 0x1904, 0x1904, 0x1904,
  0x1904, 0x1904, 0x1904, 0x1904, 0x1904, 0x1904, 0x1904, 0x1904, 0x1904, 0x1904, 0x1904, 0x1904,
  0x1904, 0x1904, 0x1904, 0x1904, 0x1904, 0x1904, 0x1904, 0x1904, 0x1904, 0x1904, 0x1904, 0x1904,
  0x1904, 0x1904, 0x1904, 0x1904, 0x1904, 0x1904, 0x1904, 0x1904, 0x1904, 0x1904, 0x1904, 0x1904,
  0x1904, 0x1904, 0x1904, 0x1904, 0x1904, 0x1904, 0x1904, 0x1904, 0x1904, 0x1904, 0x1904, 0x1904,
  0x1904, 0x1904, 0x1904, 0x1904, 0x1904, 0x1904, 0x1904, 0x1904, 0x1904, 0x1904, 0x1904, 0x1904,
  0x1904, 0x1904, 0x1904, 0x1904, 0x1904, 0x1904, 0x1904, 0x1904, 0x1904, 0x1904, 0x1904, 0x1904,
  0x1904, 0x1904, 0x1904, 0x1904, 0x1904, 0x1904, 0x1904, 0x1904, 0x1904, 0x1904, 0x1904, 0x1904,
  0x1904, 0x1904, 0x1904, 0x1904, 0x1904, 0x1904, 0x1904, 0x1904, 0x1904, 0x1904, 0x1904, 0x1904,
  0x1904, 0x1904, 0x1904, 0x2944, 0x82A3, 0xA323, 0x7A83, 0x2944, 0x1904, 0x1904, 0x1904, 0x1904,
  0x1904, 0x1904, 0x1904, 0x1904, 0x1904, 0x1904, 0x1904, 0x1904, 0x1904, 0x1904, 0x1904, 0x1904,
  0x1904, 0x1904, 0x1904, 0x1904, 0x1904, 0x1904, 0x1904, 0x1904, 0x1904, 0x1904, 0x1904, 0x1904,
  0x1904, 0x1904, 0x5A03, 0xEC43, 0xEC22, 0xCB82, 0xDBC2, 0xD3C2, 0x51E3, 0x1904, 0x1904, 0x1904,
  0x1904, 0x1904, 0x1904, 0x1904, 0x1904, 0x1904, 0x1904, 0x1904, 0x1904, 0x1904, 0x1904, 0x1904,
  0x1904, 0x1904, 0x1904, 0x1904, 0x1904, 0x1904, 0x1904, 0x1904, 0x1904, 0x1904, 0x1904, 0x1904,
  0x1904, 0x51E3, 0xFCA3, 0xAB02, 0x8241, 0x8A61, 0x7201, 0x8261, 0xD3A2, 0x49C3, 0x1904, 0x1904,
  0x1904, 0x1904, 0x1904, 0x1904, 0x1904, 0x1904, 0x1904, 0x1904, 0x1904, 0x1904, 0x1904, 0x1904,
  0x1904, 0x1904, 0x1904, 0x1904, 0x1904, 0x1904, 0x1904, 0x1904, 0x1904, 0x1904, 0x1904, 0x1904,
  0x2944, 0xE463, 0xAB02, 0xB302, 0xEC23, 0xE402, 0xD3A2, 0x8A61, 0x7A01, 0xC362, 0x2944, 0x1904,
  0x1904, 0x1904, 0x1904, 0x1904, 0x1904, 0x1904, 0x1904, 0x1904, 0x1904, 0x1904, 0x1904, 0x1904,
  0x1904, 0x1904, 0x1904, 0x1904, 0x1904, 0x1904, 0x1904, 0x1904, 0x1904, 0x1904, 0x1904, 0x1904,
  0x9B23, 0xDBE2, 0xCBA2, 0xFCA3, 0xF423, 0xE3E2, 0xD3C2, 0xDBC2, 0x9281, 0xA2C2, 0x8AC3, 0x1904,
  0x1904, 0x1904, 0x1904, 0x1904, 0x1904, 0x1904, 0x1904, 0x1904, 0x1904, 0x1904, 0x1904, 0x1904,
  0x1904, 0x1904, 0x1904, 0x1904, 0x1904, 0x1904, 0x1904, 0x1904, 0x1904, 0x1904, 0x1904, 0x3164,
  0xDBE3, 0xD3A2, 0xFCC3, 0xFC63, 0xEC23, 0xDBE2, 0xD3A2, 0xCB82, 0xCBA2, 0x8A61, 0xBB42, 0x3164,
  0x1904, 0x1904, 0x1904, 0x1904, 0x1904, 0x1904, 0x1904, 0x1904, 0x1904, 0x1904, 0x1904, 0x1904,
  0x1904, 0x1904, 0x1904, 0x1904, 0x1904, 0x1904, 0x1904, 0x1904, 0x1904, 0x1904, 0x1904, 0x6A43,
  0xD3A2, 0xEC43, 0xFCC3, 0xFCE3, 0x92A1, 0x7201, 0x59A1, 0xC362, 0xD3A2, 0xAB02, 0xA2E2, 0x6A43,
  0x1904, 0x1904, 0x1904, 0x1904, 0x1904, 0x1904, 0x1904, 0x1904, 0x1904, 0x1904, 0x1904, 0x1904,
  0x1904, 0x1904, 0x1904, 0x1904, 0x1904, 0x1904, 0x1904, 0x1904, 0x1904, 0x1904, 0x1904, 0x9AE3,
  0xCBA2, 0xFC63, 0xFC83, 0xFD23, 0x8AA1, 0x7A21, 0x59A1, 0xDBC2, 0xE3E2, 0xCB82, 0x9AA1, 0x92C2,
  0x1904, 0x1904, 0x1904, 0x1904, 0x1904, 0x1904, 0x1904, 0x1904, 0x1904, 0x1904, 0x1904, 0x1904,
  0x1904, 0x1904, 0x1904, 0x1904, 0x1904, 0x1904, 0x1904, 0x1904, 0x1904, 0x1904, 0x2943, 0xB322,
  0xD3A2, 0xF423, 0xFC83, 0xFD03, 0x8241, 0x61A1, 0x5161, 0xA2C2, 0xBB42, 0xD3C2, 0xA2E2, 0xA2E2,
  0x3164, 0x1904, 0x1904, 0x1904, 0x1904, 0x1904, 0x1904, 0x1904, 0x1904, 0x1904, 0x1904, 0x1904,
  0x1904, 0x1904, 0x1904, 0x1904, 0x1904, 0x1904, 0x1904, 0x1904, 0x1904, 0x1904, 0x49A3, 0xBB42,
  0xCBA2, 0xEC03, 0xFC63, 0x61C1, 0x10E3, 0x1904, 0x18C2, 0x18E3, 0x59E3, 0xE3E2, 0xB302, 0xAAE2,
  0x51E3, 0x1904, 0x1904, 0x1904, 0x1904, 0x1904, 0x1904, 0x1904, 0x1904, 0x1904, 0x1904, 0x1904,
  0x1904, 0x1904, 0x1904, 0x1904, 0x1904, 0x1904, 0x1904, 0x1904, 0x1904, 0x1904, 0x6203, 0xC362,
  0xCB82, 0xEC22, 0xBB42, 0x1081, 0x30E0, 0x7A21, 0x20A0, 0x3122, 0xAAE2, 0xDBE2, 0xC362, 0xAB02,
  0x7243, 0x1904, 0x1904, 0x1904, 0x1904, 0x1904, 0x1904, 0x1904, 0x1904, 0x1904, 0x1904, 0x1904,
  0x1904, 0x1904, 0x1904, 0x1904, 0x1904, 0x1904, 0x1904, 0x1904, 0x1904, 0x1904, 0x7A42, 0xC362,
  0xC362, 0xE402, 0x9282, 0x10E3, 0xBB82, 0xFD23, 0x2922, 0x7263, 0xFCC3, 0xDBC2, 0xD3C2, 0xB322,
  0x8AA3, 0x1904, 0x1904, 0x1904, 0x1904, 0x1904, 0x1904, 0x1904, 0x1904, 0x1904, 0x1904, 0x1904,
  0x1904, 0x1904, 0x1904, 0x1904, 0x1904, 0x1904, 0x1904, 0x1904, 0x1904, 0x1904, 0x8282, 0xBB42,
  0xBB22, 0xDBE2, 0x8A62, 0x10E3, 0xD3E3, 0xFCE3, 0x2922, 0x6A23, 0xFC83, 0xE3E2, 0xDBC2, 0xBB42,
  0x9AE3, 0x1904, 0x1904, 0x1904, 0x1904, 0x1904, 0x1904, 0x1904, 0x1904, 0x1904, 0x1904, 0x1904,
  0x1904, 0x1904, 0x1904, 0x1904, 0x1904, 0x1904, 0x1904, 0x1904, 0x1904, 0x1904, 0x8A82, 0xBB22,
  0xB302, 0xCB82, 0xB302, 0x1081, 0x8242, 0xFC63, 0x2922, 0x6A43, 0xFCC3, 0xEC02, 0xE402, 0xC362,
  0xA2E2, 0x1904, 0x1904, 0x1904, 0x1904, 0x1904, 0x1904, 0x1904, 0x1904, 0x1904, 0x1904, 0x1904,
  0x1904, 0x1904, 0x1904, 0x1904, 0x1904, 0x1904, 0x1904, 0x1904, 0x1904, 0x1904, 0x8A82, 0xB302,
  0xAB02, 0xC362, 0xC362, 0x28C0, 0x10E3, 0x1904, 0x10A2, 0x7A62, 0xFCE3, 0xF423, 0xEC23, 0xC362,
  0xAB02, 0x1904, 0x1904, 0x1904, 0x1904, 0x1904, 0x1904, 0x1904, 0x1904, 0x1904, 0x1904, 0x1904,
  0x1904, 0x1904, 0x1904, 0x1904, 0x1904, 0x1904, 0x1904, 0x1904, 0x1904, 0x1904, 0x8A82, 0xAB02,
  0x9AC2, 0xC362, 0x61C1, 0x0861, 0x3921, 0x69C1, 0x1060, 0x7263, 0xFCE3, 0xF443, 0xF443, 0xCB82,
  0xAB22, 0x1904, 0x1904, 0x1904, 0x1904, 0x1904, 0x1904, 0x1904, 0x1904, 0x1904, 0x1904, 0x1904,
  0x1904, 0x1904, 0x1904, 0x1904, 0x1904, 0x1904, 0x1904, 0x1904, 0x1904, 0x1904, 0x8262, 0xAAE2,
  0x92A1, 0xBB42, 0x3942, 0x20A0, 0xD3A2, 0xFC63, 0x2922, 0x7263, 0xFD03, 0xFC63, 0xFC63, 0xD3A2,
  0xAB23, 0x1904, 0x1904, 0x1904, 0x1904, 0x1904, 0x1904, 0x1904, 0x1904, 0x1904, 0x1904, 0x1904,
  0x1904, 0x1904, 0x1904, 0x1904, 0x1904, 0x1904, 0x1904, 0x1904, 0x1904, 0x1904, 0x7242, 0xAB02,
  0x9281, 0xAB02, 0x28C1, 0x4162, 0xD3A2, 0xDBC2, 0x2922, 0x6A43, 0xFCE3, 0xFC83, 0xFC63, 0xDBE2,
  0xAB23, 0x1904, 0x1904, 0x1904, 0x1904, 0x1904, 0x1904, 0x1904, 0x1904, 0x1904, 0x1904, 0x1904,
  0x1904, 0x1904, 0x1904, 0x1904, 0x1904, 0x1904, 0x1904, 0x1904, 0x1904, 0x1904, 0x6202, 0xBB42,
  0x8A61, 0xA2E2, 0x3942, 0x20A0, 0xC362, 0xEC23, 0x2922, 0x6A43, 0xFD03, 0xFC83, 0xFC83, 0xE402,
  0x9AE3, 0x1904, 0x1904, 0x1904, 0x1904, 0x1904, 0x1904, 0x1904, 0x1904, 0x1904, 0x1904, 0x1904,
  0x1904, 0x1904, 0x1904, 0x1904, 0x1904, 0x1904, 0x1904, 0x1904, 0x1904, 0x1904, 0x49A3, 0xC362,
  0x8261, 0x9AC2, 0x51C3, 0x1904, 0x4141, 0x7201, 0x20A0, 0x2902, 0xBB42, 0xFCC3, 0xF483, 0xEC23,
  0x8283, 0x1904, 0x1904, 0x1904, 0x1904, 0x1904, 0x1904, 0x1904, 0x1904, 0x1904, 0x1904, 0x1904,
  0x1904, 0x1904, 0x1904, 0x1904, 0x1904, 0x1904, 0x1904, 0x1904, 0x1904, 0x1904, 0x3143, 0xBB22,
  0x9281, 0x8A61, 0x92A1, 0x28C0, 0x18E3, 0x1904, 0x1904, 0x1904, 0x6A23, 0xFCE3, 0xF463, 0xDC02,
  0x5A03, 0x1904, 0x1904, 0x1904, 0x1904, 0x1904, 0x1904, 0x1904, 0x1904, 0x1904, 0x1904, 0x1904,
  0x1904, 0x1904, 0x1904, 0x1904, 0x1904, 0x1904, 0x1904, 0x1904, 0x1904, 0x1904, 0x1903, 0x9AC2,
  0xAAE2, 0x8241, 0x9AA1, 0xBB42, 0x59A1, 0x4940, 0x4120, 0x9281, 0xC362, 0xFC83, 0xE423, 0xD3C3,
  0x3164, 0x1904, 0x1904, 0x1904, 0x1904, 0x1904, 0x1904, 0x1904, 0x1904, 0x1904, 0x1904, 0x1904,
  0x1904, 0x1904, 0x1904, 0x1904, 0x1904, 0x1904, 0x1904, 0x1904, 0x1904, 0x1904, 0x1904, 0x7222,
  0xC362, 0x8241, 0x8A61, 0xAAE2, 0x69E1, 0x61E3, 0x5161, 0xD3A2, 0xF423, 0xF443, 0xE402, 0xAB23,
  0x1904, 0x1904, 0x1904, 0x1904, 0x1904, 0x1904, 0x1904, 0x1904, 0x1904, 0x1904, 0x1904, 0x1904,
  0x1904, 0x1904, 0x1904, 0x1904, 0x1904, 0x1904, 0x1904, 0x1904, 0x1904, 0x1904, 0x1904, 0x3962,
  0xCB82, 0x9AA1, 0x8241, 0x9AA1, 0x61C1, 0x5981, 0x4961, 0xBB42, 0xDBE2, 0xE3E2, 0xE402, 0x6A43,
  0x1904, 0x1904, 0x1904, 0x1904, 0x1904, 0x1904, 0x1904, 0x1904, 0x1904, 0x1904, 0x1904, 0x1904,
  0x1904, 0x1904, 0x1904, 0x1904, 0x1904, 0x1904, 0x1904, 0x1904, 0x1904, 0x1904, 0x1904, 0x1903,
  0x9AA2, 0xCB82, 0x8221, 0x8A61, 0x92A1, 0xA2E2, 0xB322, 0xC362, 0xD3C2, 0xDBC2, 0xCBA2, 0x2943,
  0x1904, 0x1904, 0x1904, 0x1904, 0x1904, 0x1904, 0x1904, 0x1904, 0x1904, 0x1904, 0x1904, 0x1904,
  0x1904, 0x1904, 0x1904, 0x1904, 0x1904, 0x1904, 0x1904, 0x1904, 0x1904, 0x1904, 0x1904, 0x1904,
  0x4982, 0xD3A2, 0xA2C2, 0x7201, 0x9281, 0x9AC2, 0xAB02, 0xB322, 0xC362, 0xE3E2, 0x8283, 0x1904,
  0x1904, 0x1904, 0x1904, 0x1904, 0x1904, 0x1904, 0x1904, 0x1904, 0x1904, 0x1904, 0x1904, 0x1904,
  0x1904, 0x1904, 0x1904, 0x1904, 0x1904, 0x1904, 0x1904, 0x1904, 0x1904, 0x1904, 0x1904, 0x1904,
  0x1903, 0x7201, 0xDBC2, 0xAB02, 0x7A21, 0x8A61, 0x9AA1, 0xB322, 0xCB82, 0xB322, 0x2124, 0x1904,
  0x1904, 0x1904, 0x1904, 0x1904, 0x1904, 0x1904, 0x1904, 0x1904, 0x1904, 0x1904, 0x1904, 0x1904,
  0x1904, 0x1904, 0x1904, 0x1904, 0x1904, 0x1904, 0x1904, 0x1904, 0x1904, 0x1904, 0x1904, 0x1904,
  0x1904, 0x2923, 0x8241, 0xDBE2, 0xDBE2, 0xCB82, 0xCB82, 0xCB82, 0xB322, 0x4183, 0x1904, 0x1904,
  0x1904, 0x1904, 0x1904, 0x1904, 0x1904, 0x1904, 0x1904, 0x1904, 0x1904, 0x1904, 0x1904, 0x1904,
  0x1904, 0x1904, 0x1904, 0x1904, 0x1904, 0x1904, 0x1904, 0x1904, 0x1904, 0x1904, 0x1904, 0x1904,
  0x1904, 0x1904, 0x3143, 0x7201, 0xAAE2, 0xBB42, 0xB322, 0x9AC2, 0x4183, 0x1904, 0x1904, 0x1904,
  0x1904, 0x1904, 0x1904, 0x1904, 0x1904, 0x1904, 0x1904, 0x1904, 0x1904, 0x1904, 0x1904, 0x1904,
  0x1904, 0x1904, 0x1904, 0x1904, 0x1904, 0x1904, 0x1904, 0x1904, 0x1904, 0x1904, 0x1904, 0x1904,
  0x1904, 0x1904, 0x1904, 0x2123, 0x4182, 0x59C2, 0x51C3, 0x2123, 0x1904, 0x1904, 0x1904, 0x1904,
  0x1904, 0x1904, 0x1904, 0x1904, 0x1904, 0x1904, 0x1904, 0x1904, 0x1904, 0x1904, 0x1904, 0x1904,
  0x1904, 0x1904, 0x1904, 0x1904, 0x1904, 0x1904, 0x1904, 0x1904, 0x1904, 0x1904, 0x1904, 0x1904,
  0x1904, 0x1904, 0x1904, 0x1904, 0x1904, 0x1904, 0x1904, 0x1904, 0x1904, 0x1904, 0x1904, 0x1904,
  0x1904, 0x1904, 0x1904, 0x1904, 0x1904, 0x1904, 0x1904, 0x1904, 0x1904, 0x1904, 0x1904, 0x1904,
  0x1904, 0x1904, 0x1904, 0x1904, 0x1904, 0x1904, 0x1904, 0x1904, 0x1904, 0x1904, 0x1904, 0x1904,
  0x1904, 0x1904, 0x1904, 0x1904, 0x1904, 0x1904, 0x1904, 0x1904, 0x1904, 0x1904, 0x1904, 0x1904,
  0x1904, 0x1904, 0x1904, 0x1904, 0x1904, 0x1904, 0x1904, 0x1904, 0x1904, 0x1904, 0x1904, 0x1904,
  0x1904, 0x1904, 0x1904, 0x1904, 0x1904, 0x1904, 0x1904, 0x1904, 0x1904, 0x1904, 0x1904, 0x1904,
  0x1904, 0x1904, 0x1904, 0x1904, 0x1904, 0x1904, 0x1904, 0x1904, 0x1904, 0x1904, 0x1904, 0x1904,
  0x1904, 0x1904, 0x1904, 0x1904, 0x1904, 0x1904, 0x1904, 0x1904, 0x1904, 0x1904, 0x1904, 0x1904,
};

// coin_spin_frame_5 36x36
const uint16_t coin_spin_frame_5_w = 36;
const uint16_t coin_spin_frame_5_h = 36;
const unsigned short coin_spin_frame_5[1296] PROGMEM = {
  0x1904, 0x1904, 0x1904, 0x1904, 0x1904, 0x1904, 0x1904, 0x1904, 0x1904, 0x1904, 0x1904, 0x1904,
  0x1904, 0x1904, 0x1904, 0x1904, 0x1904, 0x1904, 0x1904, 0x1904, 0x1904, 0x1904, 0x1904, 0x1904,
  0x1904, 0x1904, 0x1904, 0x1904, 0x1904, 0x1904, 0x1904, 0x1904, 0x1904, 0x1904, 0x1904, 0x1904,
  0x1904, 0x1904, 0x1904, 0x1904, 0x1904, 0x1904, 0x1904, 0x1904, 0x1904, 0x1904, 0x1904, 0x1904,
  0x1904, 0x1904, 0x1904, 0x1904, 0x1904, 0x1904, 0x1904, 0x1904, 0x1904, 0x1904, 0x1904, 0x1904,
  0x1904, 0x1904, 0x1904, 0x1904, 0x1904, 0x1904, 0x1904, 0x1904, 0x1904, 0x1904, 0x1904, 0x1904,
  0x1904, 0x1904, 0x1904, 0x1904, 0x1904, 0x1904, 0x1904, 0x1904, 0x1904, 0x1904, 0x1904, 0x1904,
  0x1904, 0x1904, 0x1904, 0x1904, 0x1904, 0x1904, 0x1904, 0x1904, 0x1904, 0x1904, 0x1904, 0x1904,
  0x1904, 0x1904, 0x1904, 0x1904, 0x1904, 0x1904, 0x1904, 0x1904, 0x1904, 0x1904, 0x1904, 0x1904,
  0x1904, 0x1904, 0x1904, 0x1904, 0x1904, 0x1904, 0x1904, 0x1904, 0x1904, 0x1904, 0x1904, 0x1904,
  0x1904, 0x1904, 0x2144, 0x5A03, 0x8AC3, 0xA303, 0xA303, 0x8AA3, 0x59E3, 0x2124, 0x1904, 0x1904,
  0x1904, 0x1904, 0x1904, 0x1904, 0x1904, 0x1904, 0x1904, 0x1904, 0x1904, 0x1904, 0x1904, 0x1904,
  0x1904, 0x1904, 0x1904, 0x1904, 0x1904, 0x1904, 0x1904, 0x1904, 0x1904, 0x1904, 0x1904, 0x1904,
  0x3983, 0xA323, 0xEC43, 0xF443, 0xE402, 0xD3A2, 0xCB82, 0xD3A2, 0xDBE2, 0xD3C2, 0x92C3, 0x3163,
  0x1904, 0x1904, 0x1904, 0x1904, 0x1904, 0x1904, 0x1904, 0x1904, 0x1904, 0x1904, 0x1904, 0x1904,
  0x1904, 0x1904, 0x1904, 0x1904, 0x1904, 0x1904, 0x1904, 0x1904, 0x1904, 0x1904, 0x1904, 0x82A3,
  0xFCC3, 0xF443, 0xAAE2, 0x8A61, 0x8A61, 0x8A61, 0x8241, 0x7A21, 0x69E1, 0x8241, 0xC362, 0xDBC2,
  0x7243, 0x1904, 0x1904, 0x1904, 0x1904, 0x1904, 0x1904, 0x1904, 0x1904, 0x1904, 0x1904, 0x1904,
  0x1904, 0x1904, 0x1904, 0x1904, 0x1904, 0x1904, 0x1904, 0x1904, 0x1904, 0x2124, 0xB383, 0xFD03,
  0xB322, 0x8A61, 0xBB42, 0xE402, 0xEC23, 0xE402, 0xE3E2, 0xD3A2, 0xBB62, 0x9281, 0x5981, 0x7A21,
  0xDBE2, 0x9AE3, 0x2124, 0x1904, 0x1904, 0x1904, 0x1904, 0x1904, 0x1904, 0x1904, 0x1904, 0x1904,
  0x1904, 0x1904, 0x1904, 0x1904, 0x1904, 0x1904, 0x1904, 0x1904, 0x1904, 0xBB83, 0xFCE3, 0x9AC2,
  0xC362, 0xFCA3, 0xFC83, 0xF443, 0xF423, 0xEC02, 0xDBC2, 0xDBC2, 0xD3C2, 0xD3A2, 0xCB82, 0x8241,
  0x61C1, 0xDBC2, 0xA303, 0x1904, 0x1904, 0x1904, 0x1904, 0x1904, 0x1904, 0x1904, 0x1904, 0x1904,
  0x1904, 0x1904, 0x1904, 0x1904, 0x1904, 0x1904, 0x1904, 0x1904, 0x92E3, 0xFCC3, 0xAAE2, 0xE402,
  0xFD03, 0xFC83, 0xFC63, 0xFC63, 0xE402, 0xDBC2, 0xE402, 0xCB82, 0xCB82, 0xD3A2, 0xCB82, 0xD3A2,
  0x9AC1, 0x69C1, 0xDBE2, 0x8AA3, 0x1904, 0x1904, 0x1904, 0x1904, 0x1904, 0x1904, 0x1904, 0x1904,
  0x1904, 0x1904, 0x1904, 0x1904, 0x1904, 0x1904, 0x1904, 0x49C3, 0xEC23, 0xB322, 0xDBC2, 0xFCC3,
  0xFCA3, 0xFCA3, 0xFC83, 0xFCE3, 0x7201, 0x28C0, 0xDBE2, 0x28A0, 0x69E1, 0xE402, 0xCB82, 0xC362,
  0xD3A2, 0x92A1, 0x7221, 0xDBC2, 0x49C3, 0x1904, 0x1904, 0x1904, 0x1904, 0x1904, 0x1904, 0x1904,
  0x1904, 0x1904, 0x1904, 0x1904, 0x1904, 0x1904, 0x2124, 0xAB23, 0xCB82, 0xBB22, 0xFC63, 0xFC63,
  0xFCA3, 0xFCC3, 0xFCA3, 0xFD43, 0x6A01, 0x2080, 0xEC43, 0x20A0, 0x71E1, 0xFC83, 0xE402, 0xD3C2,
  0xCB82, 0xCBA2, 0x7A21, 0xAAE2, 0xB343, 0x2124, 0x1904, 0x1904, 0x1904, 0x1904, 0x1904, 0x1904,
  0x1904, 0x1904, 0x1904, 0x1904, 0x1904, 0x1904, 0x51C3, 0xD3A2, 0xAB02, 0xDBC2, 0xEC22, 0xF443,
  0xFC63, 0xFCC3, 0xFCC3, 0xF443, 0x59A1, 0x28A0, 0xB322, 0x20A0, 0x5981, 0xC362, 0xAAE2, 0xC362,
  0xD3A2, 0xCBA2, 0xB322, 0x7A21, 0xD3A2, 0x59E3, 0x1904, 0x1904, 0x1904, 0x1904, 0x1904, 0x1904,
  0x1904, 0x1904, 0x1904, 0x1904, 0x1904, 0x1904, 0x8283, 0xCB82, 0xB322, 0xDBC2, 0xE3E2, 0xEC23,
  0xFC83, 0xE402, 0x5981, 0x18C2, 0x1904, 0x1904, 0x1904, 0x18C2, 0x18A1, 0x1904, 0x1904, 0x7222,
  0xE402, 0xCB82, 0xCBA2, 0x8241, 0xB322, 0x9AE3, 0x1904, 0x1904, 0x1904, 0x1904, 0x1904, 0x1904,
  0x1904, 0x1904, 0x1904, 0x1904, 0x1904, 0x2123, 0xAB02, 0xBB62, 0xBB42, 0xD3A2, 0xDBC2, 0xE402,
  0xF423, 0x59C2, 0x10A2, 0x1860, 0x4120, 0x7201, 0x7201, 0x28C0, 0x1082, 0x3962, 0x7A21, 0xB322,
  0xE3E2, 0xD3A2, 0xDBC2, 0xAB02, 0x92A1, 0xC382, 0x2944, 0x1904, 0x1904, 0x1904, 0x1904, 0x1904,
  0x1904, 0x1904, 0x1904, 0x1904, 0x1904, 0x41A3, 0xBB42, 0xBB22, 0xBB42, 0xC382, 0xCBA2, 0xE3E2,
  0xCBA2, 0x28E1, 0x1904, 0x4982, 0xEC63, 0xFD03, 0xECA3, 0x4141, 0x1904, 0x7A43, 0xFCC3, 0xEC43,
  0xE3E2, 0xDBE2, 0xDBC2, 0xCBA2, 0x9281, 0xD3A2, 0x51C3, 0x1904, 0x1904, 0x1904, 0x1904, 0x1904,
  0x1904, 0x1904, 0x1904, 0x1904, 0x1904, 0x59E3, 0xBB42, 0xB322, 0xB322, 0xBB42, 0xCB82, 0xD3C2,
  0xCB82, 0x28E1, 0x1904, 0x7222, 0xFCA3, 0xFCA3, 0xEC83, 0x3921, 0x1904, 0x7223, 0xFC83, 0xEC23,
  0xE402, 0xE3E2, 0xDBC2, 0xDBE2, 0x9AC2, 0xD3A2, 0x7243, 0x1904, 0x1904, 0x1904, 0x1904, 0x1904,
  0x1904, 0x1904, 0x1904, 0x1904, 0x1904, 0x6202, 0xB322, 0xB322, 0xAB02, 0xBB22, 0xC362, 0xCB82,
  0xD3A2, 0x69C1, 0x0882, 0x2902, 0xA2E2, 0xEC23, 0xEC02, 0x3921, 0x1904, 0x7243, 0xFCA3, 0xF463,
  0xF423, 0xEC23, 0xE3E2, 0xE402, 0xA2E2, 0xCB82, 0x8AA3, 0x1904, 0x1904, 0x1904, 0x1904, 0x1904,
  0x1904, 0x1904, 0x1904, 0x1904, 0x1904, 0x6A02, 0xB322, 0xAB02, 0xA2C2, 0xB322, 0xBB42, 0xC362,
  0xD3A2, 0x9281, 0x2080, 0x18C2, 0x1904, 0x1904, 0x1904, 0x18E2, 0x0861, 0x7A63, 0xFCE3, 0xFC83,
  0xFC43, 0xF443, 0xEC02, 0xEC23, 0xAB02, 0xC362, 0x9AE3, 0x1904, 0x1904, 0x1904, 0x1904, 0x1904,
  0x1904, 0x1904, 0x1904, 0x1904, 0x1904, 0x6A02, 0xB322, 0xAB02, 0x92A1, 0xAAE2, 0xB302, 0xC382,
  0x8A61, 0x1040, 0x18C2, 0x18C2, 0x4940, 0x61A1, 0x61A1, 0x28A0, 0x0882, 0x7A63, 0xFCE3, 0xFC83,
  0xFC63, 0xFC63, 0xEC23, 0xF443, 0xB322, 0xCB82, 0x9AE3, 0x1904, 0x1904, 0x1904, 0x1904, 0x1904,
  0x1904, 0x1904, 0x1904, 0x1904, 0x1904, 0x59C2, 0xB322, 0xAB02, 0x8A61, 0xA2C2, 0xAAE2, 0xBB42,
  0x4961, 0x10C3, 0x1860, 0x8A81, 0xEC02, 0xEC23, 0xEC23, 0x4141, 0x1904, 0x7A63, 0xFCE3, 0xFCA3,
  0xFC83, 0xFC63, 0xF443, 0xFC63, 0xB322, 0xDBC2, 0x92C3, 0x1904, 0x1904, 0x1904, 0x1904, 0x1904,
  0x1904, 0x1904, 0x1904, 0x1904, 0x1904, 0x4182, 0xAB02, 0xB322, 0x8A61, 0x9AA1, 0xA2C2, 0xAB02,
  0x4120, 0x0861, 0x3143, 0xBB42, 0xD3A2, 0xCBA2, 0xD3C2, 0x3921, 0x1904, 0x7243, 0xFCA3, 0xFCA3,
  0xFCA3, 0xFC83, 0xFC63, 0xFC83, 0xBB42, 0xEC23, 0x7A63, 0x1904, 0x1904, 0x1904, 0x1904, 0x1904,
  0x1904, 0x1904, 0x1904, 0x1904, 0x1904, 0x3143, 0xA2C2, 0xC362, 0x8A61, 0x8A61, 0x9AA1, 0xAB02,
  0x4161, 0x10C3, 0x1880, 0x8241, 0xDBC2, 0xE3E2, 0xE402, 0x4141, 0x1904, 0x7243, 0xFCE3, 0xFCA3,
  0xFCA3, 0xFCA3, 0xFCA3, 0xFC63, 0xC362, 0xF463, 0x51E3, 0x1904, 0x1904, 0x1904, 0x1904, 0x1904,
  0x1904, 0x1904, 0x1904, 0x1904, 0x1904, 0x1903, 0x8262, 0xD3C2, 0x9AA2, 0x8241, 0x8A61, 0x9AC2,
  0x7A42, 0x1904, 0x1904, 0x20C1, 0x5161, 0x69E1, 0x69E1, 0x28C0, 0x1082, 0x3942, 0x7201, 0xDBC2,
  0xFCC3, 0xFCA3, 0xFCC3, 0xE423, 0xD3A2, 0xEC23, 0x2964, 0x1904, 0x1904, 0x1904, 0x1904, 0x1904,
  0x1904, 0x1904, 0x1904, 0x1904, 0x1904, 0x1904, 0x59C2, 0xCB82, 0xBB42, 0x7A21, 0x8A61, 0x8A61,
  0xA2E2, 0x7201, 0x28A0, 0x18C2, 0x1904, 0x1904, 0x1904, 0x1904, 0x1904, 0x1904, 0x1904, 0x9AC2,
  0xFCC3, 0xFC83, 0xFCE3, 0xD3A2, 0xE463, 0xAB63, 0x1904, 0x1904, 0x1904, 0x1904, 0x1904, 0x1904,
  0x1904, 0x1904, 0x1904, 0x1904, 0x1904, 0x1904, 0x3143, 0x9AA2, 0xD3A2, 0x8A61, 0x8241, 0x8A61,
  0x8A61, 0xAB02, 0xB302, 0xA2E2, 0x4960, 0x2080, 0x8261, 0x20A0, 0x4960, 0xAB02, 0xA2C2, 0xCBA2,
  0xFC63, 0xFC83, 0xEC63, 0xC362, 0xFC83, 0x5A03, 0x1904, 0x1904, 0x1904, 0x1904, 0x1904, 0x1904,
  0x1904, 0x1904, 0x1904, 0x1904, 0x1904, 0x1904, 0x1924, 0x59C2, 0xCB82, 0xBB42, 0x7A21, 0x8A61,
  0x8A61, 0x8A81, 0x9281, 0xBB42, 0x5981, 0x1903, 0xBB42, 0x20A0, 0x69C1, 0xF443, 0xEC03, 0xEC23,
  0xEC23, 0xFC63, 0xCB82, 0xE402, 0xBB83, 0x2104, 0x1904, 0x1904, 0x1904, 0x1904, 0x1904, 0x1904,
  0x1904, 0x1904, 0x1904, 0x1904, 0x1904, 0x1904, 0x1904, 0x3143, 0x8241, 0xE3E2, 0xAAE2, 0x8241,
  0x8A81, 0x8A61, 0x8A61, 0xA2E2, 0x5981, 0x20A0, 0x9AC2, 0x28C0, 0x61C1, 0xDBC2, 0xCBA2, 0xDBC2,
  0xEC23, 0xDBC2, 0xC382, 0xEC23, 0x49C3, 0x1904, 0x1904, 0x1904, 0x1904, 0x1904, 0x1904, 0x1904,
  0x1904, 0x1904, 0x1904, 0x1904, 0x1904, 0x1904, 0x1904, 0x1904, 0x4982, 0x9AC2, 0xEC23, 0xA2E2,
  0x7A21, 0x8A61, 0x8A61, 0x8A81, 0x9AA2, 0xA2E2, 0xA2E2, 0xB302, 0xBB42, 0xC362, 0xCB82, 0xDBC2,
  0xDBE2, 0xCB82, 0xF423, 0x8283, 0x1904, 0x1904, 0x1904, 0x1904, 0x1904, 0x1904, 0x1904, 0x1904,
  0x1904, 0x1904, 0x1904, 0x1904, 0x1904, 0x1904, 0x1904, 0x1904, 0x1904, 0x51A2, 0xA2E2, 0xE403,
  0xAB02, 0x7201, 0x7A21, 0x8241, 0x9281, 0x9AA1, 0xA2C2, 0xAB02, 0xAB02, 0xB322, 0xC362, 0xCBA2,
  0xCB82, 0xE402, 0x9AE3, 0x1904, 0x1904, 0x1904, 0x1904, 0x1904, 0x1904, 0x1904, 0x1904, 0x1904,
  0x1904, 0x1904, 0x1904, 0x1904, 0x1904, 0x1904, 0x1904, 0x1904, 0x1904, 0x1904, 0x5182, 0x8A61,
  0xD3C2, 0xDBC2, 0xA2E2, 0x8241, 0x8241, 0x8261, 0x9281, 0x9AA1, 0xA2E2, 0xB322, 0xC362, 0xC362,
  0xCBA2, 0x8AA3, 0x1924, 0x1904, 0x1904, 0x1904, 0x1904, 0x1904, 0x1904, 0x1904, 0x1904, 0x1904,
  0x1904, 0x1904, 0x1904, 0x1904, 0x1904, 0x1904, 0x1904, 0x1904, 0x1904, 0x1904, 0x1904, 0x4162,
  0x69E1, 0xAB02, 0xE3E2, 0xE402, 0xDBC2, 0xCB82, 0xC382, 0xCB82, 0xCB82, 0xC382, 0xBB62, 0xAB02,
  0x6203, 0x1904, 0x1904, 0x1904, 0x1904, 0x1904, 0x1904, 0x1904, 0x1904, 0x1904, 0x1904, 0x1904,
  0x1904, 0x1904, 0x1904, 0x1904, 0x1904, 0x1904, 0x1904, 0x1904, 0x1904, 0x1904, 0x1904, 0x1904,
  0x2923, 0x4982, 0x6A01, 0x9281, 0xB302, 0xBB42, 0xBB42, 0xBB42, 0xAB02, 0x9AA2, 0x6A22, 0x2943,
  0x1904, 0x1904, 0x1904, 0x1904, 0x1904, 0x1904, 0x1904, 0x1904, 0x1904, 0x1904, 0x1904, 0x1904,
  0x1904, 0x1904, 0x1904, 0x1904, 0x1904, 0x1904, 0x1904, 0x1904, 0x1904, 0x1904, 0x1904, 0x1904,
  0x1904, 0x1904, 0x1904, 0x3143, 0x4182, 0x51A2, 0x59C2, 0x51C2, 0x4183, 0x2124, 0x1904, 0x1904,
  0x1904, 0x1904, 0x1904, 0x1904, 0x1904, 0x1904, 0x1904, 0x1904, 0x1904, 0x1904, 0x1904, 0x1904,
  0x1904, 0x1904, 0x1904, 0x1904, 0x1904, 0x1904, 0x1904, 0x1904, 0x1904, 0x1904, 0x1904, 0x1904,
  0x1904, 0x1904, 0x1904, 0x1904, 0x1904, 0x1904, 0x1904, 0x1904, 0x1904, 0x1904, 0x1904, 0x1904,
  0x1904, 0x1904, 0x1904, 0x1904, 0x1904, 0x1904, 0x1904, 0x1904, 0x1904, 0x1904, 0x1904, 0x1904,
  0x1904, 0x1904, 0x1904, 0x1904, 0x1904, 0x1904, 0x1904, 0x1904, 0x1904, 0x1904, 0x1904, 0x1904,
  0x1904, 0x1904, 0x1904, 0x1904, 0x1904, 0x1904, 0x1904, 0x1904, 0x1904, 0x1904, 0x1904, 0x1904,
  0x1904, 0x1904, 0x1904, 0x1904, 0x1904, 0x1904, 0x1904, 0x1904, 0x1904, 0x1904, 0x1904, 0x1904,
  0x1904, 0x1904, 0x1904, 0x1904, 0x1904, 0x1904, 0x1904, 0x1904, 0x1904, 0x1904, 0x1904, 0x1904,
  0x1904, 0x1904, 0x1904, 0x1904, 0x1904, 0x1904, 0x1904, 0x1904, 0x1904, 0x1904, 0x1904, 0x1904,
  0x1904, 0x1904, 0x1904, 0x1904, 0x1904, 0x1904, 0x1904, 0x1904, 0x1904, 0x1904, 0x1904, 0x1904,
};

// coin_spin_frame_6 36x36
const uint16_t coin_spin_frame_6_w = 36;
const uint16_t coin_spin_frame_6_h = 36;
const unsigned short coin_spin_frame_6[1296] PROGMEM = {
  0x1904, 0x1904, 0x1904, 0x1904, 0x1904, 0x1904, 0x1904, 0x1904, 0x1904, 0x1904, 0x1904, 0x1904,
  0x1904, 0x1904, 0x1904, 0x1904, 0x1904, 0x1904, 0x1904, 0x1904, 0x1904, 0x1904, 0x1904, 0x1904,
  0x1904, 0x1904, 0x1904, 0x1904, 0x1904, 0x1904, 0x1904, 0x1904, 0x1904, 0x1904, 0x1904, 0x1904,
  0x1904, 0x1904, 0x1904, 0x1904, 0x1904, 0x1904, 0x1904, 0x1904, 0x1904, 0x1904, 0x1904, 0x1904,
  0x1904, 0x1904, 0x1904, 0x1904, 0x1904, 0x1904, 0x1904, 0x1904, 0x1904, 0x1904, 0x1904, 0x1904,
  0x1904, 0x1904, 0x1904, 0x1904, 0x1904, 0x1904, 0x1904, 0x1904, 0x1904, 0x1904, 0x1904, 0x1904,
  0x1904, 0x1904, 0x1904, 0x1904, 0x1904, 0x1904, 0x1904, 0x1904, 0x1904, 0x1904, 0x1904, 0x1904,
  0x1904, 0x1904, 0x1904, 0x1904, 0x1904, 0x1904, 0x1904, 0x1904, 0x1904, 0x1904, 0x1904, 0x1904,
  0x1904, 0x1904, 0x1904, 0x1904, 0x1904, 0x1904, 0x1904, 0x1904, 0x1904, 0x1904, 0x1904, 0x1904,
  0x1904, 0x1904, 0x1904, 0x1904, 0x1904, 0x1904, 0x1904, 0x1904, 0x1904, 0x1904, 0x1904, 0x1904,
  0x1904, 0x1904, 0x3983, 0x7243, 0x92E3, 0xA303, 0xA303, 0x92C3, 0x6A23, 0x3983, 0x1904, 0x1904,
  0x1904, 0x1904, 0x1904, 0x1904, 0x1904, 0x1904, 0x1904, 0x1904, 0x1904, 0x1904, 0x1904, 0x1904,
  0x1904, 0x1904, 0x1904, 0x1904, 0x1904, 0x1904, 0x1904, 0x1904, 0x1904, 0x1904, 0x1904, 0x2943,
  0x8AA3, 0xDC03, 0xFC63, 0xF443, 0xE3E2, 0xD3A2, 0xCB82, 0xD3A2, 0xDBE2, 0xDBE2, 0xC383, 0x7263,
  0x2943, 0x1904, 0x1904, 0x1904, 0x1904, 0x1904, 0x1904, 0x1904, 0x1904, 0x1904, 0x1904, 0x1904,
  0x1904, 0x1904, 0x1904, 0x1904, 0x1904, 0x1904, 0x1904, 0x1904, 0x1904, 0x1904, 0x8AA3, 0xF483,
  0xFC83, 0xC362, 0x9281, 0x8261, 0x8A61, 0x8A61, 0x8241, 0x7A21, 0x7201, 0x7201, 0x9AA1, 0xD3A2,
  0xD3A2, 0x7243, 0x1904, 0x1904, 0x1904, 0x1904, 0x1904, 0x1904, 0x1904, 0x1904, 0x1904, 0x1904,
  0x1904, 0x1904, 0x1904, 0x1904, 0x1904, 0x1904, 0x1904, 0x1904, 0x3163, 0xCBE3, 0xFD03, 0xC362,
  0x8A61, 0xA2E2, 0xD3A2, 0xEC02, 0xEC23, 0xE402, 0xE3E2, 0xDBC2, 0xCB82, 0xAB02, 0x7A21, 0x5981,
  0x8241, 0xDBE2, 0xB343, 0x3163, 0x1904, 0x1904, 0x1904, 0x1904, 0x1904, 0x1904, 0x1904, 0x1904,
  0x1904, 0x1904, 0x1904, 0x1904, 0x1904, 0x1904, 0x1904, 0x3983, 0xEC63, 0xFCA3, 0x9AC2, 0xBB42,
  0xFC63, 0xFCA3, 0xFC63, 0xF443, 0xF423, 0xEC02, 0xDBC2, 0xDBC2, 0xDBC2, 0xD3A2, 0xD3A2, 0xBB42,
  0x7A21, 0x61C1, 0xCB82, 0xD3A3, 0x3983, 0x1904, 0x1904, 0x1904, 0x1904, 0x1904, 0x1904, 0x1904,
  0x1904, 0x1904, 0x1904, 0x1904, 0x1904, 0x1904, 0x3163, 0xEC23, 0xF443, 0xA2C2, 0xEC23, 0xFD03,
  0xFCA3, 0xFC63, 0xFC63, 0xFC63, 0xE3E2, 0xDBC2, 0xE402, 0xD3A2, 0xCB82, 0xD3A2, 0xCB82, 0xCB82,
  0xD3A2, 0xA2E2, 0x59A1, 0xC362, 0xD3C3, 0x3163, 0x1904, 0x1904, 0x1904, 0x1904, 0x1904, 0x1904,
  0x1904, 0x1904, 0x1904, 0x1904, 0x1904, 0x1904, 0xB343, 0xEC23, 0xA2C2, 0xF423, 0xFCC3, 0xFCA3,
  0xFCA3, 0xFCA3, 0xFC83, 0xFCA3, 0x4120, 0x28C0, 0xF423, 0x4120, 0x28A0, 0xD3C2, 0xD3A2, 0xCB82,
  0xC362, 0xCB82, 0xAB02, 0x59A1, 0xCB82, 0xB322, 0x1904, 0x1904, 0x1904, 0x1904, 0x1904, 0x1904,
  0x1904, 0x1904, 0x1904, 0x1904, 0x1904, 0x6A23, 0xEC23, 0x9AC2, 0xDBC2, 0xFC63, 0xFC63, 0xFCA3,
  0xFCC3, 0xFCA3, 0xFCC3, 0xFCE3, 0x4120, 0x2080, 0xFCA3, 0x4120, 0x20A0, 0xEC23, 0xEC23, 0xE402,
  0xD3C2, 0xCB82, 0xD3A2, 0xA2C2, 0x61C1, 0xE402, 0x6A23, 0x1904, 0x1904, 0x1904, 0x1904, 0x1904,
  0x1904, 0x1904, 0x1904, 0x1904, 0x2943, 0xC382, 0xBB22, 0xB322, 0xEC02, 0xEC02, 0xF443, 0xFC63,
  0xFCA3, 0xFD03, 0xFC83, 0xDBC2, 0x3900, 0x28A0, 0xC362, 0x3900, 0x20A0, 0xB302, 0xB322, 0xAB02,
  0xCB82, 0xD3C2, 0xCB82, 0xCBA2, 0x8241, 0x9AA1, 0xD3A2, 0x2943, 0x1904, 0x1904, 0x1904, 0x1904,
  0x1904, 0x1904, 0x1904, 0x1904, 0x6203, 0xD3A2, 0xAB02, 0xCB82, 0xDBC2, 0xE402, 0xEC23, 0xF443,
  0xFC83, 0x8A61, 0x30C0, 0x1904, 0x1904, 0x1904, 0x1904, 0x1904, 0x1860, 0x1904, 0x1904, 0x1904,
  0x8A61, 0xE402, 0xCB82, 0xCB82, 0xBB22, 0x69E1, 0xE3E2, 0x6A23, 0x1904, 0x1904, 0x1904, 0x1904,
  0x1904, 0x1904, 0x1904, 0x1904, 0x9AE2, 0xC362, 0xBB22, 0xCB82, 0xD3A2, 0xDBC2, 0xE3E2, 0xFC63,
  0x8261, 0x1904, 0x1060, 0x1860, 0x5161, 0x7201, 0x7A21, 0x30E0, 0x1860, 0x1904, 0x59A1, 0x8241,
  0xBB42, 0xE3E2, 0xD3C2, 0xCBA2, 0xD3A2, 0x8241, 0xB322, 0xBB63, 0x1904, 0x1904, 0x1904, 0x1904,
  0x1904, 0x1904, 0x1904, 0x3163, 0xB322, 0xBB42, 0xBB42, 0xC362, 0xCB82, 0xD3A2, 0xDBC2, 0xEC02,
  0x3900, 0x1904, 0x1904, 0x8241, 0xFCC3, 0xFCC3, 0xFD03, 0x5181, 0x1904, 0x1904, 0xD3A2, 0xFCC3,
  0xEC23, 0xE3E2, 0xDBE2, 0xDBC2, 0xDBC2, 0xB322, 0x9281, 0xE3E2, 0x3963, 0x1904, 0x1904, 0x1904,
  0x1904, 0x1904, 0x1904, 0x49A3, 0xB322, 0xBB22, 0xB322, 0xBB42, 0xC362, 0xCB82, 0xD3A2, 0xDBE2,
  0x4120, 0x1904, 0x1904, 0xB322, 0xFCC3, 0xFC63, 0xFCC3, 0x5161, 0x1904, 0x1904, 0xC362, 0xFC63,
  0xEC23, 0xEC02, 0xE402, 0xDBE2, 0xDBC2, 0xD3A2, 0x8A81, 0xE402, 0x5A03, 0x1904, 0x1904, 0x1904,
  0x1904, 0x1904, 0x1904, 0x59E2, 0xAB02, 0xBB42, 0xAB02, 0xB322, 0xBB42, 0xC362, 0xC362, 0xD3C2,
  0x9281, 0x1060, 0x1904, 0x4120, 0xC362, 0xE402, 0xFC63, 0x5161, 0x1904, 0x1904, 0xCBA2, 0xFCA3,
  0xF443, 0xF443, 0xEC23, 0xE402, 0xE3E2, 0xDBC2, 0x9281, 0xDBE2, 0x7A63, 0x1904, 0x1904, 0x1904,
  0x1904, 0x1904, 0x1904, 0x61E2, 0xAB02, 0xBB42, 0x9AC2, 0xAB02, 0xB322, 0xBB42, 0xC362, 0xCBA2,
  0xBB42, 0x3900, 0x1860, 0x1904, 0x1904, 0x1904, 0x1904, 0x1904, 0x1860, 0x1904, 0xD3A2, 0xFCC3,
  0xFC63, 0xFC63, 0xF443, 0xEC23, 0xE402, 0xE402, 0x9281, 0xDBC2, 0x8AA3, 0x1904, 0x1904, 0x1904,
  0x1904, 0x1904, 0x1904, 0x61E2, 0xAB02, 0xBB42, 0x9281, 0xA2C2, 0xAAE2, 0xB322, 0xC362, 0xA2E2,
  0x1880, 0x1060, 0x1904, 0x20A0, 0x5161, 0x59A1, 0x61C1, 0x28A0, 0x1060, 0x1904, 0xD3C2, 0xFCE3,
  0xFC83, 0xFC83, 0xFC63, 0xF443, 0xEC23, 0xEC23, 0x9AA2, 0xDBE2, 0x8AA3, 0x1904, 0x1904, 0x1904,
  0x1904, 0x1904, 0x1904, 0x51A2, 0xA2C2, 0xBB42, 0x8A61, 0x9AA1, 0xA2C2, 0xAAE2, 0xC362, 0x5181,
  0x1904, 0x1060, 0x30E0, 0xCB82, 0xE402, 0xEC23, 0xFC83, 0x5161, 0x1904, 0x1904, 0xD3C2, 0xFCE3,
  0xFCA3, 0xFC83, 0xFC83, 0xFC63, 0xF443, 0xF423, 0xA2C2, 0xEC23, 0x7A83, 0x1904, 0x1904, 0x1904,
  0x1904, 0x1904, 0x1904, 0x4163, 0x9AA1, 0xCB82, 0x8A61, 0x9281, 0x9AA1, 0xA2C2, 0xB322, 0x4140,
  0x1060, 0x1904, 0x69C1, 0xDBE2, 0xC362, 0xCBA2, 0xE402, 0x4961, 0x1904, 0x1904, 0xCB82, 0xFCC3,
  0xFCA3, 0xFCA3, 0xFC83, 0xFC83, 0xFC63, 0xF423, 0xAB02, 0xFC83, 0x6203, 0x1904, 0x1904, 0x1904,
  0x1904, 0x1904, 0x1904, 0x3143, 0x8261, 0xD3A2, 0xA2C2, 0x8A61, 0x9281, 0x92A1, 0xB302, 0x5161,
  0x1904, 0x1860, 0x30E0, 0xB322, 0xD3C2, 0xDBE2, 0xF443, 0x5161, 0x1904, 0x1904, 0xCB82, 0xFCE3,
  0xFC83, 0xFCA3, 0xFCA3, 0xFC83, 0xFCA3, 0xE402, 0xC362, 0xFC83, 0x3963, 0x1904, 0x1904, 0x1904,
  0x1904, 0x1904, 0x1904, 0x1904, 0x69E1, 0xCB82, 0xC362, 0x8241, 0x8A61, 0x8A61, 0x9AA1, 0x8A81,
  0x1904, 0x1904, 0x1904, 0x28C0, 0x5981, 0x69C1, 0x7201, 0x30E0, 0x1060, 0x1904, 0x5181, 0x8241,
  0xEC23, 0xFCA3, 0xFCA3, 0xFCA3, 0xFCC3, 0xCB82, 0xEC23, 0xDBE3, 0x1904, 0x1904, 0x1904, 0x1904,
  0x1904, 0x1904, 0x1904, 0x1904, 0x4982, 0xA2C2, 0xE3E2, 0x8A61, 0x8261, 0x8A61, 0x8A61, 0xA2C2,
  0x8A81, 0x38E0, 0x2080, 0x1904, 0x1904, 0x1904, 0x1904, 0x1904, 0x1904, 0x1904, 0x1904, 0x1904,
  0xBB42, 0xFCA3, 0xFC83, 0xFCC3, 0xFC83, 0xB322, 0xFD03, 0x7A83, 0x1904, 0x1904, 0x1904, 0x1904,
  0x1904, 0x1904, 0x1904, 0x1904, 0x2123, 0x7201, 0xCB82, 0xC362, 0x7A21, 0x8A61, 0x8A61, 0x8A61,
  0xA2E2, 0xBB22, 0xA2E2, 0x9AA1, 0x38E0, 0x2080, 0x9281, 0x30E0, 0x2080, 0x9AA1, 0xA2E2, 0xA2E2,
  0xDBC2, 0xFC63, 0xFC63, 0xFCC3, 0xCBA2, 0xD3C2, 0xF463, 0x2943, 0x1904, 0x1904, 0x1904, 0x1904,
  0x1904, 0x1904, 0x1904, 0x1904, 0x1904, 0x4182, 0x9281, 0xE403, 0x9AC2, 0x7A21, 0x8A61, 0x8A61,
  0x8A81, 0x9281, 0xA2C2, 0xB322, 0x38E0, 0x1904, 0xCB82, 0x4120, 0x20A0, 0xDBE2, 0xEC23, 0xEC23,
  0xEC23, 0xEC23, 0xFC63, 0xEC02, 0xB322, 0xFCC3, 0x7243, 0x1904, 0x1904, 0x1904, 0x1904, 0x1904,
  0x1904, 0x1904, 0x1904, 0x1904, 0x1904, 0x1904, 0x61C1, 0xA2C2, 0xEC23, 0x92A1, 0x8241, 0x8A81,
  0x8A61, 0x8A61, 0x9281, 0xA2C2, 0x3900, 0x2080, 0xAAE2, 0x4120, 0x28C0, 0xC362, 0xCBA2, 0xD3A2,
  0xDBE2, 0xEC23, 0xEC23, 0xB322, 0xF443, 0xB343, 0x1904, 0x1904, 0x1904, 0x1904, 0x1904, 0x1904,
  0x1904, 0x1904, 0x1904, 0x1904, 0x1904, 0x1904, 0x2923, 0x69E1, 0xB322, 0xF443, 0xA2C2, 0x7A21,
  0x8A61, 0x8A61, 0x8A61, 0x9281, 0x9AC2, 0xA2E2, 0xA2E2, 0xAB02, 0xBB22, 0xBB42, 0xCB82, 0xCBA2,
  0xDBC2, 0xE3E2, 0xC382, 0xE402, 0xD3C3, 0x2943, 0x1904, 0x1904, 0x1904, 0x1904, 0x1904, 0x1904,
  0x1904, 0x1904, 0x1904, 0x1904, 0x1904, 0x1904, 0x1904, 0x2943, 0x6A01, 0xAB02, 0xEC03, 0xBB42,
  0x7A21, 0x7201, 0x7A21, 0x8A61, 0x9281, 0x9AA1, 0xA2C2, 0xAAE2, 0xAB02, 0xAB02, 0xBB42, 0xC362,
  0xD3A2, 0xCB82, 0xDBE2, 0xCBA2, 0x3163, 0x1904, 0x1904, 0x1904, 0x1904, 0x1904, 0x1904, 0x1904,
  0x1904, 0x1904, 0x1904, 0x1904, 0x1904, 0x1904, 0x1904, 0x1904, 0x2123, 0x59C2, 0x8A61, 0xCB82,
  0xE402, 0xBB42, 0x9281, 0x8241, 0x8241, 0x8261, 0x8A81, 0x92A1, 0x9AC2, 0xAB02, 0xC342, 0xC382,
  0xC362, 0xCB82, 0xA2E2, 0x2943, 0x1904, 0x1904, 0x1904, 0x1904, 0x1904, 0x1904, 0x1904, 0x1904,
  0x1904, 0x1904, 0x1904, 0x1904, 0x1904, 0x1904, 0x1904, 0x1904, 0x1904, 0x1904, 0x4162, 0x61C1,
  0x9AA1, 0xD3A2, 0xEC02, 0xE3E2, 0xD3C2, 0xCB82, 0xC382, 0xCB82, 0xCB82, 0xCB82, 0xC362, 0xBB42,
  0xA2E2, 0x6203, 0x1904, 0x1904, 0x1904, 0x1904, 0x1904, 0x1904, 0x1904, 0x1904, 0x1904, 0x1904,
  0x1904, 0x1904, 0x1904, 0x1904, 0x1904, 0x1904, 0x1904, 0x1904, 0x1904, 0x1904, 0x1904, 0x2123,
  0x4182, 0x61C1, 0x8241, 0x9AC2, 0xB322, 0xBB42, 0xBB42, 0xBB42, 0xB322, 0xA2E2, 0x8A82, 0x59E3,
  0x2123, 0x1904, 0x1904, 0x1904, 0x1904, 0x1904, 0x1904, 0x1904, 0x1904, 0x1904, 0x1904, 0x1904,
  0x1904, 0x1904, 0x1904, 0x1904, 0x1904, 0x1904, 0x1904, 0x1904, 0x1904, 0x1904, 0x1904, 0x1904,
  0x1904, 0x1904, 0x2923, 0x3963, 0x4982, 0x51C2, 0x59C2, 0x59C2, 0x49A3, 0x3143, 0x1904, 0x1904,
  0x1904, 0x1904, 0x1904, 0x1904, 0x1904, 0x1904, 0x1904, 0x1904, 0x1904, 0x1904, 0x1904, 0x1904,
  0x1904, 0x1904, 0x1904, 0x1904, 0x1904, 0x1904, 0x1904, 0x1904, 0x1904, 0x1904, 0x1904, 0x1904,
  0x1904, 0x1904, 0x1904, 0x1904, 0x1904, 0x1904, 0x1904, 0x1904, 0x1904, 0x1904, 0x1904, 0x1904,
  0x1904, 0x1904, 0x1904, 0x1904, 0x1904, 0x1904, 0x1904, 0x1904, 0x1904, 0x1904, 0x1904, 0x1904,
  0x1904, 0x1904, 0x1904, 0x1904, 0x1904, 0x1904, 0x1904, 0x1904, 0x1904, 0x1904, 0x1904, 0x1904,
  0x1904, 0x1904, 0x1904, 0x1904, 0x1904, 0x1904, 0x1904, 0x1904, 0x1904, 0x1904, 0x1904, 0x1904,
  0x1904, 0x1904, 0x1904, 0x1904, 0x1904, 0x1904, 0x1904, 0x1904, 0x1904, 0x1904, 0x1904, 0x1904,
  0x1904, 0x1904, 0x1904, 0x1904, 0x1904, 0x1904, 0x1904, 0x1904, 0x1904, 0x1904, 0x1904, 0x1904,
  0x1904, 0x1904, 0x1904, 0x1904, 0x1904, 0x1904, 0x1904, 0x1904, 0x1904, 0x1904, 0x1904, 0x1904,
  0x1904, 0x1904, 0x1904, 0x1904, 0x1904, 0x1904, 0x1904, 0x1904, 0x1904, 0x1904, 0x1904, 0x1904,
};

// coin_spin_frame_7 36x36
const uint16_t coin_spin_frame_7_w = 36;
const uint16_t coin_spin_frame_7_h = 36;
const unsigned short coin_spin_frame_7[1296] PROGMEM = {
  0x1904, 0x1904, 0x1904, 0x1904, 0x1904, 0x1904, 0x1904, 0x1904, 0x1904, 0x1904, 0x1904, 0x1904,
  0x1904, 0x1904, 0x1904, 0x1904, 0x1904, 0x1904, 0x1904, 0x1904, 0x1904, 0x1904, 0x1904, 0x1904,
  0x1904, 0x1904, 0x1904, 0x1904, 0x1904, 0x1904, 0x1904, 0x1904, 0x1904, 0x1904, 0x1904, 0x1904,
  0x1904, 0x1904, 0x1904, 0x1904, 0x1904, 0x1904, 0x1904, 0x1904, 0x1904, 0x1904, 0x1904, 0x1904,
  0x1904, 0x1904, 0x1904, 0x1904, 0x1904, 0x1904, 0x1904, 0x1904, 0x1904, 0x1904, 0x1904, 0x1904,
  0x1904, 0x1904, 0x1904, 0x1904, 0x1904, 0x1904, 0x1904, 0x1904, 0x1904, 0x1904, 0x1904, 0x1904,
  0x1904, 0x1904, 0x1904, 0x1904, 0x1904, 0x1904, 0x1904, 0x1904, 0x1904, 0x1904, 0x1904, 0x1904,
  0x1904, 0x1904, 0x1904, 0x1904, 0x1904, 0x1904, 0x1904, 0x1904, 0x1904, 0x1904, 0x1904, 0x1904,
  0x1904, 0x1904, 0x1904, 0x1904, 0x1904, 0x1904, 0x1904, 0x1904, 0x1904, 0x1904, 0x1904, 0x1904,
  0x1904, 0x1904, 0x1904, 0x1904, 0x1904, 0x1904, 0x1904, 0x1904, 0x1904, 0x1904, 0x1904, 0x1904,
  0x1904, 0x1904, 0x2144, 0x5A03, 0x8AC3, 0xA303, 0xA303, 0x8AA3, 0x59E3, 0x2124, 0x1904, 0x1904,
  0x1904, 0x1904, 0x1904, 0x1904, 0x1904, 0x1904, 0x1904, 0x1904, 0x1904, 0x1904, 0x1904, 0x1904,
  0x1904, 0x1904, 0x1904, 0x1904, 0x1904, 0x1904, 0x1904, 0x1904, 0x1904, 0x1904, 0x1904, 0x1904,
  0x3983, 0xA323, 0xEC43, 0xF443, 0xE402, 0xD3A2, 0xCB82, 0xD3A2, 0xDBE2, 0xD3C2, 0x92C3, 0x3163,
  0x1904, 0x1904, 0x1904, 0x1904, 0x1904, 0x1904, 0x1904, 0x1904, 0x1904, 0x1904, 0x1904, 0x1904,
  0x1904, 0x1904, 0x1904, 0x1904, 0x1904, 0x1904, 0x1904, 0x1904, 0x1904, 0x1904, 0x1904, 0x82A3,
  0xFCC3, 0xF443, 0xAAE2, 0x8A61, 0x8A61, 0x8A61, 0x8241, 0x7A21, 0x69E1, 0x8241, 0xC362, 0xDBC2,
  0x7243, 0x1904, 0x1904, 0x1904, 0x1904, 0x1904, 0x1904, 0x1904, 0x1904, 0x1904, 0x1904, 0x1904,
  0x1904, 0x1904, 0x1904, 0x1904, 0x1904, 0x1904, 0x1904, 0x1904, 0x1904, 0x2124, 0xB383, 0xFD03,
  0xB322, 0x8A61, 0xBB42, 0xE402, 0xEC23, 0xE402, 0xE3E2, 0xD3A2, 0xBB62, 0x9281, 0x5981, 0x7A21,
  0xDBE2, 0x9AE3, 0x2124, 0x1904, 0x1904, 0x1904, 0x1904, 0x1904, 0x1904, 0x1904, 0x1904, 0x1904,
  0x1904, 0x1904, 0x1904, 0x1904, 0x1904, 0x1904, 0x1904, 0x1904, 0x1904, 0xBB83, 0xFCE3, 0x9AC2,
  0xC362, 0xFCA3, 0xFC83, 0xF443, 0xF423, 0xEC02, 0xDBC2, 0xDBC2, 0xD3C2, 0xD3A2, 0xCB82, 0x8241,
  0x61C1, 0xDBC2, 0xA303, 0x1904, 0x1904, 0x1904, 0x1904, 0x1904, 0x1904, 0x1904, 0x1904, 0x1904,
  0x1904, 0x1904, 0x1904, 0x1904, 0x1904, 0x1904, 0x1904, 0x1904, 0x92E3, 0xFCC3, 0xAAE2, 0xE402,
  0xFD03, 0xFC83, 0xFC63, 0xFC63, 0xE402, 0xDBC2, 0xE402, 0xCB82, 0xCB82, 0xD3A2, 0xCB82, 0xD3A2,
  0x9AC1, 0x69C1, 0xDBE2, 0x8AA3, 0x1904, 0x1904, 0x1904, 0x1904, 0x1904, 0x1904, 0x1904, 0x1904,
  0x1904, 0x1904, 0x1904, 0x1904, 0x1904, 0x1904, 0x1904, 0x49C3, 0xEC23, 0xB322, 0xDBC2, 0xFCC3,
  0xFCA3, 0xFCA3, 0xFC83, 0xFCE3, 0x7201, 0x28C0, 0xDBE2, 0x28A0, 0x69E1, 0xE402, 0xCB82, 0xC362,
  0xD3A2, 0x92A1, 0x7221, 0xDBC2, 0x49C3, 0x1904, 0x1904, 0x1904, 0x1904, 0x1904, 0x1904, 0x1904,
  0x1904, 0x1904, 0x1904, 0x1904, 0x1904, 0x1904, 0x2124, 0xAB23, 0xCB82, 0xBB22, 0xFC63, 0xFC63,
  0xFCA3, 0xFCC3, 0xFCA3, 0xFD43, 0x6A01, 0x2080, 0xEC43, 0x20A0, 0x71E1, 0xFC83, 0xE402, 0xD3C2,
  0xCB82, 0xCBA2, 0x7A21, 0xAAE2, 0xB343, 0x2124, 0x1904, 0x1904, 0x1904, 0x1904, 0x1904, 0x1904,
  0x1904, 0x1904, 0x1904, 0x1904, 0x1904, 0x1904, 0x51C3, 0xD3A2, 0xAB02, 0xDBC2, 0xEC22, 0xF443,
  0xFC63, 0xFCC3, 0xFCC3, 0xF443, 0x59A1, 0x28A0, 0xB322, 0x20A0, 0x5981, 0xC362, 0xAAE2, 0xC362,
  0xD3A2, 0xCBA2, 0xB322, 0x7A21, 0xD3A2, 0x59E3, 0x1904, 0x1904, 0x1904, 0x1904, 0x1904, 0x1904,
  0x1904, 0x1904, 0x1904, 0x1904, 0x1904, 0x1904, 0x8283, 0xCB82, 0xB322, 0xDBC2, 0xE3E2, 0xEC23,
  0xFC83, 0xE402, 0x5981, 0x18C2, 0x1904, 0x1904, 0x1904, 0x18C2, 0x18A1, 0x1904, 0x1904, 0x7222,
  0xE402, 0xCB82, 0xCBA2, 0x8241, 0xB322, 0x9AE3, 0x1904, 0x1904, 0x1904, 0x1904, 0x1904, 0x1904,
  0x1904, 0x1904, 0x1904, 0x1904, 0x1904, 0x2123, 0xAB02, 0xBB62, 0xBB42, 0xD3A2, 0xDBC2, 0xE402,
  0xF423, 0x59C2, 0x10A2, 0x1860, 0x4120, 0x7201, 0x7201, 0x28C0, 0x1082, 0x3962, 0x7A21, 0xB322,
  0xE3E2, 0xD3A2, 0xDBC2, 0xAB02, 0x92A1, 0xC382, 0x2944, 0x1904, 0x1904, 0x1904, 0x1904, 0x1904,
  0x1904, 0x1904, 0x1904, 0x1904, 0x1904, 0x41A3, 0xBB42, 0xBB22, 0xBB42, 0xC382, 0xCBA2, 0xE3E2,
  0xCBA2, 0x28E1, 0x1904, 0x4982, 0xEC63, 0xFD03, 0xECA3, 0x4141, 0x1904, 0x7A43, 0xFCC3, 0xEC43,
  0xE3E2, 0xDBE2, 0xDBC2, 0xCBA2, 0x9281, 0xD3A2, 0x51C3, 0x1904, 0x1904, 0x1904, 0x1904, 0x1904,
  0x1904, 0x1904, 0x1904, 0x1904, 0x1904, 0x59E3, 0xBB42, 0xB322, 0xB322, 0xBB42, 0xCB82, 0xD3C2,
  0xCB82, 0x28E1, 0x1904, 0x7222, 0xFCA3, 0xFCA3, 0xEC83, 0x3921, 0x1904, 0x7223, 0xFC83, 0xEC23,
  0xE402, 0xE3E2, 0xDBC2, 0xDBE2, 0x9AC2, 0xD3A2, 0x7243, 0x1904, 0x1904, 0x1904, 0x1904, 0x1904,
  0x1904, 0x1904, 0x1904, 0x1904, 0x1904, 0x6202, 0xB322, 0xB322, 0xAB02, 0xBB22, 0xC362, 0xCB82,
  0xD3A2, 0x69C1, 0x0882, 0x2902, 0xA2E2, 0xEC23, 0xEC02, 0x3921, 0x1904, 0x7243, 0xFCA3, 0xF463,
  0xF423, 0xEC23, 0xE3E2, 0xE402, 0xA2E2, 0xCB82, 0x8AA3, 0x1904, 0x1904, 0x1904, 0x1904, 0x1904,
  0x1904, 0x1904, 0x1904, 0x1904, 0x1904, 0x6A02, 0xB322, 0xAB02, 0xA2C2, 0xB322, 0xBB42, 0xC362,
  0xD3A2, 0x9281, 0x2080, 0x18C2, 0x1904, 0x1904, 0x1904, 0x18E2, 0x0861, 0x7A63, 0xFCE3, 0xFC83,
  0xFC43, 0xF443, 0xEC02, 0xEC23, 0xAB02, 0xC362, 0x9AE3, 0x1904, 0x1904, 0x1904, 0x1904, 0x1904,
  0x1904, 0x1904, 0x1904, 0x1904, 0x1904, 0x6A02, 0xB322, 0xAB02, 0x92A1, 0xAAE2, 0xB302, 0xC382,
  0x8A61, 0x1040, 0x18C2, 0x18C2, 0x4940, 0x61A1, 0x61A1, 0x28A0, 0x0882, 0x7A63, 0xFCE3, 0xFC83,
  0xFC63, 0xFC63, 0xEC23, 0xF443, 0xB322, 0xCB82, 0x9AE3, 0x1904, 0x1904, 0x1904, 0x1904, 0x1904,
  0x1904, 0x1904, 0x1904, 0x1904, 0x1904, 0x59C2, 0xB322, 0xAB02, 0x8A61, 0xA2C2, 0xAAE2, 0xBB42,
  0x4961, 0x10C3, 0x1860, 0x8A81, 0xEC02, 0xEC23, 0xEC23, 0x4141, 0x1904, 0x7A63, 0xFCE3, 0xFCA3,
  0xFC83, 0xFC63, 0xF443, 0xFC63, 0xB322, 0xDBC2, 0x92C3, 0x1904, 0x1904, 0x1904, 0x1904, 0x1904,
  0x1904, 0x1904, 0x1904, 0x1904, 0x1904, 0x4182, 0xAB02, 0xB322, 0x8A61, 0x9AA1, 0xA2C2, 0xAB02,
  0x4120, 0x0861, 0x3143, 0xBB42, 0xD3A2, 0xCBA2, 0xD3C2, 0x3921, 0x1904, 0x7243, 0xFCA3, 0xFCA3,
  0xFCA3, 0xFC83, 0xFC63, 0xFC83, 0xBB42, 0xEC23, 0x7A63, 0x1904, 0x1904, 0x1904, 0x1904, 0x1904,
  0x1904, 0x1904, 0x1904, 0x1904, 0x1904, 0x3143, 0xA2C2, 0xC362, 0x8A61, 0x8A61, 0x9AA1, 0xAB02,
  0x4161, 0x10C3, 0x1880, 0x8241, 0xDBC2, 0xE3E2, 0xE402, 0x4141, 0x1904, 0x7243, 0xFCE3, 0xFCA3,
  0xFCA3, 0xFCA3, 0xFCA3, 0xFC63, 0xC362, 0xF463, 0x51E3, 0x1904, 0x1904, 0x1904, 0x1904, 0x1904,
  0x1904, 0x1904, 0x1904, 0x1904, 0x1904, 0x1903, 0x8262, 0xD3C2, 0x9AA2, 0x8241, 0x8A61, 0x9AC2,
  0x7A42, 0x1904, 0x1904, 0x20C1, 0x5161, 0x69E1, 0x69E1, 0x28C0, 0x1082, 0x3942, 0x7201, 0xDBC2,
  0xFCC3, 0xFCA3, 0xFCC3, 0xE423, 0xD3A2, 0xEC23, 0x2964, 0x1904, 0x1904, 0x1904, 0x1904, 0x1904,
  0x1904, 0x1904, 0x1904, 0x1904, 0x1904, 0x1904, 0x59C2, 0xCB82, 0xBB42, 0x7A21, 0x8A61, 0x8A61,
  0xA2E2, 0x7201, 0x28A0, 0x18C2, 0x1904, 0x1904, 0x1904, 0x1904, 0x1904, 0x1904, 0x1904, 0x9AC2,
  0xFCC3, 0xFC83, 0xFCE3, 0xD3A2, 0xE463, 0xAB63, 0x1904, 0x1904, 0x1904, 0x1904, 0x1904, 0x1904,
  0x1904, 0x1904, 0x1904, 0x1904, 0x1904, 0x1904, 0x3143, 0x9AA2, 0xD3A2, 0x8A61, 0x8241, 0x8A61,
  0x8A61, 0xAB02, 0xB302, 0xA2E2, 0x4960, 0x2080, 0x8261, 0x20A0, 0x4960, 0xAB02, 0xA2C2, 0xCBA2,
  0xFC63, 0xFC83, 0xEC63, 0xC362, 0xFC83, 0x5A03, 0x1904, 0x1904, 0x1904, 0x1904, 0x1904, 0x1904,
  0x1904, 0x1904, 0x1904, 0x1904, 0x1904, 0x1904, 0x1924, 0x59C2, 0xCB82, 0xBB42, 0x7A21, 0x8A61,
  0x8A61, 0x8A81, 0x9281, 0xBB42, 0x5981, 0x1903, 0xBB42, 0x20A0, 0x69C1, 0xF443, 0xEC03, 0xEC23,
  0xEC23, 0xFC63, 0xCB82, 0xE402, 0xBB83, 0x2104, 0x1904, 0x1904, 0x1904, 0x1904, 0x1904, 0x1904,
  0x1904, 0x1904, 0x1904, 0x1904, 0x1904, 0x1904, 0x1904, 0x3143, 0x8241, 0xE3E2, 0xAAE2, 0x8241,
  0x8A81, 0x8A61, 0x8A61, 0xA2E2, 0x5981, 0x20A0, 0x9AC2, 0x28C0, 0x61C1, 0xDBC2, 0xCBA2, 0xDBC2,
  0xEC23, 0xDBC2, 0xC382, 0xEC23, 0x49C3, 0x1904, 0x1904, 0x1904, 0x1904, 0x1904, 0x1904, 0x1904,
  0x1904, 0x1904, 0x1904, 0x1904, 0x1904, 0x1904, 0x1904, 0x1904, 0x4982, 0x9AC2, 0xEC23, 0xA2E2,
  0x7A21, 0x8A61, 0x8A61, 0x8A81, 0x9AA2, 0xA2E2, 0xA2E2, 0xB302, 0xBB42, 0xC362, 0xCB82, 0xDBC2,
  0xDBE2, 0xCB82, 0xF423, 0x8283, 0x1904, 0x1904, 0x1904, 0x1904, 0x1904, 0x1904, 0x1904, 0x1904,
  0x1904, 0x1904, 0x1904, 0x1904, 0x1904, 0x1904, 0x1904, 0x1904, 0x1904, 0x51A2, 0xA2E2, 0xE403,
  0xAB02, 0x7201, 0x7A21, 0x8241, 0x9281, 0x9AA1, 0xA2C2, 0xAB02, 0xAB02, 0xB322, 0xC362, 0xCBA2,
  0xCB82, 0xE402, 0x9AE3, 0x1904, 0x1904, 0x1904, 0x1904, 0x1904, 0x1904, 0x1904, 0x1904, 0x1904,
  0x1904, 0x1904, 0x1904, 0x1904, 0x1904, 0x1904, 0x1904, 0x1904, 0x1904, 0x1904, 0x5182, 0x8A61,
  0xD3C2, 0xDBC2, 0xA2E2, 0x8241, 0x8241, 0x8261, 0x9281, 0x9AA1, 0xA2E2, 0xB322, 0xC362, 0xC362,
  0xCBA2, 0x8AA3, 0x1924, 0x1904, 0x1904, 0x1904, 0x1904, 0x1904, 0x1904, 0x1904, 0x1904, 0x1904,
  0x1904, 0x1904, 0x1904, 0x1904, 0x1904, 0x1904, 0x1904, 0x1904, 0x1904, 0x1904, 0x1904, 0x4162,
  0x69E1, 0xAB02, 0xE3E2, 0xE402, 0xDBC2, 0xCB82, 0xC382, 0xCB82, 0xCB82, 0xC382, 0xBB62, 0xAB02,
  0x6203, 0x1904, 0x1904, 0x1904, 0x1904, 0x1904, 0x1904, 0x1904, 0x1904, 0x1904, 0x1904, 0x1904,
  0x1904, 0x1904, 0x1904, 0x1904, 0x1904, 0x1904, 0x1904, 0x1904, 0x1904, 0x1904, 0x1904, 0x1904,
  0x2923, 0x4982, 0x6A01, 0x9281, 0xB302, 0xBB42, 0xBB42, 0xBB42, 0xAB02, 0x9AA2, 0x6A22, 0x2943,
  0x1904, 0x1904, 0x1904, 0x1904, 0x1904, 0x1904, 0x1904, 0x1904, 0x1904, 0x1904, 0x1904, 0x1904,
  0x1904, 0x1904, 0x1904, 0x1904, 0x1904, 0x1904, 0x1904, 0x1904, 0x1904, 0x1904, 0x1904, 0x1904,
  0x1904, 0x1904, 0x1904, 0x3143, 0x4182, 0x51A2, 0x59C2, 0x51C2, 0x4183, 0x2124, 0x1904, 0x1904,
  0x1904, 0x1904, 0x1904, 0x1904, 0x1904, 0x1904, 0x1904, 0x1904, 0x1904, 0x1904, 0x1904, 0x1904,
  0x1904, 0x1904, 0x1904, 0x1904, 0x1904, 0x1904, 0x1904, 0x1904, 0x1904, 0x1904, 0x1904, 0x1904,
  0x1904, 0x1904, 0x1904, 0x1904, 0x1904, 0x1904, 0x1904, 0x1904, 0x1904, 0x1904, 0x1904, 0x1904,
  0x1904, 0x1904, 0x1904, 0x1904, 0x1904, 0x1904, 0x1904, 0x1904, 0x1904, 0x1904, 0x1904, 0x1904,
  0x1904, 0x1904, 0x1904, 0x1904, 0x1904, 0x1904, 0x1904, 0x1904, 0x1904, 0x1904, 0x1904, 0x1904,
  0x1904, 0x1904, 0x1904, 0x1904, 0x1904, 0x1904, 0x1904, 0x1904, 0x1904, 0x1904, 0x1904, 0x1904,
  0x1904, 0x1904, 0x1904, 0x1904, 0x1904, 0x1904, 0x1904, 0x1904, 0x1904, 0x1904, 0x1904, 0x1904,
  0x1904, 0x1904, 0x1904, 0x1904, 0x1904, 0x1904, 0x1904, 0x1904, 0x1904, 0x1904, 0x1904, 0x1904,
  0x1904, 0x1904, 0x1904, 0x1904, 0x1904, 0x1904, 0x1904, 0x1904, 0x1904, 0x1904, 0x1904, 0x1904,
  0x1904, 0x1904, 0x1904, 0x1904, 0x1904, 0x1904, 0x1904, 0x1904, 0x1904, 0x1904, 0x1904, 0x1904,
};

// coin_spin_frame_8 36x36
const uint16_t coin_spin_frame_8_w = 36;
const uint16_t coin_spin_frame_8_h = 36;
const unsigned short coin_spin_frame_8[1296] PROGMEM = {
  0x1904, 0x1904, 0x1904, 0x1904, 0x1904, 0x1904, 0x1904, 0x1904, 0x1904, 0x1904, 0x1904, 0x1904,
  0x1904, 0x1904, 0x1904, 0x1904, 0x1904, 0x1904, 0x1904, 0x1904, 0x1904, 0x1904, 0x1904, 0x1904,
  0x1904, 0x1904, 0x1904, 0x1904, 0x1904, 0x1904, 0x1904, 0x1904, 0x1904, 0x1904, 0x1904, 0x1904,
  0x1904, 0x1904, 0x1904, 0x1904, 0x1904, 0x1904, 0x1904, 0x1904, 0x1904, 0x1904, 0x1904, 0x1904,
  0x1904, 0x1904, 0x1904, 0x1904, 0x1904, 0x1904, 0x1904, 0x1904, 0x1904, 0x1904, 0x1904, 0x1904,
  0x1904, 0x1904, 0x1904, 0x1904, 0x1904, 0x1904, 0x1904, 0x1904, 0x1904, 0x1904, 0x1904, 0x1904,
  0x1904, 0x1904, 0x1904, 0x1904, 0x1904, 0x1904, 0x1904, 0x1904, 0x1904, 0x1904, 0x1904, 0x1904,
  0x1904, 0x1904, 0x1904, 0x1904, 0x1904, 0x1904, 0x1904, 0x1904, 0x1904, 0x1904, 0x1904, 0x1904,
  0x1904, 0x1904, 0x1904, 0x1904, 0x1904, 0x1904, 0x1904, 0x1904, 0x1904, 0x1904, 0x1904, 0x1904,
  0x1904, 0x1904, 0x1904, 0x1904, 0x1904, 0x1904, 0x1904, 0x1904, 0x1904, 0x1904, 0x1904, 0x1904,
  0x1904, 0x1904, 0x1904, 0x2944, 0x82A3, 0xA323, 0x7A83, 0x2944, 0x1904, 0x1904, 0x1904, 0x1904,
  0x1904, 0x1904, 0x1904, 0x1904, 0x1904, 0x1904, 0x1904, 0x1904, 0x1904, 0x1904, 0x1904, 0x1904,
  0x1904, 0x1904, 0x1904, 0x1904, 0x1904, 0x1904, 0x1904, 0x1904, 0x1904, 0x1904, 0x1904, 0x1904,
  0x1904, 0x1904, 0x5A03, 0xEC43, 0xEC22, 0xCB82, 0xDBC2, 0xD3C2, 0x51E3, 0x1904, 0x1904, 0x1904,
  0x1904, 0x1904, 0x1904, 0x1904, 0x1904, 0x1904, 0x1904, 0x1904, 0x1904, 0x1904, 0x1904, 0x1904,
  0x1904, 0x1904, 0x1904, 0x1904, 0x1904, 0x1904, 0x1904, 0x1904, 0x1904, 0x1904, 0x1904, 0x1904,
  0x1904, 0x51E3, 0xFCA3, 0xAB02, 0x8241, 0x8A61, 0x7201, 0x8261, 0xD3A2, 0x49C3, 0x1904, 0x1904,
  0x1904, 0x1904, 0x1904, 0x1904, 0x1904, 0x1904, 0x1904, 0x1904, 0x1904, 0x1904, 0x1904, 0x1904,
  0x1904, 0x1904, 0x1904, 0x1904, 0x1904, 0x1904, 0x1904, 0x1904, 0x1904, 0x1904, 0x1904, 0x1904,
  0x2944, 0xE463, 0xAB02, 0xB302, 0xEC23, 0xE402, 0xD3A2, 0x8A61, 0x7A01, 0xC362, 0x2944, 0x1904,
  0x1904, 0x1904, 0x1904, 0x1904, 0x1904, 0x1904, 0x1904, 0x1904, 0x1904, 0x1904, 0x1904, 0x1904,
  0x1904, 0x1904, 0x1904, 0x1904, 0x1904, 0x1904, 0x1904, 0x1904, 0x1904, 0x1904, 0x1904, 0x1904,
  0x9B23, 0xDBE2, 0xCBA2, 0xFCA3, 0xF423, 0xE3E2, 0xD3C2, 0xDBC2, 0x9281, 0xA2C2, 0x8AC3, 0x1904,
  0x1904, 0x1904, 0x1904, 0x1904, 0x1904, 0x1904, 0x1904, 0x1904, 0x1904, 0x1904, 0x1904, 0x1904,
  0x1904, 0x1904, 0x1904, 0x1904, 0x1904, 0x1904, 0x1904, 0x1904, 0x1904, 0x1904, 0x1904, 0x3164,
  0xDBE3, 0xD3A2, 0xFCC3, 0xFC63, 0xEC23, 0xDBE2, 0xD3A2, 0xCB82, 0xCBA2, 0x8A61, 0xBB42, 0x3164,
  0x1904, 0x1904, 0x1904, 0x1904, 0x1904, 0x1904, 0x1904, 0x1904, 0x1904, 0x1904, 0x1904, 0x1904,
  0x1904, 0x1904, 0x1904, 0x1904, 0x1904, 0x1904, 0x1904, 0x1904, 0x1904, 0x1904, 0x1904, 0x6A43,
  0xD3A2, 0xEC43, 0xFCC3, 0xFCE3, 0x92A1, 0x7201, 0x59A1, 0xC362, 0xD3A2, 0xAB02, 0xA2E2, 0x6A43,
  0x1904, 0x1904, 0x1904, 0x1904, 0x1904, 0x1904, 0x1904, 0x1904, 0x1904, 0x1904, 0x1904, 0x1904,
  0x1904, 0x1904, 0x1904, 0x1904, 0x1904, 0x1904, 0x1904, 0x1904, 0x1904, 0x1904, 0x1904, 0x9AE3,
  0xCBA2, 0xFC63, 0xFC83, 0xFD23, 0x8AA1, 0x7A21, 0x59A1, 0xDBC2, 0xE3E2, 0xCB82, 0x9AA1, 0x92C2,
  0x1904, 0x1904, 0x1904, 0x1904, 0x1904, 0x1904, 0x1904, 0x1904, 0x1904, 0x1904, 0x1904, 0x1904,
  0x1904, 0x1904, 0x1904, 0x1904, 0x1904, 0x1904, 0x1904, 0x1904, 0x1904, 0x1904, 0x2943, 0xB322,
  0xD3A2, 0xF423, 0xFC83, 0xFD03, 0x8241, 0x61A1, 0x5161, 0xA2C2, 0xBB42, 0xD3C2, 0xA2E2, 0xA2E2,
  0x3164, 0x1904, 0x1904, 0x1904, 0x1904, 0x1904, 0x1904, 0x1904, 0x1904, 0x1904, 0x1904, 0x1904,
  0x1904, 0x1904, 0x1904, 0x1904, 0x1904, 0x1904, 0x1904, 0x1904, 0x1904, 0x1904, 0x49A3, 0xBB42,
  0xCBA2, 0xEC03, 0xFC63, 0x61C1, 0x10E3, 0x1904, 0x18C2, 0x18E3, 0x59E3, 0xE3E2, 0xB302, 0xAAE2,
  0x51E3, 0x1904, 0x1904, 0x1904, 0x1904, 0x1904, 0x1904, 0x1904, 0x1904, 0x1904, 0x1904, 0x1904,
  0x1904, 0x1904, 0x1904, 0x1904, 0x1904, 0x1904, 0x1904, 0x1904, 0x1904, 0x1904, 0x6203, 0xC362,
  0xCB82, 0xEC22, 0xBB42, 0x1081, 0x30E0, 0x7A21, 0x20A0, 0x3122, 0xAAE2, 0xDBE2, 0xC362, 0xAB02,
  0x7243, 0x1904, 0x1904, 0x1904, 0x1904, 0x1904, 0x1904, 0x1904, 0x1904, 0x1904, 0x1904, 0x1904,
  0x1904, 0x1904, 0x1904, 0x1904, 0x1904, 0x1904, 0x1904, 0x1904, 0x1904, 0x1904, 0x7A42, 0xC362,
  0xC362, 0xE402, 0x9282, 0x10E3, 0xBB82, 0xFD23, 0x2922, 0x7263, 0xFCC3, 0xDBC2, 0xD3C2, 0xB322,
  0x8AA3, 0x1904, 0x1904, 0x1904, 0x1904, 0x1904, 0x1904, 0x1904, 0x1904, 0x1904, 0x1904, 0x1904,
  0x1904, 0x1904, 0x1904, 0x1904, 0x1904, 0x1904, 0x1904, 0x1904, 0x1904, 0x1904, 0x8282, 0xBB42,
  0xBB22, 0xDBE2, 0x8A62, 0x10E3, 0xD3E3, 0xFCE3, 0x2922, 0x6A23, 0xFC83, 0xE3E2, 0xDBC2, 0xBB42,
  0x9AE3, 0x1904, 0x1904, 0x1904, 0x1904, 0x1904, 0x1904, 0x1904, 0x1904, 0x1904, 0x1904, 0x1904,
  0x1904, 0x1904, 0x1904, 0x1904, 0x1904, 0x1904, 0x1904, 0x1904, 0x1904, 0x1904, 0x8A82, 0xBB22,
  0xB302, 0xCB82, 0xB302, 0x1081, 0x8242, 0xFC63, 0x2922, 0x6A43, 0xFCC3, 0xEC02, 0xE402, 0xC362,
  0xA2E2, 0x1904, 0x1904, 0x1904, 0x1904, 0x1904, 0x1904, 0x1904, 0x1904, 0x1904, 0x1904, 0x1904,
  0x1904, 0x1904, 0x1904, 0x1904, 0x1904, 0x1904, 0x1904, 0x1904, 0x1904, 0x1904, 0x8A82, 0xB302,
  0xAB02, 0xC362, 0xC362, 0x28C0, 0x10E3, 0x1904, 0x10A2, 0x7A62, 0xFCE3, 0xF423, 0xEC23, 0xC362,
  0xAB02, 0x1904, 0x1904, 0x1904, 0x1904, 0x1904, 0x1904, 0x1904, 0x1904, 0x1904, 0x1904, 0x1904,
  0x1904, 0x1904, 0x1904, 0x1904, 0x1904, 0x1904, 0x1904, 0x1904, 0x1904, 0x1904, 0x8A82, 0xAB02,
  0x9AC2, 0xC362, 0x61C1, 0x0861, 0x3921, 0x69C1, 0x1060, 0x7263, 0xFCE3, 0xF443, 0xF443, 0xCB82,
  0xAB22, 0x1904, 0x1904, 0x1904, 0x1904, 0x1904, 0x1904, 0x1904, 0x1904, 0x1904, 0x1904, 0x1904,
  0x1904, 0x1904, 0x1904, 0x1904, 0x1904, 0x1904, 0x1904, 0x1904, 0x1904, 0x1904, 0x8262, 0xAAE2,
  0x92A1, 0xBB42, 0x3942, 0x20A0, 0xD3A2, 0xFC63, 0x2922, 0x7263, 0xFD03, 0xFC63, 0xFC63, 0xD3A2,
  0xAB23, 0x1904, 0x1904, 0x1904, 0x1904, 0x1904, 0x1904, 0x1904, 0x1904, 0x1904, 0x1904, 0x1904,
  0x1904, 0x1904, 0x1904, 0x1904, 0x1904, 0x1904, 0x1904, 0x1904, 0x1904, 0x1904, 0x7242, 0xAB02,
  0x9281, 0xAB02, 0x28C1, 0x4162, 0xD3A2, 0xDBC2, 0x2922, 0x6A43, 0xFCE3, 0xFC83, 0xFC63, 0xDBE2,
  0xAB23, 0x1904, 0x1904, 0x1904, 0x1904, 0x1904, 0x1904, 0x1904, 0x1904, 0x1904, 0x1904, 0x1904,
  0x1904, 0x1904, 0x1904, 0x1904, 0x1904, 0x1904, 0x1904, 0x1904, 0x1904, 0x1904, 0x6202, 0xBB42,
  0x8A61, 0xA2E2, 0x3942, 0x20A0, 0xC362, 0xEC23, 0x2922, 0x6A43, 0xFD03, 0xFC83, 0xFC83, 0xE402,
  0x9AE3, 0x1904, 0x1904, 0x1904, 0x1904, 0x1904, 0x1904, 0x1904, 0x1904, 0x1904, 0x1904, 0x1904,
  0x1904, 0x1904, 0x1904, 0x1904, 0x1904, 0x1904, 0x1904, 0x1904, 0x1904, 0x1904, 0x49A3, 0xC362,
  0x8261, 0x9AC2, 0x51C3, 0x1904, 0x4141, 0x7201, 0x20A0, 0x2902, 0xBB42, 0xFCC3, 0xF483, 0xEC23,
  0x8283, 0x1904, 0x1904, 0x1904, 0x1904, 0x1904, 0x1904, 0x1904, 0x1904, 0x1904, 0x1904, 0x1904,
  0x1904, 0x1904, 0x1904, 0x1904, 0x1904, 0x1904, 0x1904, 0x1904, 0x1904, 0x1904, 0x3143, 0xBB22,
  0x9281, 0x8A61, 0x92A1, 0x28C0, 0x18E3, 0x1904, 0x1904, 0x1904, 0x6A23, 0xFCE3, 0xF463, 0xDC02,
  0x5A03, 0x1904, 0x1904, 0x1904, 0x1904, 0x1904, 0x1904, 0x1904, 0x1904, 0x1904, 0x1904, 0x1904,
  0x1904, 0x1904, 0x1904, 0x1904, 0x1904, 0x1904, 0x1904, 0x1904, 0x1904, 0x1904, 0x1903, 0x9AC2,
  0xAAE2, 0x8241, 0x9AA1, 0xBB42, 0x59A1, 0x4940, 0x4120, 0x9281, 0xC362, 0xFC83, 0xE423, 0xD3C3,
  0x3164, 0x1904, 0x1904, 0x1904, 0x1904, 0x1904, 0x1904, 0x1904, 0x1904, 0x1904, 0x1904, 0x1904,
  0x1904, 0x1904, 0x1904, 0x1904, 0x1904, 0x1904, 0x1904, 0x1904, 0x1904, 0x1904, 0x1904, 0x7222,
  0xC362, 0x8241, 0x8A61, 0xAAE2, 0x69E1, 0x61E3, 0x5161, 0xD3A2, 0xF423, 0xF443, 0xE402, 0xAB23,
  0x1904, 0x1904, 0x1904, 0x1904, 0x1904, 0x1904, 0x1904, 0x1904, 0x1904, 0x1904, 0x1904, 0x1904,
  0x1904, 0x1904, 0x1904, 0x1904, 0x1904, 0x1904, 0x1904, 0x1904, 0x1904, 0x1904, 0x1904, 0x3962,
  0xCB82, 0x9AA1, 0x8241, 0x9AA1, 0x61C1, 0x5981, 0x4961, 0xBB42, 0xDBE2, 0xE3E2, 0xE402, 0x6A43,
  0x1904, 0x1904, 0x1904, 0x1904, 0x1904, 0x1904, 0x1904, 0x1904, 0x1904, 0x1904, 0x1904, 0x1904,
  0x1904, 0x1904, 0x1904, 0x1904, 0x1904, 0x1904, 0x1904, 0x1904, 0x1904, 0x1904, 0x1904, 0x1903,
  0x9AA2, 0xCB82, 0x8221, 0x8A61, 0x92A1, 0xA2E2, 0xB322, 0xC362, 0xD3C2, 0xDBC2, 0xCBA2, 0x2943,
  0x1904, 0x1904, 0x1904, 0x1904, 0x1904, 0x1904, 0x1904, 0x1904, 0x1904, 0x1904, 0x1904, 0x1904,
  0x1904, 0x1904, 0x1904, 0x1904, 0x1904, 0x1904, 0x1904, 0x1904, 0x1904, 0x1904, 0x1904, 0x1904,
  0x4982, 0xD3A2, 0xA2C2, 0x7201, 0x9281, 0x9AC2, 0xAB02, 0xB322, 0xC362, 0xE3E2, 0x8283, 0x1904,
  0x1904, 0x1904, 0x1904, 0x1904, 0x1904, 0x1904, 0x1904, 0x1904, 0x1904, 0x1904, 0x1904, 0x1904,
  0x1904, 0x1904, 0x1904, 0x1904, 0x1904, 0x1904, 0x1904, 0x1904, 0x1904, 0x1904, 0x1904, 0x1904,
  0x1903, 0x7201, 0xDBC2, 0xAB02, 0x7A21, 0x8A61, 0x9AA1, 0xB322, 0xCB82, 0xB322, 0x2124, 0x1904,
  0x1904, 0x1904, 0x1904, 0x1904, 0x1904, 0x1904, 0x1904, 0x1904, 0x1904, 0x1904, 0x1904, 0x1904,
  0x1904, 0x1904, 0x1904, 0x1904, 0x1904, 0x1904, 0x1904, 0x1904, 0x1904, 0x1904, 0x1904, 0x1904,
  0x1904, 0x2923, 0x8241, 0xDBE2, 0xDBE2, 0xCB82, 0xCB82, 0xCB82, 0xB322, 0x4183, 0x1904, 0x1904,
  0x1904, 0x1904, 0x1904, 0x1904, 0x1904, 0x1904, 0x1904, 0x1904, 0x1904, 0x1904, 0x1904, 0x1904,
  0x1904, 0x1904, 0x1904, 0x1904, 0x1904, 0x1904, 0x1904, 0x1904, 0x1904, 0x1904, 0x1904, 0x1904,
  0x1904, 0x1904, 0x3143, 0x7201, 0xAAE2, 0xBB42, 0xB322, 0x9AC2, 0x4183, 0x1904, 0x1904, 0x1904,
  0x1904, 0x1904, 0x1904, 0x1904, 0x1904, 0x1904, 0x1904, 0x1904, 0x1904, 0x1904, 0x1904, 0x1904,
  0x1904, 0x1904, 0x1904, 0x1904, 0x1904, 0x1904, 0x1904, 0x1904, 0x1904, 0x1904, 0x1904, 0x1904,
  0x1904, 0x1904, 0x1904, 0x2123, 0x4182, 0x59C2, 0x51C3, 0x2123, 0x1904, 0x1904, 0x1904, 0x1904,
  0x1904, 0x1904, 0x1904, 0x1904, 0x1904, 0x1904, 0x1904, 0x1904, 0x1904, 0x1904, 0x1904, 0x1904,
  0x1904, 0x1904, 0x1904, 0x1904, 0x1904, 0x1904, 0x1904, 0x1904, 0x1904, 0x1904, 0x1904, 0x1904,
  0x1904, 0x1904, 0x1904, 0x1904, 0x1904, 0x1904, 0x1904, 0x1904, 0x1904, 0x1904, 0x1904, 0x1904,
  0x1904, 0x1904, 0x1904, 0x1904, 0x1904, 0x1904, 0x1904, 0x1904, 0x1904, 0x1904, 0x1904, 0x1904,
  0x1904, 0x1904, 0x1904, 0x1904, 0x1904, 0x1904, 0x1904, 0x1904, 0x1904, 0x1904, 0x1904, 0x1904,
  0x1904, 0x1904, 0x1904, 0x1904, 0x1904, 0x1904, 0x1904, 0x1904, 0x1904, 0x1904, 0x1904, 0x1904,
  0x1904, 0x1904, 0x1904, 0x1904, 0x1904, 0x1904, 0x1904, 0x1904, 0x1904, 0x1904, 0x1904, 0x1904,
  0x1904, 0x1904, 0x1904, 0x1904, 0x1904, 0x1904, 0x1904, 0x1904, 0x1904, 0x1904, 0x1904, 0x1904,
  0x1904, 0x1904, 0x1904, 0x1904, 0x1904, 0x1904, 0x1904, 0x1904, 0x1904, 0x1904, 0x1904, 0x1904,
  0x1904, 0x1904, 0x1904, 0x1904, 0x1904, 0x1904, 0x1904, 0x1904, 0x1904, 0x1904, 0x1904, 0x1904,
};

// coin_spin_frame_9 36x36
const uint16_t coin_spin_frame_9_w = 36;
const uint16_t coin_spin_frame_9_h = 36;
const unsigned short coin_spin_frame_9[1296] PROGMEM = {
  0x1904, 0x1904, 0x1904, 0x1904, 0x1904, 0x1904, 0x1904, 0x1904, 0x1904, 0x1904, 0x1904, 0x1904,
  0x1904, 0x1904, 0x1904, 0x1904, 0x1904, 0x1904, 0x1904, 0x1904, 0x1904, 0x1904, 0x1904, 0x1904,
  0x1904, 0x1904, 0x1904, 0x1904, 0x1904, 0x1904, 0x1904, 0x1904, 0x1904, 0x1904, 0x1904, 0x1904,
  0x1904, 0x1904, 0x1904, 0x1904, 0x1904, 0x1904, 0x1904, 0x1904, 0x1904, 0x1904, 0x1904, 0x1904,
  0x1904, 0x1904, 0x1904, 0x1904, 0x1904, 0x1904, 0x1904, 0x1904, 0x1904, 0x1904, 0x1904, 0x1904,
  0x1904, 0x1904, 0x1904, 0x1904, 0x1904, 0x1904, 0x1904, 0x1904, 0x1904, 0x1904, 0x1904, 0x1904,
  0x1904, 0x1904, 0x1904, 0x1904, 0x1904, 0x1904, 0x1904, 0x1904, 0x1904, 0x1904, 0x1904, 0x1904,
  0x1904, 0x1904, 0x1904, 0x1904, 0x1904, 0x1904, 0x1904, 0x1904, 0x1904, 0x1904, 0x1904, 0x1904,
  0x1904, 0x1904, 0x1904, 0x1904, 0x1904, 0x1904, 0x1904, 0x1904, 0x1904, 0x1904, 0x1904, 0x1904,
  0x1904, 0x1904, 0x1904, 0x1904, 0x1904, 0x1904, 0x1904, 0x1904, 0x1904, 0x1904, 0x1904, 0x1904,
  0x1904, 0x1904, 0x1904, 0x1904, 0x1904, 0x51E3, 0x51E3, 0x1904, 0x1904, 0x1904, 0x1904, 0x1904,
  0x1904, 0x1904, 0x1904, 0x1904, 0x1904, 0x1904, 0x1904, 0x1904, 0x1904, 0x1904, 0x1904, 0x1904,
  0x1904, 0x1904, 0x1904, 0x1904, 0x1904, 0x1904, 0x1904, 0x1904, 0x1904, 0x1904, 0x1904, 0x1904,
  0x1904, 0x1904, 0x1904, 0x1904, 0x1904, 0xBB63, 0xAB23, 0x1904, 0x1904, 0x1904, 0x1904, 0x1904,
  0x1904, 0x1904, 0x1904, 0x1904, 0x1904, 0x1904, 0x1904, 0x1904, 0x1904, 0x1904, 0x1904, 0x1904,
  0x1904, 0x1904, 0x1904, 0x1904, 0x1904, 0x1904, 0x1904, 0x1904, 0x1904, 0x1904, 0x1904, 0x1904,
  0x1904, 0x1904, 0x1904, 0x1904, 0x2964, 0xA2E2, 0xFF32, 0xFF32, 0x1904, 0x1904, 0x1904, 0x1904,
  0x1904, 0x1904, 0x1904, 0x1904, 0x1904, 0x1904, 0x1904, 0x1904, 0x1904, 0x1904, 0x1904, 0x1904,
  0x1904, 0x1904, 0x1904, 0x1904, 0x1904, 0x1904, 0x1904, 0x1904, 0x1904, 0x1904, 0x1904, 0x1904,
  0x1904, 0x1904, 0x1904, 0x1904, 0x41A3, 0xD3C2, 0xFF32, 0xFF32, 0x1904, 0x1904, 0x1904, 0x1904,
  0x1904, 0x1904, 0x1904, 0x1904, 0x1904, 0x1904, 0x1904, 0x1904, 0x1904, 0x1904, 0x1904, 0x1904,
  0x1904, 0x1904, 0x1904, 0x1904, 0x1904, 0x1904, 0x1904, 0x1904, 0x1904, 0x1904, 0x1904, 0x1904,
  0x1904, 0x1904, 0x1904, 0x1904, 0x6223, 0xF463, 0xFF32, 0xFF32, 0x1904, 0x1904, 0x1904, 0x1904,
  0x1904, 0x1904, 0x1904, 0x1904, 0x1904, 0x1904, 0x1904, 0x1904, 0x1904, 0x1904, 0x1904, 0x1904,
  0x1904, 0x1904, 0x1904, 0x1904, 0x1904, 0x1904, 0x1904, 0x1904, 0x1904, 0x1904, 0x1904, 0x1904,
  0x1904, 0x1904, 0x1904, 0x1904, 0x8283, 0xFC83, 0xFF32, 0xFF32, 0x1904, 0x1904, 0x1904, 0x1904,
  0x1904, 0x1904, 0x1904, 0x1904, 0x1904, 0x1904, 0x1904, 0x1904, 0x1904, 0x1904, 0x1904, 0x1904,
  0x1904, 0x1904, 0x1904, 0x1904, 0x1904, 0x1904, 0x1904, 0x1904, 0x1904, 0x1904, 0x1904, 0x1904,
  0x1904, 0x1904, 0x1904, 0x1904, 0x9B03, 0xD3E2, 0xFF32, 0xFF32, 0x1904, 0x1904, 0x1904, 0x1904,
  0x1904, 0x1904, 0x1904, 0x1904, 0x1904, 0x1904, 0x1904, 0x1904, 0x1904, 0x1904, 0x1904, 0x1904,
  0x1904, 0x1904, 0x1904, 0x1904, 0x1904, 0x1904, 0x1904, 0x1904, 0x1904, 0x1904, 0x1904, 0x1904,
  0x1904, 0x1904, 0x1904, 0x1904, 0xAB43, 0xD3E2, 0xFF32, 0xFF32, 0x1904, 0x1904, 0x1904, 0x1904,
  0x1904, 0x1904, 0x1904, 0x1904, 0x1904, 0x1904, 0x1904, 0x1904, 0x1904, 0x1904, 0x1904, 0x1904,
  0x1904, 0x1904, 0x1904, 0x1904, 0x1904, 0x1904, 0x1904, 0x1904, 0x1904, 0x1904, 0x1904, 0x1904,
  0x1904, 0x1904, 0x1904, 0x1904, 0xBB63, 0xCBA2, 0xFF32, 0xFF32, 0x1904, 0x1904, 0x1904, 0x1904,
  0x1904, 0x1904, 0x1904, 0x1904, 0x1904, 0x1904, 0x1904, 0x1904, 0x1904, 0x1904, 0x1904, 0x1904,
  0x1904, 0x1904, 0x1904, 0x1904, 0x1904, 0x1904, 0x1904, 0x1904, 0x1904, 0x1904, 0x1904, 0x1904,
  0x1904, 0x1904, 0x1904, 0x1904, 0xC362, 0x7243, 0xFF32, 0xFF32, 0x1904, 0x1904, 0x1904, 0x1904,
  0x1904, 0x1904, 0x1904, 0x1904, 0x1904, 0x1904, 0x1904, 0x1904, 0x1904, 0x1904, 0x1904, 0x1904,
  0x1904, 0x1904, 0x1904, 0x1904, 0x1904, 0x1904, 0x1904, 0x1904, 0x1904, 0x1904, 0x1904, 0x1904,
  0x1904, 0x1904, 0x1904, 0x1904, 0xBB62, 0x61C1, 0xFF32, 0xFF32, 0x1904, 0x1904, 0x1904, 0x1904,
  0x1904, 0x1904, 0x1904, 0x1904, 0x1904, 0x1904, 0x1904, 0x1904, 0x1904, 0x1904, 0x1904, 0x1904,
  0x1904, 0x1904, 0x1904, 0x1904, 0x1904, 0x1904, 0x1904, 0x1904, 0x1904, 0x1904, 0x1904, 0x1904,
  0x1904, 0x1904, 0x1904, 0x1904, 0xB322, 0x8AA2, 0xFF32, 0xFF32, 0x1904, 0x1904, 0x1904, 0x1904,
  0x1904, 0x1904, 0x1904, 0x1904, 0x1904, 0x1904, 0x1904, 0x1904, 0x1904, 0x1904, 0x1904, 0x1904,
  0x1904, 0x1904, 0x1904, 0x1904, 0x1904, 0x1904, 0x1904, 0x1904, 0x1904, 0x1904, 0x1904, 0x1904,
  0x1904, 0x1904, 0x1904, 0x1904, 0xAB02, 0x8AC2, 0xFF32, 0xFF32, 0x1904, 0x1904, 0x1904, 0x1904,
  0x1904, 0x1904, 0x1904, 0x1904, 0x1904, 0x1904, 0x1904, 0x1904, 0x1904, 0x1904, 0x1904, 0x1904,
  0x1904, 0x1904, 0x1904, 0x1904, 0x1904, 0x1904, 0x1904, 0x1904, 0x1904, 0x1904, 0x1904, 0x1904,
  0x1904, 0x1904, 0x1904, 0x1904, 0xAB02, 0x7A42, 0xFF32, 0xFF32, 0x1904, 0x1904, 0x1904, 0x1904,
  0x1904, 0x1904, 0x1904, 0x1904, 0x1904, 0x1904, 0x1904, 0x1904, 0x1904, 0x1904, 0x1904, 0x1904,
  0x1904, 0x1904, 0x1904, 0x1904, 0x1904, 0x1904, 0x1904, 0x1904, 0x1904, 0x1904, 0x1904, 0x1904,
  0x1904, 0x1904, 0x1904, 0x1904, 0xBB42, 0x4982, 0xFF32, 0xFF32, 0x1904, 0x1904, 0x1904, 0x1904,
  0x1904, 0x1904, 0x1904, 0x1904, 0x1904, 0x1904, 0x1904, 0x1904, 0x1904, 0x1904, 0x1904, 0x1904,
  0x1904, 0x1904, 0x1904, 0x1904, 0x1904, 0x1904, 0x1904, 0x1904, 0x1904, 0x1904, 0x1904, 0x1904,
  0x1904, 0x1904, 0x1904, 0x1904, 0xA2E2, 0x4121, 0xFF32, 0xFF32, 0x1904, 0x1904, 0x1904, 0x1904,
  0x1904, 0x1904, 0x1904, 0x1904, 0x1904, 0x1904, 0x1904, 0x1904, 0x1904, 0x1904, 0x1904, 0x1904,
  0x1904, 0x1904, 0x1904, 0x1904, 0x1904, 0x1904, 0x1904, 0x1904, 0x1904, 0x1904, 0x1904, 0x1904,
  0x1904, 0x1904, 0x1904, 0x1904, 0x9282, 0x7222, 0xFF32, 0xFF32, 0x1904, 0x1904, 0x1904, 0x1904,
  0x1904, 0x1904, 0x1904, 0x1904, 0x1904, 0x1904, 0x1904, 0x1904, 0x1904, 0x1904, 0x1904, 0x1904,
  0x1904, 0x1904, 0x1904, 0x1904, 0x1904, 0x1904, 0x1904, 0x1904, 0x1904, 0x1904, 0x1904, 0x1904,
  0x1904, 0x1904, 0x1904, 0x1904, 0x8A62, 0x7221, 0xFF32, 0xFF32, 0x1904, 0x1904, 0x1904, 0x1904,
  0x1904, 0x1904, 0x1904, 0x1904, 0x1904, 0x1904, 0x1904, 0x1904, 0x1904, 0x1904, 0x1904, 0x1904,
  0x1904, 0x1904, 0x1904, 0x1904, 0x1904, 0x1904, 0x1904, 0x1904, 0x1904, 0x1904, 0x1904, 0x1904,
  0x1904, 0x1904, 0x1904, 0x1904, 0x8A62, 0x6A01, 0xFF32, 0xFF32, 0x1904, 0x1904, 0x1904, 0x1904,
  0x1904, 0x1904, 0x1904, 0x1904, 0x1904, 0x1904, 0x1904, 0x1904, 0x1904, 0x1904, 0x1904, 0x1904,
  0x1904, 0x1904, 0x1904, 0x1904, 0x1904, 0x1904, 0x1904, 0x1904, 0x1904, 0x1904, 0x1904, 0x1904,
  0x1904, 0x1904, 0x1904, 0x1904, 0x8A82, 0x4142, 0xFF32, 0xFF32, 0x1904, 0x1904, 0x1904, 0x1904,
  0x1904, 0x1904, 0x1904, 0x1904, 0x1904, 0x1904, 0x1904, 0x1904, 0x1904, 0x1904, 0x1904, 0x1904,
  0x1904, 0x1904, 0x1904, 0x1904, 0x1904, 0x1904, 0x1904, 0x1904, 0x1904, 0x1904, 0x1904, 0x1904,
  0x1904, 0x1904, 0x1904, 0x1904, 0x9282, 0x3942, 0xFF32, 0xFF32, 0x1904, 0x1904, 0x1904, 0x1904,
  0x1904, 0x1904, 0x1904, 0x1904, 0x1904, 0x1904, 0x1904, 0x1904, 0x1904, 0x1904, 0x1904, 0x1904,
  0x1904, 0x1904, 0x1904, 0x1904, 0x1904, 0x1904, 0x1904, 0x1904, 0x1904, 0x1904, 0x1904, 0x1904,
  0x1904, 0x1904, 0x1904, 0x1904, 0x8282, 0x7A21, 0xFF32, 0xFF32, 0x1904, 0x1904, 0x1904, 0x1904,
  0x1904, 0x1904, 0x1904, 0x1904, 0x1904, 0x1904, 0x1904, 0x1904, 0x1904, 0x1904, 0x1904, 0x1904,
  0x1904, 0x1904, 0x1904, 0x1904, 0x1904, 0x1904, 0x1904, 0x1904, 0x1904, 0x1904, 0x1904, 0x1904,
  0x1904, 0x1904, 0x1904, 0x1904, 0x7A42, 0x7A21, 0xFF32, 0xFF32, 0x1904, 0x1904, 0x1904, 0x1904,
  0x1904, 0x1904, 0x1904, 0x1904, 0x1904, 0x1904, 0x1904, 0x1904, 0x1904, 0x1904, 0x1904, 0x1904,
  0x1904, 0x1904, 0x1904, 0x1904, 0x1904, 0x1904, 0x1904, 0x1904, 0x1904, 0x1904, 0x1904, 0x1904,
  0x1904, 0x1904, 0x1904, 0x1904, 0x7242, 0x7A21, 0xFF32, 0xFF32, 0x1904, 0x1904, 0x1904, 0x1904,
  0x1904, 0x1904, 0x1904, 0x1904, 0x1904, 0x1904, 0x1904, 0x1904, 0x1904, 0x1904, 0x1904, 0x1904,
  0x1904, 0x1904, 0x1904, 0x1904, 0x1904, 0x1904, 0x1904, 0x1904, 0x1904, 0x1904, 0x1904, 0x1904,
  0x1904, 0x1904, 0x1904, 0x1904, 0x6203, 0x9AA2, 0xFF32, 0xFF32, 0x1904, 0x1904, 0x1904, 0x1904,
  0x1904, 0x1904, 0x1904, 0x1904, 0x1904, 0x1904, 0x1904, 0x1904, 0x1904, 0x1904, 0x1904, 0x1904,
  0x1904, 0x1904, 0x1904, 0x1904, 0x1904, 0x1904, 0x1904, 0x1904, 0x1904, 0x1904, 0x1904, 0x1904,
  0x1904, 0x1904, 0x1904, 0x1904, 0x49A3, 0x92A1, 0xFF32, 0xFF32, 0x1904, 0x1904, 0x1904, 0x1904,
  0x1904, 0x1904, 0x1904, 0x1904, 0x1904, 0x1904, 0x1904, 0x1904, 0x1904, 0x1904, 0x1904, 0x1904,
  0x1904, 0x1904, 0x1904, 0x1904, 0x1904, 0x1904, 0x1904, 0x1904, 0x1904, 0x1904, 0x1904, 0x1904,
  0x1904, 0x1904, 0x1904, 0x1904, 0x3963, 0x9AC2, 0xFF32, 0xFF32, 0x1904, 0x1904, 0x1904, 0x1904,
  0x1904, 0x1904, 0x1904, 0x1904, 0x1904, 0x1904, 0x1904, 0x1904, 0x1904, 0x1904, 0x1904, 0x1904,
  0x1904, 0x1904, 0x1904, 0x1904, 0x1904, 0x1904, 0x1904, 0x1904, 0x1904, 0x1904, 0x1904, 0x1904,
  0x1904, 0x1904, 0x1904, 0x1904, 0x1903, 0xB322, 0xFF32, 0xFF32, 0x1904, 0x1904, 0x1904, 0x1904,
  0x1904, 0x1904, 0x1904, 0x1904, 0x1904, 0x1904, 0x1904, 0x1904, 0x1904, 0x1904, 0x1904, 0x1904,
  0x1904, 0x1904, 0x1904, 0x1904, 0x1904, 0x1904, 0x1904, 0x1904, 0x1904, 0x1904, 0x1904, 0x1904,
  0x1904, 0x1904, 0x1904, 0x1904, 0x1904, 0x7A42, 0x8A82, 0x1904, 0x1904, 0x1904, 0x1904, 0x1904,
  0x1904, 0x1904, 0x1904, 0x1904, 0x1904, 0x1904, 0x1904, 0x1904, 0x1904, 0x1904, 0x1904, 0x1904,
  0x1904, 0x1904, 0x1904, 0x1904, 0x1904, 0x1904, 0x1904, 0x1904, 0x1904, 0x1904, 0x1904, 0x1904,
  0x1904, 0x1904, 0x1904, 0x1904, 0x1904, 0x3143, 0x3163, 0x1904, 0x1904, 0x1904, 0x1904, 0x1904,
  0x1904, 0x1904, 0x1904, 0x1904, 0x1904, 0x1904, 0x1904, 0x1904, 0x1904, 0x1904, 0x1904, 0x1904,
  0x1904, 0x1904, 0x1904, 0x1904, 0x1904, 0x1904, 0x1904, 0x1904, 0x1904, 0x1904, 0x1904, 0x1904,
  0x1904, 0x1904, 0x1904, 0x1904, 0x1904, 0x1904, 0x1904, 0x1904, 0x1904, 0x1904, 0x1904, 0x1904,
  0x1904, 0x1904, 0x1904, 0x1904, 0x1904, 0x1904, 0x1904, 0x1904, 0x1904, 0x1904, 0x1904, 0x1904,
  0x1904, 0x1904, 0x1904, 0x1904, 0x1904, 0x1904, 0x1904, 0x1904, 0x1904, 0x1904, 0x1904, 0x1904,
  0x1904, 0x1904, 0x1904, 0x1904, 0x1904, 0x1904, 0x1904, 0x1904, 0x1904, 0x1904, 0x1904, 0x1904,
  0x1904, 0x1904, 0x1904, 0x1904, 0x1904, 0x1904, 0x1904, 0x1904, 0x1904, 0x1904, 0x1904, 0x1904,
  0x1904, 0x1904, 0x1904, 0x1904, 0x1904, 0x1904, 0x1904, 0x1904, 0x1904, 0x1904, 0x1904, 0x1904,
  0x1904, 0x1904, 0x1904, 0x1904, 0x1904, 0x1904, 0x1904, 0x1904, 0x1904, 0x1904, 0x1904, 0x1904,
  0x1904, 0x1904, 0x1904, 0x1904, 0x1904, 0x1904, 0x1904, 0x1904, 0x1904, 0x1904, 0x1904, 0x1904,
};

// coin_spin_frame_10 36x36
const uint16_t coin_spin_frame_10_w = 36;
const uint16_t coin_spin_frame_10_h = 36;
const unsigned short coin_spin_frame_10[1296] PROGMEM = {
  0x1904, 0x1904, 0x1904, 0x1904, 0x1904, 0x1904, 0x1904, 0x1904, 0x1904, 0x1904, 0x1904, 0x1904,
  0x1904, 0x1904, 0x1904, 0x1904, 0x1904, 0x1904, 0x1904, 0x1904, 0x1904, 0x1904, 0x1904, 0x1904,
  0x1904, 0x1904, 0x1904, 0x1904, 0x1904, 0x1904, 0x1904, 0x1904, 0x1904, 0x1904, 0x1904, 0x1904,
  0x1904, 0x1904, 0x1904, 0x1904, 0x1904, 0x1904, 0x1904, 0x1904, 0x1904, 0x1904, 0x1904, 0x1904,
  0x1904, 0x1904, 0x1904, 0x1904, 0x1904, 0x1904, 0x1904, 0x1904, 0x1904, 0x1904, 0x1904, 0x1904,
  0x1904, 0x1904, 0x1904, 0x1904, 0x1904, 0x1904, 0x1904, 0x1904, 0x1904, 0x1904, 0x1904, 0x1904,
  0x1904, 0x1904, 0x1904, 0x1904, 0x1904, 0x1904, 0x1904, 0x1904, 0x1904, 0x1904, 0x1904, 0x1904,
  0x1904, 0x1904, 0x1904, 0x1904, 0x1904, 0x1904, 0x1904, 0x1904, 0x1904, 0x1904, 0x1904, 0x1904,
  0x1904, 0x1904, 0x1904, 0x1904, 0x1904, 0x1904, 0x1904, 0x1904, 0x1904, 0x1904, 0x1904, 0x1904,
  0x1904, 0x1904, 0x1904, 0x1904, 0x1904, 0x1904, 0x1904, 0x1904, 0x1904, 0x1904, 0x1904, 0x1904,
  0x1904, 0x1904, 0x1904, 0x2944, 0x7A83, 0xA323, 0x82A3, 0x2944, 0x1904, 0x1904, 0x1904, 0x1904,
  0x1904, 0x1904, 0x1904, 0x1904, 0x1904, 0x1904, 0x1904, 0x1904, 0x1904, 0x1904, 0x1904, 0x1904,
  0x1904, 0x1904, 0x1904, 0x1904, 0x1904, 0x1904, 0x1904, 0x1904, 0x1904, 0x1904, 0x1904, 0x1904,
  0x1904, 0x1904, 0x51E3, 0xD3C2, 0xDBC2, 0xCB82, 0xEC22, 0xEC43, 0x5A03, 0x1904, 0x1904, 0x1904,
  0x1904, 0x1904, 0x1904, 0x1904, 0x1904, 0x1904, 0x1904, 0x1904, 0x1904, 0x1904, 0x1904, 0x1904,
  0x1904, 0x1904, 0x1904, 0x1904, 0x1904, 0x1904, 0x1904, 0x1904, 0x1904, 0x1904, 0x1904, 0x1904,
  0x1904, 0x49C3, 0xD3A2, 0x8261, 0x7201, 0x8A61, 0x8241, 0xAB02, 0xFCA3, 0x51E3, 0x1904, 0x1904,
  0x1904, 0x1904, 0x1904, 0x1904, 0x1904, 0x1904, 0x1904, 0x1904, 0x1904, 0x1904, 0x1904, 0x1904,
  0x1904, 0x1904, 0x1904, 0x1904, 0x1904, 0x1904, 0x1904, 0x1904, 0x1904, 0x1904, 0x1904, 0x1904,
  0x2944, 0xC362, 0x7A01, 0x8A61, 0xD3A2, 0xE402, 0xEC23, 0xB302, 0xAB02, 0xE463, 0x2944, 0x1904,
  0x1904, 0x1904, 0x1904, 0x1904, 0x1904, 0x1904, 0x1904, 0x1904, 0x1904, 0x1904, 0x1904, 0x1904,
  0x1904, 0x1904, 0x1904, 0x1904, 0x1904, 0x1904, 0x1904, 0x1904, 0x1904, 0x1904, 0x1904, 0x1904,
  0x8AC3, 0xA2C2, 0x9281, 0xDBC2, 0xD3C2, 0xE3E2, 0xF423, 0xFCA3, 0xCBA2, 0xDBE2, 0x9B23, 0x1904,
  0x1904, 0x1904, 0x1904, 0x1904, 0x1904, 0x1904, 0x1904, 0x1904, 0x1904, 0x1904, 0x1904, 0x1904,
  0x1904, 0x1904, 0x1904, 0x1904, 0x1904, 0x1904, 0x1904, 0x1904, 0x1904, 0x1904, 0x1904, 0x3164,
  0xBB42, 0x8A61, 0xCBA2, 0xCB82, 0xD3A2, 0xDBE2, 0xEC23, 0xFC63, 0xFCC3, 0xD3A2, 0xDBE3, 0x3164,
  0x1904, 0x1904, 0x1904, 0x1904, 0x1904, 0x1904, 0x1904, 0x1904, 0x1904, 0x1904, 0x1904, 0x1904,
  0x1904, 0x1904, 0x1904, 0x1904, 0x1904, 0x1904, 0x1904, 0x1904, 0x1904, 0x1904, 0x1904, 0x6A43,
  0xA2E2, 0xAB02, 0xD3A2, 0xC362, 0x59A1, 0x7201, 0x92A1, 0xFCE3, 0xFCC3, 0xEC43, 0xD3A2, 0x6A43,
  0x1904, 0x1904, 0x1904, 0x1904, 0x1904, 0x1904, 0x1904, 0x1904, 0x1904, 0x1904, 0x1904, 0x1904,
  0x1904, 0x1904, 0x1904, 0x1904, 0x1904, 0x1904, 0x1904, 0x1904, 0x1904, 0x1904, 0x1904, 0x92C2,
  0x9AA1, 0xCB82, 0xE3E2, 0xDBC2, 0x59A1, 0x7A21, 0x8AA1, 0xFD23, 0xFC83, 0xFC63, 0xCBA2, 0x9AE3,
  0x1904, 0x1904, 0x1904, 0x1904, 0x1904, 0x1904, 0x1904, 0x1904, 0x1904, 0x1904, 0x1904, 0x1904,
  0x1904, 0x1904, 0x1904, 0x1904, 0x1904, 0x1904, 0x1904, 0x1904, 0x1904, 0x1904, 0x3164, 0xA2E2,
  0xA2E2, 0xD3C2, 0xBB42, 0xA2C2, 0x5161, 0x61A1, 0x8241, 0xFD03, 0xFC83, 0xF423, 0xD3A2, 0xB322,
  0x2943, 0x1904, 0x1904, 0x1904, 0x1904, 0x1904, 0x1904, 0x1904, 0x1904, 0x1904, 0x1904, 0x1904,
  0x1904, 0x1904, 0x1904, 0x1904, 0x1904, 0x1904, 0x1904, 0x1904, 0x1904, 0x1904, 0x51E3, 0xAAE2,
  0xB302, 0xE3E2, 0x59E3, 0x18E3, 0x18C2, 0x1904, 0x10E3, 0x61C1, 0xFC63, 0xEC03, 0xCBA2, 0xBB42,
  0x49A3, 0x1904, 0x1904, 0x1904, 0x1904, 0x1904, 0x1904, 0x1904, 0x1904, 0x1904, 0x1904, 0x1904,
  0x1904, 0x1904, 0x1904, 0x1904, 0x1904, 0x1904, 0x1904, 0x1904, 0x1904, 0x1904, 0x7243, 0xAB02,
  0xC362, 0xDBE2, 0xAAE2, 0x3122, 0x20A0, 0x7A21, 0x30E0, 0x1081, 0xBB42, 0xEC22, 0xCB82, 0xC362,
  0x6203, 0x1904, 0x1904, 0x1904, 0x1904, 0x1904, 0x1904, 0x1904, 0x1904, 0x1904, 0x1904, 0x1904,
  0x1904, 0x1904, 0x1904, 0x1904, 0x1904, 0x1904, 0x1904, 0x1904, 0x1904, 0x1904, 0x8AA3, 0xB322,
  0xD3C2, 0xDBC2, 0xFCC3, 0x7263, 0x2922, 0xFD23, 0xBB82, 0x10E3, 0x9282, 0xE402, 0xC362, 0xC362,
  0x7A42, 0x1904, 0x1904, 0x1904, 0x1904, 0x1904, 0x1904, 0x1904, 0x1904, 0x1904, 0x1904, 0x1904,
  0x1904, 0x1904, 0x1904, 0x1904, 0x1904, 0x1904, 0x1904, 0x1904, 0x1904, 0x1904, 0x9AE3, 0xBB42,
  0xDBC2, 0xE3E2, 0xFC83, 0x6A23, 0x2922, 0xFCE3, 0xD3E3, 0x10E3, 0x8A62, 0xDBE2, 0xBB22, 0xBB42,
  0x8282, 0x1904, 0x1904, 0x1904, 0x1904, 0x1904, 0x1904, 0x1904, 0x1904, 0x1904, 0x1904, 0x1904,
  0x1904, 0x1904, 0x1904, 0x1904, 0x1904, 0x1904, 0x1904, 0x1904, 0x1904, 0x1904, 0xA2E2, 0xC362,
  0xE402, 0xEC02, 0xFCC3, 0x6A43, 0x2922, 0xFC63, 0x8242, 0x1081, 0xB302, 0xCB82, 0xB302, 0xBB22,
  0x8A82, 0x1904, 0x1904, 0x1904, 0x1904, 0x1904, 0x1904, 0x1904, 0x1904, 0x1904, 0x1904, 0x1904,
  0x1904, 0x1904, 0x1904, 0x1904, 0x1904, 0x1904, 0x1904, 0x1904, 0x1904, 0x1904, 0xAB02, 0xC362,
  0xEC23, 0xF423, 0xFCE3, 0x7A62, 0x10A2, 0x1904, 0x10E3, 0x28C0, 0xC362, 0xC362, 0xAB02, 0xB302,
  0x8A82, 0x1904, 0x1904, 0x1904, 0x1904, 0x1904, 0x1904, 0x1904, 0x1904, 0x1904, 0x1904, 0x1904,
  0x1904, 0x1904, 0x1904, 0x1904, 0x1904, 0x1904, 0x1904, 0x1904, 0x1904, 0x1904, 0xAB22, 0xCB82,
  0xF443, 0xF443, 0xFCE3, 0x7263, 0x1060, 0x69C1, 0x3921, 0x0861, 0x61C1, 0xC362, 0x9AC2, 0xAB02,
  0x8A82, 0x1904, 0x1904, 0x1904, 0x1904, 0x1904, 0x1904, 0x1904, 0x1904, 0x1904, 0x1904, 0x1904,
  0x1904, 0x1904, 0x1904, 0x1904, 0x1904, 0x1904, 0x1904, 0x1904, 0x1904, 0x1904, 0xAB23, 0xD3A2,
  0xFC63, 0xFC63, 0xFD03, 0x7263, 0x2922, 0xFC63, 0xD3A2, 0x20A0, 0x3942, 0xBB42, 0x92A1, 0xAAE2,
  0x8262, 0x1904, 0x1904, 0x1904, 0x1904, 0x1904, 0x1904, 0x1904, 0x1904, 0x1904, 0x1904, 0x1904,
  0x1904, 0x1904, 0x1904, 0x1904, 0x1904, 0x1904, 0x1904, 0x1904, 0x1904, 0x1904, 0xAB23, 0xDBE2,
  0xFC63, 0xFC83, 0xFCE3, 0x6A43, 0x2922, 0xDBC2, 0xD3A2, 0x4162, 0x28C1, 0xAB02, 0x9281, 0xAB02,
  0x7242, 0x1904, 0x1904, 0x1904, 0x1904, 0x1904, 0x1904, 0x1904, 0x1904, 0x1904, 0x1904, 0x1904,
  0x1904, 0x1904, 0x1904, 0x1904, 0x1904, 0x1904, 0x1904, 0x1904, 0x1904, 0x1904, 0x9AE3, 0xE402,
  0xFC83, 0xFC83, 0xFD03, 0x6A43, 0x2922, 0xEC23, 0xC362, 0x20A0, 0x3942, 0xA2E2, 0x8A61, 0xBB42,
  0x6202, 0x1904, 0x1904, 0x1904, 0x1904, 0x1904, 0x1904, 0x1904, 0x1904, 0x1904, 0x1904, 0x1904,
  0x1904, 0x1904, 0x1904, 0x1904, 0x1904, 0x1904, 0x1904, 0x1904, 0x1904, 0x1904, 0x8283, 0xEC23,
  0xF483, 0xFCC3, 0xBB42, 0x2902, 0x20A0, 0x7201, 0x4141, 0x1904, 0x51C3, 0x9AC2, 0x8261, 0xC362,
  0x49A3, 0x1904, 0x1904, 0x1904, 0x1904, 0x1904, 0x1904, 0x1904, 0x1904, 0x1904, 0x1904, 0x1904,
  0x1904, 0x1904, 0x1904, 0x1904, 0x1904, 0x1904, 0x1904, 0x1904, 0x1904, 0x1904, 0x5A03, 0xDC02,
  0xF463, 0xFCE3, 0x6A23, 0x1904, 0x1904, 0x1904, 0x18E3, 0x28C0, 0x92A1, 0x8A61, 0x9281, 0xBB22,
  0x3143, 0x1904, 0x1904, 0x1904, 0x1904, 0x1904, 0x1904, 0x1904, 0x1904, 0x1904, 0x1904, 0x1904,
  0x1904, 0x1904, 0x1904, 0x1904, 0x1904, 0x1904, 0x1904, 0x1904, 0x1904, 0x1904, 0x3164, 0xD3C3,
  0xE423, 0xFC83, 0xC362, 0x9281, 0x4120, 0x4940, 0x59A1, 0xBB42, 0x9AA1, 0x8241, 0xAAE2, 0x9AC2,
  0x1903, 0x1904, 0x1904, 0x1904, 0x1904, 0x1904, 0x1904, 0x1904, 0x1904, 0x1904, 0x1904, 0x1904,
  0x1904, 0x1904, 0x1904, 0x1904, 0x1904, 0x1904, 0x1904, 0x1904, 0x1904, 0x1904, 0x1904, 0xAB23,
  0xE402, 0xF443, 0xF423, 0xD3A2, 0x5161, 0x61E3, 0x69E1, 0xAAE2, 0x8A61, 0x8241, 0xC362, 0x7222,
  0x1904, 0x1904, 0x1904, 0x1904, 0x1904, 0x1904, 0x1904, 0x1904, 0x1904, 0x1904, 0x1904, 0x1904,
  0x1904, 0x1904, 0x1904, 0x1904, 0x1904, 0x1904, 0x1904, 0x1904, 0x1904, 0x1904, 0x1904, 0x6A43,
  0xE402, 0xE3E2, 0xDBE2, 0xBB42, 0x4961, 0x5981, 0x61C1, 0x9AA1, 0x8241, 0x9AA1, 0xCB82, 0x3962,
  0x1904, 0x1904, 0x1904, 0x1904, 0x1904, 0x1904, 0x1904, 0x1904, 0x1904, 0x1904, 0x1904, 0x1904,
  0x1904, 0x1904, 0x1904, 0x1904, 0x1904, 0x1904, 0x1904, 0x1904, 0x1904, 0x1904, 0x1904, 0x2943,
  0xCBA2, 0xDBC2, 0xD3C2, 0xC362, 0xB322, 0xA2E2, 0x92A1, 0x8A61, 0x8221, 0xCB82, 0x9AA2, 0x1903,
  0x1904, 0x1904, 0x1904, 0x1904, 0x1904, 0x1904, 0x1904, 0x1904, 0x1904, 0x1904, 0x1904, 0x1904,
  0x1904, 0x1904, 0x1904, 0x1904, 0x1904, 0x1904, 0x1904, 0x1904, 0x1904, 0x1904, 0x1904, 0x1904,
  0x8283, 0xE3E2, 0xC362, 0xB322, 0xAB02, 0x9AC2, 0x9281, 0x7201, 0xA2C2, 0xD3A2, 0x4982, 0x1904,
  0x1904, 0x1904, 0x1904, 0x1904, 0x1904, 0x1904, 0x1904, 0x1904, 0x1904, 0x1904, 0x1904, 0x1904,
  0x1904, 0x1904, 0x1904, 0x1904, 0x1904, 0x1904, 0x1904, 0x1904, 0x1904, 0x1904, 0x1904, 0x1904,
  0x2124, 0xB322, 0xCB82, 0xB322, 0x9AA1, 0x8A61, 0x7A21, 0xAB02, 0xDBC2, 0x7201, 0x1903, 0x1904,
  0x1904, 0x1904, 0x1904, 0x1904, 0x1904, 0x1904, 0x1904, 0x1904, 0x1904, 0x1904, 0x1904, 0x1904,
  0x1904, 0x1904, 0x1904, 0x1904, 0x1904, 0x1904, 0x1904, 0x1904, 0x1904, 0x1904, 0x1904, 0x1904,
  0x1904, 0x4183, 0xB322, 0xCB82, 0xCB82, 0xCB82, 0xDBE2, 0xDBE2, 0x8241, 0x2923, 0x1904, 0x1904,
  0x1904, 0x1904, 0x1904, 0x1904, 0x1904, 0x1904, 0x1904, 0x1904, 0x1904, 0x1904, 0x1904, 0x1904,
  0x1904, 0x1904, 0x1904, 0x1904, 0x1904, 0x1904, 0x1904, 0x1904, 0x1904, 0x1904, 0x1904, 0x1904,
  0x1904, 0x1904, 0x4183, 0x9AC2, 0xB322, 0xBB42, 0xAAE2, 0x7201, 0x3143, 0x1904, 0x1904, 0x1904,
  0x1904, 0x1904, 0x1904, 0x1904, 0x1904, 0x1904, 0x1904, 0x1904, 0x1904, 0x1904, 0x1904, 0x1904,
  0x1904, 0x1904, 0x1904, 0x1904, 0x1904, 0x1904, 0x1904, 0x1904, 0x1904, 0x1904, 0x1904, 0x1904,
  0x1904, 0x1904, 0x1904, 0x2123, 0x51C3, 0x59C2, 0x4182, 0x2123, 0x1904, 0x1904, 0x1904, 0x1904,
  0x1904, 0x1904, 0x1904, 0x1904, 0x1904, 0x1904, 0x1904, 0x1904, 0x1904, 0x1904, 0x1904, 0x1904,
  0x1904, 0x1904, 0x1904, 0x1904, 0x1904, 0x1904, 0x1904, 0x1904, 0x1904, 0x1904, 0x1904, 0x1904,
  0x1904, 0x1904, 0x1904, 0x1904, 0x1904, 0x1904, 0x1904, 0x1904, 0x1904, 0x1904, 0x1904, 0x1904,
  0x1904, 0x1904, 0x1904, 0x1904, 0x1904, 0x1904, 0x1904, 0x1904, 0x1904, 0x1904, 0x1904, 0x1904,
  0x1904, 0x1904, 0x1904, 0x1904, 0x1904, 0x1904, 0x1904, 0x1904, 0x1904, 0x1904, 0x1904, 0x1904,
  0x1904, 0x1904, 0x1904, 0x1904, 0x1904, 0x1904, 0x1904, 0x1904, 0x1904, 0x1904, 0x1904, 0x1904,
  0x1904, 0x1904, 0x1904, 0x1904, 0x1904, 0x1904, 0x1904, 0x1904, 0x1904, 0x1904, 0x1904, 0x1904,
  0x1904, 0x1904, 0x1904, 0x1904, 0x1904, 0x1904, 0x1904, 0x1904, 0x1904, 0x1904, 0x1904, 0x1904,
  0x1904, 0x1904, 0x1904, 0x1904, 0x1904, 0x1904, 0x1904, 0x1904, 0x1904, 0x1904, 0x1904, 0x1904,
  0x1904, 0x1904, 0x1904, 0x1904, 0x1904, 0x1904, 0x1904, 0x1904, 0x1904, 0x1904, 0x1904, 0x1904,
};

// coin_spin_frame_11 36x36
const uint16_t coin_spin_frame_11_w = 36;
const uint16_t coin_spin_frame_11_h = 36;
const unsigned short coin_spin_frame_11[1296] PROGMEM = {
  0x1904, 0x1904, 0x1904, 0x1904, 0x1904, 0x1904, 0x1904, 0x1904, 0x1904, 0x1904, 0x1904, 0x1904,
  0x1904, 0x1904, 0x1904, 0x1904, 0x1904, 0x1904, 0x1904, 0x1904, 0x1904, 0x1904, 0x1904, 0x1904,
  0x1904, 0x1904, 0x1904, 0x1904, 0x1904, 0x1904, 0x1904, 0x1904, 0x1904, 0x1904, 0x1904, 0x1904,
  0x1904, 0x1904, 0x1904, 0x1904, 0x1904, 0x1904, 0x1904, 0x1904, 0x1904, 0x1904, 0x1904, 0x1904,
  0x1904, 0x1904, 0x1904, 0x1904, 0x1904, 0x1904, 0x1904, 0x1904, 0x1904, 0x1904, 0x1904, 0x1904,
  0x1904, 0x1904, 0x1904, 0x1904, 0x1904, 0x1904, 0x1904, 0x1904, 0x1904, 0x1904, 0x1904, 0x1904,
  0x1904, 0x1904, 0x1904, 0x1904, 0x1904, 0x1904, 0x1904, 0x1904, 0x1904, 0x1904, 0x1904, 0x1904,
  0x1904, 0x1904, 0x1904, 0x1904, 0x1904, 0x1904, 0x1904, 0x1904, 0x1904, 0x1904, 0x1904, 0x1904,
  0x1904, 0x1904, 0x1904, 0x1904, 0x1904, 0x1904, 0x1904, 0x1904, 0x1904, 0x1904, 0x1904, 0x1904,
  0x1904, 0x1904, 0x1904, 0x1904, 0x1904, 0x1904, 0x1904, 0x1904, 0x1904, 0x1904, 0x1904, 0x1904,
  0x1904, 0x1904, 0x2124, 0x59E3, 0x8AA3, 0xA303, 0xA303, 0x8AC3, 0x5A03, 0x2144, 0x1904, 0x1904,
  0x1904, 0x1904, 0x1904, 0x1904, 0x1904, 0x1904, 0x1904, 0x1904, 0x1904, 0x1904, 0x1904, 0x1904,
  0x1904, 0x1904, 0x1904, 0x1904, 0x1904, 0x1904, 0x1904, 0x1904, 0x1904, 0x1904, 0x1904, 0x1904,
  0x3163, 0x92C3, 0xD3C2, 0xDBE2, 0xD3A2, 0xCB82, 0xD3A2, 0xE402, 0xF443, 0xEC43, 0xA323, 0x3983,
  0x1904, 0x1904, 0x1904, 0x1904, 0x1904, 0x1904, 0x1904, 0x1904, 0x1904, 0x1904, 0x1904, 0x1904,
  0x1904, 0x1904, 0x1904, 0x1904, 0x1904, 0x1904, 0x1904, 0x1904, 0x1904, 0x1904, 0x1904, 0x7243,
  0xDBC2, 0xC362, 0x8241, 0x69E1, 0x7A21, 0x8241, 0x8A61, 0x8A61, 0x8A61, 0xAAE2, 0xF443, 0xFCC3,
  0x82A3, 0x1904, 0x1904, 0x1904, 0x1904, 0x1904, 0x1904, 0x1904, 0x1904, 0x1904, 0x1904, 0x1904,
  0x1904, 0x1904, 0x1904, 0x1904, 0x1904, 0x1904, 0x1904, 0x1904, 0x1904, 0x2124, 0x9AE3, 0xDBE2,
  0x7A21, 0x5981, 0x9281, 0xBB62, 0xD3A2, 0xE3E2, 0xE402, 0xEC23, 0xE402, 0xBB42, 0x8A61, 0xB322,
  0xFD03, 0xB383, 0x2124, 0x1904, 0x1904, 0x1904, 0x1904, 0x1904, 0x1904, 0x1904, 0x1904, 0x1904,
  0x1904, 0x1904, 0x1904, 0x1904, 0x1904, 0x1904, 0x1904, 0x1904, 0x1904, 0xA303, 0xDBC2, 0x61C1,
  0x8241, 0xCB82, 0xD3A2, 0xD3C2, 0xDBC2, 0xDBC2, 0xEC02, 0xF423, 0xF443, 0xFC83, 0xFCA3, 0xC362,
  0x9AC2, 0xFCE3, 0xBB83, 0x1904, 0x1904, 0x1904, 0x1904, 0x1904, 0x1904, 0x1904, 0x1904, 0x1904,
  0x1904, 0x1904, 0x1904, 0x1904, 0x1904, 0x1904, 0x1904, 0x1904, 0x8AA3, 0xDBE2, 0x69C1, 0x9AC1,
  0xD3A2, 0xCB82, 0xD3A2, 0xCB82, 0xCB82, 0xE402, 0xDBC2, 0xE402, 0xFC63, 0xFC63, 0xFC83, 0xFD03,
  0xE402, 0xAAE2, 0xFCC3, 0x92E3, 0x1904, 0x1904, 0x1904, 0x1904, 0x1904, 0x1904, 0x1904, 0x1904,
  0x1904, 0x1904, 0x1904, 0x1904, 0x1904, 0x1904, 0x1904, 0x49C3, 0xDBC2, 0x7221, 0x92A1, 0xD3A2,
  0xC362, 0xCB82, 0xE402, 0x69E1, 0x28A0, 0xDBE2, 0x28C0, 0x7201, 0xFCE3, 0xFC83, 0xFCA3, 0xFCA3,
  0xFCC3, 0xDBC2, 0xB322, 0xEC23, 0x49C3, 0x1904, 0x1904, 0x1904, 0x1904, 0x1904, 0x1904, 0x1904,
  0x1904, 0x1904, 0x1904, 0x1904, 0x1904, 0x1904, 0x2124, 0xB343, 0xAAE2, 0x7A21, 0xCBA2, 0xCB82,
  0xD3C2, 0xE402, 0xFC83, 0x71E1, 0x20A0, 0xEC43, 0x2080, 0x6A01, 0xFD43, 0xFCA3, 0xFCC3, 0xFCA3,
  0xFC63, 0xFC63, 0xBB22, 0xCB82, 0xAB23, 0x2124, 0x1904, 0x1904, 0x1904, 0x1904, 0x1904, 0x1904,
  0x1904, 0x1904, 0x1904, 0x1904, 0x1904, 0x1904, 0x59E3, 0xD3A2, 0x7A21, 0xB322, 0xCBA2, 0xD3A2,
  0xC362, 0xAAE2, 0xC362, 0x5981, 0x20A0, 0xB322, 0x28A0, 0x59A1, 0xF443, 0xFCC3, 0xFCC3, 0xFC63,
  0xF443, 0xEC22, 0xDBC2, 0xAB02, 0xD3A2, 0x51C3, 0x1904, 0x1904, 0x1904, 0x1904, 0x1904, 0x1904,
  0x1904, 0x1904, 0x1904, 0x1904, 0x1904, 0x1904, 0x9AE3, 0xB322, 0x8241, 0xCBA2, 0xCB82, 0xE402,
  0x7222, 0x1904, 0x1904, 0x18A1, 0x18C2, 0x1904, 0x1904, 0x1904, 0x18C2, 0x5981, 0xE402, 0xFC83,
  0xEC23, 0xE3E2, 0xDBC2, 0xB322, 0xCB82, 0x8283, 0x1904, 0x1904, 0x1904, 0x1904, 0x1904, 0x1904,
  0x1904, 0x1904, 0x1904, 0x1904, 0x1904, 0x2944, 0xC382, 0x92A1, 0xAB02, 0xDBC2, 0xD3A2, 0xE3E2,
  0xB322, 0x7A21, 0x3962, 0x1082, 0x28C0, 0x7201, 0x7201, 0x4120, 0x1860, 0x10A2, 0x59C2, 0xF423,
  0xE402, 0xDBC2, 0xD3A2, 0xBB42, 0xBB62, 0xAB02, 0x2123, 0x1904, 0x1904, 0x1904, 0x1904, 0x1904,
  0x1904, 0x1904, 0x1904, 0x1904, 0x1904, 0x51C3, 0xD3A2, 0x9281, 0xCBA2, 0xDBC2, 0xDBE2, 0xE3E2,
  0xEC43, 0xFCC3, 0x7A43, 0x1904, 0x4141, 0xECA3, 0xFD03, 0xEC63, 0x4982, 0x1904, 0x28E1, 0xCBA2,
  0xE3E2, 0xCBA2, 0xC382, 0xBB42, 0xBB22, 0xBB42, 0x41A3, 0x1904, 0x1904, 0x1904, 0x1904, 0x1904,
  0x1904, 0x1904, 0x1904, 0x1904, 0x1904, 0x7243, 0xD3A2, 0x9AC2, 0xDBE2, 0xDBC2, 0xE3E2, 0xE402,
  0xEC23, 0xFC83, 0x7223, 0x1904, 0x3921, 0xEC83, 0xFCA3, 0xFCA3, 0x7222, 0x1904, 0x28E1, 0xCB82,
  0xD3C2, 0xCB82, 0xBB42, 0xB322, 0xB322, 0xBB42, 0x59E3, 0x1904, 0x1904, 0x1904, 0x1904, 0x1904,
  0x1904, 0x1904, 0x1904, 0x1904, 0x1904, 0x8AA3, 0xCB82, 0xA2E2, 0xE402, 0xE3E2, 0xEC23, 0xF423,
  0xF463, 0xFCA3, 0x7243, 0x1904, 0x3921, 0xEC02, 0xEC23, 0xA2E2, 0x2902, 0x0882, 0x69C1, 0xD3A2,
  0xCB82, 0xC362, 0xBB22, 0xAB02, 0xB322, 0xB322, 0x6202, 0x1904, 0x1904, 0x1904, 0x1904, 0x1904,
  0x1904, 0x1904, 0x1904, 0x1904, 0x1904, 0x9AE3, 0xC362, 0xAB02, 0xEC23, 0xEC02, 0xF443, 0xFC43,
  0xFC83, 0xFCE3, 0x7A63, 0x0861, 0x18E2, 0x1904, 0x1904, 0x1904, 0x18C2, 0x2080, 0x9281, 0xD3A2,
  0xC362, 0xBB42, 0xB322, 0xA2C2, 0xAB02, 0xB322, 0x6A02, 0x1904, 0x1904, 0x1904, 0x1904, 0x1904,
  0x1904, 0x1904, 0x1904, 0x1904, 0x1904, 0x9AE3, 0xCB82, 0xB322, 0xF443, 0xEC23, 0xFC63, 0xFC63,
  0xFC83, 0xFCE3, 0x7A63, 0x0882, 0x28A0, 0x61A1, 0x61A1, 0x4940, 0x18C2, 0x18C2, 0x1040, 0x8A61,
  0xC382, 0xB302, 0xAAE2, 0x92A1, 0xAB02, 0xB322, 0x6A02, 0x1904, 0x1904, 0x1904, 0x1904, 0x1904,
  0x1904, 0x1904, 0x1904, 0x1904, 0x1904, 0x92C3, 0xDBC2, 0xB322, 0xFC63, 0xF443, 0xFC63, 0xFC83,
  0xFCA3, 0xFCE3, 0x7A63, 0x1904, 0x4141, 0xEC23, 0xEC23, 0xEC02, 0x8A81, 0x1860, 0x10C3, 0x4961,
  0xBB42, 0xAAE2, 0xA2C2, 0x8A61, 0xAB02, 0xB322, 0x59C2, 0x1904, 0x1904, 0x1904, 0x1904, 0x1904,
  0x1904, 0x1904, 0x1904, 0x1904, 0x1904, 0x7A63, 0xEC23, 0xBB42, 0xFC83, 0xFC63, 0xFC83, 0xFCA3,
  0xFCA3, 0xFCA3, 0x7243, 0x1904, 0x3921, 0xD3C2, 0xCBA2, 0xD3A2, 0xBB42, 0x3143, 0x0861, 0x4120,
  0xAB02, 0xA2C2, 0x9AA1, 0x8A61, 0xB322, 0xAB02, 0x4182, 0x1904, 0x1904, 0x1904, 0x1904, 0x1904,
  0x1904, 0x1904, 0x1904, 0x1904, 0x1904, 0x51E3, 0xF463, 0xC362, 0xFC63, 0xFCA3, 0xFCA3, 0xFCA3,
  0xFCA3, 0xFCE3, 0x7243, 0x1904, 0x4141, 0xE402, 0xE3E2, 0xDBC2, 0x8241, 0x1880, 0x10C3, 0x4161,
  0xAB02, 0x9AA1, 0x8A61, 0x8A61, 0xC362, 0xA2C2, 0x3143, 0x1904, 0x1904, 0x1904, 0x1904, 0x1904,
  0x1904, 0x1904, 0x1904, 0x1904, 0x1904, 0x2964, 0xEC23, 0xD3A2, 0xE423, 0xFCC3, 0xFCA3, 0xFCC3,
  0xDBC2, 0x7201, 0x3942, 0x1082, 0x28C0, 0x69E1, 0x69E1, 0x5161, 0x20C1, 0x1904, 0x1904, 0x7A42,
  0x9AC2, 0x8A61, 0x8241, 0x9AA2, 0xD3C2, 0x8262, 0x1903, 0x1904, 0x1904, 0x1904, 0x1904, 0x1904,
  0x1904, 0x1904, 0x1904, 0x1904, 0x1904, 0x1904, 0xAB63, 0xE463, 0xD3A2, 0xFCE3, 0xFC83, 0xFCC3,
  0x9AC2, 0x1904, 0x1904, 0x1904, 0x1904, 0x1904, 0x1904, 0x1904, 0x18C2, 0x28A0, 0x7201, 0xA2E2,
  0x8A61, 0x8A61, 0x7A21, 0xBB42, 0xCB82, 0x59C2, 0x1904, 0x1904, 0x1904, 0x1904, 0x1904, 0x1904,
  0x1904, 0x1904, 0x1904, 0x1904, 0x1904, 0x1904, 0x5A03, 0xFC83, 0xC362, 0xEC63, 0xFC83, 0xFC63,
  0xCBA2, 0xA2C2, 0xAB02, 0x4960, 0x20A0, 0x8261, 0x2080, 0x4960, 0xA2E2, 0xB302, 0xAB02, 0x8A61,
  0x8A61, 0x8241, 0x8A61, 0xD3A2, 0x9AA2, 0x3143, 0x1904, 0x1904, 0x1904, 0x1904, 0x1904, 0x1904,
  0x1904, 0x1904, 0x1904, 0x1904, 0x1904, 0x1904, 0x2104, 0xBB83, 0xE402, 0xCB82, 0xFC63, 0xEC23,
  0xEC23, 0xEC03, 0xF443, 0x69C1, 0x20A0, 0xBB42, 0x1903, 0x5981, 0xBB42, 0x9281, 0x8A81, 0x8A61,
  0x8A61, 0x7A21, 0xBB42, 0xCB82, 0x59C2, 0x1924, 0x1904, 0x1904, 0x1904, 0x1904, 0x1904, 0x1904,
  0x1904, 0x1904, 0x1904, 0x1904, 0x1904, 0x1904, 0x1904, 0x49C3, 0xEC23, 0xC382, 0xDBC2, 0xEC23,
  0xDBC2, 0xCBA2, 0xDBC2, 0x61C1, 0x28C0, 0x9AC2, 0x20A0, 0x5981, 0xA2E2, 0x8A61, 0x8A61, 0x8A81,
  0x8241, 0xAAE2, 0xE3E2, 0x8241, 0x3143, 0x1904, 0x1904, 0x1904, 0x1904, 0x1904, 0x1904, 0x1904,
  0x1904, 0x1904, 0x1904, 0x1904, 0x1904, 0x1904, 0x1904, 0x1904, 0x8283, 0xF423, 0xCB82, 0xDBE2,
  0xDBC2, 0xCB82, 0xC362, 0xBB42, 0xB302, 0xA2E2, 0xA2E2, 0x9AA2, 0x8A81, 0x8A61, 0x8A61, 0x7A21,
  0xA2E2, 0xEC23, 0x9AC2, 0x4982, 0x1904, 0x1904, 0x1904, 0x1904, 0x1904, 0x1904, 0x1904, 0x1904,
  0x1904, 0x1904, 0x1904, 0x1904, 0x1904, 0x1904, 0x1904, 0x1904, 0x1904, 0x9AE3, 0xE402, 0xCB82,
  0xCBA2, 0xC362, 0xB322, 0xAB02, 0xAB02, 0xA2C2, 0x9AA1, 0x9281, 0x8241, 0x7A21, 0x7201, 0xAB02,
  0xE403, 0xA2E2, 0x51A2, 0x1904, 0x1904, 0x1904, 0x1904, 0x1904, 0x1904, 0x1904, 0x1904, 0x1904,
  0x1904, 0x1904, 0x1904, 0x1904, 0x1904, 0x1904, 0x1904, 0x1904, 0x1904, 0x1924, 0x8AA3, 0xCBA2,
  0xC362, 0xC362, 0xB322, 0xA2E2, 0x9AA1, 0x9281, 0x8261, 0x8241, 0x8241, 0xA2E2, 0xDBC2, 0xD3C2,
  0x8A61, 0x5182, 0x1904, 0x1904, 0x1904, 0x1904, 0x1904, 0x1904, 0x1904, 0x1904, 0x1904, 0x1904,
  0x1904, 0x1904, 0x1904, 0x1904, 0x1904, 0x1904, 0x1904, 0x1904, 0x1904, 0x1904, 0x1904, 0x6203,
  0xAB02, 0xBB62, 0xC382, 0xCB82, 0xCB82, 0xC382, 0xCB82, 0xDBC2, 0xE402, 0xE3E2, 0xAB02, 0x69E1,
  0x4162, 0x1904, 0x1904, 0x1904, 0x1904, 0x1904, 0x1904, 0x1904, 0x1904, 0x1904, 0x1904, 0x1904,
  0x1904, 0x1904, 0x1904, 0x1904, 0x1904, 0x1904, 0x1904, 0x1904, 0x1904, 0x1904, 0x1904, 0x1904,
  0x2943, 0x6A22, 0x9AA2, 0xAB02, 0xBB42, 0xBB42, 0xBB42, 0xB302, 0x9281, 0x6A01, 0x4982, 0x2923,
  0x1904, 0x1904, 0x1904, 0x1904, 0x1904, 0x1904, 0x1904, 0x1904, 0x1904, 0x1904, 0x1904, 0x1904,
  0x1904, 0x1904, 0x1904, 0x1904, 0x1904, 0x1904, 0x1904, 0x1904, 0x1904, 0x1904, 0x1904, 0x1904,
  0x1904, 0x1904, 0x2124, 0x4183, 0x51C2, 0x59C2, 0x51A2, 0x4182, 0x3143, 0x1904, 0x1904, 0x1904,
  0x1904, 0x1904, 0x1904, 0x1904, 0x1904, 0x1904, 0x1904, 0x1904, 0x1904, 0x1904, 0x1904, 0x1904,
  0x1904, 0x1904, 0x1904, 0x1904, 0x1904, 0x1904, 0x1904, 0x1904, 0x1904, 0x1904, 0x1904, 0x1904,
  0x1904, 0x1904, 0x1904, 0x1904, 0x1904, 0x1904, 0x1904, 0x1904, 0x1904, 0x1904, 0x1904, 0x1904,
  0x1904, 0x1904, 0x1904, 0x1904, 0x1904, 0x1904, 0x1904, 0x1904, 0x1904, 0x1904, 0x1904, 0x1904,
  0x1904, 0x1904, 0x1904, 0x1904, 0x1904, 0x1904, 0x1904, 0x1904, 0x1904, 0x1904, 0x1904, 0x1904,
  0x1904, 0x1904, 0x1904, 0x1904, 0x1904, 0x1904, 0x1904, 0x1904, 0x1904, 0x1904, 0x1904, 0x1904,
  0x1904, 0x1904, 0x1904, 0x1904, 0x1904, 0x1904, 0x1904, 0x1904, 0x1904, 0x1904, 0x1904, 0x1904,
  0x1904, 0x1904, 0x1904, 0x1904, 0x1904, 0x1904, 0x1904, 0x1904, 0x1904, 0x1904, 0x1904, 0x1904,
  0x1904, 0x1904, 0x1904, 0x1904, 0x1904, 0x1904, 0x1904, 0x1904, 0x1904, 0x1904, 0x1904, 0x1904,
  0x1904, 0x1904, 0x1904, 0x1904, 0x1904, 0x1904, 0x1904, 0x1904, 0x1904, 0x1904, 0x1904, 0x1904,
};

const unsigned short* const coin_spin_frames[12] = {
  coin_spin_frame_0, coin_spin_frame_1, coin_spin_frame_2, coin_spin_frame_3, coin_spin_frame_4, coin_spin_frame_5, coin_spin_frame_6, coin_spin_frame_7, coin_spin_frame_8, coin_spin_frame_9, coin_spin_frame_10, coin_spin_frame_11
};

// dice_spin_frame_0 36x36
const uint16_t dice_spin_frame_0_w = 36;
const uint16_t dice_spin_frame_0_h = 36;
const unsigned short dice_spin_frame_0[1296] PROGMEM = {
  0x1904, 0x1904, 0x1904, 0x1904, 0x1904, 0x1904, 0x1904, 0x1904, 0x1904, 0x1904, 0x1904, 0x1904,
  0x1904, 0x1904, 0x1904, 0x1904, 0x1904, 0x1904, 0x1904, 0x1904, 0x1904, 0x1904, 0x1904, 0x1904,
  0x1904, 0x1904, 0x1904, 0x1904, 0x1904, 0x1904, 0x1904, 0x1904, 0x1904, 0x1904, 0x1904, 0x1904,
  0x1904, 0x1904, 0x1904, 0x1904, 0x1904, 0x1904, 0x1904, 0x1904, 0x1904, 0x1904, 0x1904, 0x1904,
  0x1904, 0x1904, 0x1904, 0x1904, 0x1904, 0x1904, 0x1904, 0x1904, 0x1904, 0x1904, 0x1904, 0x1904,
  0x1904, 0x1904, 0x1904, 0x1904, 0x1904, 0x1904, 0x1904, 0x1904, 0x1904, 0x1904, 0x1904, 0x1904,
  0x1904, 0x1904, 0x1904, 0x1904, 0x1904, 0x1904, 0x1904, 0x1904, 0x1904, 0x1904, 0x1904, 0x1904,
  0x1904, 0x1904, 0x1904, 0x1904, 0x1904, 0x1904, 0x1904, 0x1904, 0x1904, 0x1904, 0x1904, 0x1904,
  0x1904, 0x1904, 0x1904, 0x1904, 0x1904, 0x1904, 0x1904, 0x1904, 0x1904, 0x1904, 0x1904, 0x1904,
  0x1904, 0x1904, 0x1904, 0x1904, 0x1904, 0x1904, 0x1904, 0x1904, 0x1904, 0x1904, 0x1904, 0x1904,
  0x1904, 0x1904, 0x1904, 0x1904, 0x1904, 0x1904, 0x1904, 0x1904, 0x1904, 0x1904, 0x1904, 0x1904,
  0x1904, 0x1904, 0x1904, 0x1904, 0x1904, 0x1904, 0x1904, 0x1904, 0x1904, 0x1904, 0x1904, 0x1904,
  0x1904, 0x1904, 0x1904, 0x1904, 0x1904, 0x1904, 0x1904, 0x1904, 0x1904, 0x1904, 0x1904, 0x1904,
  0x1904, 0x1904, 0x1904, 0x1904, 0x1904, 0x1904, 0x1904, 0x1904, 0x1904, 0x1904, 0x1904, 0x1904,
  0x1904, 0x1904, 0x1904, 0x1904, 0x1904, 0x1904, 0x1904, 0x1904, 0x1904, 0x1904, 0x1904, 0x1904,
  0x1904, 0x1904, 0x1904, 0x1904, 0x1904, 0x1904, 0x1904, 0x1904, 0x1904, 0x1904, 0x1904, 0x1904,
  0x1904, 0x1904, 0x1904, 0x1904, 0x1904, 0x1904, 0x1904, 0x1904, 0x1904, 0x1904, 0x1904, 0x1904,
  0x1904, 0x1904, 0x1904, 0x1904, 0x1904, 0x1904, 0x1904, 0x1904, 0x1904, 0x1904, 0x1904, 0x1904,
  0x1904, 0x1904, 0x1904, 0x1904, 0x1904, 0x1904, 0x1904, 0x1904, 0x1904, 0x1904, 0x1904, 0x1904,
  0x1904, 0x1904, 0x1904, 0x1904, 0x1903, 0x1904, 0x1904, 0x1904, 0x1904, 0x1904, 0x1904, 0x1904,
  0x1904, 0x1904, 0x1904, 0x1904, 0x1904, 0x1904, 0x1904, 0x1904, 0x1904, 0x1904, 0x1904, 0x1904,
  0x1904, 0x1904, 0x1904, 0x1904, 0x1904, 0x1904, 0x1904, 0x1904, 0x1904, 0x1904, 0x1903, 0x2103,
  0x3123, 0x3923, 0x3102, 0x3922, 0x3943, 0x2923, 0x1903, 0x1904, 0x1904, 0x1904, 0x1904, 0x1904,
  0x1904, 0x1904, 0x1904, 0x1904, 0x1904, 0x1904, 0x1904, 0x1904, 0x1904, 0x1904, 0x1904, 0x1904,
  0x1904, 0x1904, 0x1904, 0x1904, 0x1904, 0x1904, 0x1904, 0x1904, 0x1904, 0x2103, 0x2923, 0x4163,
  0x5162, 0x61A2, 0x82C6, 0x7204, 0x5941, 0x4962, 0x3143, 0x2103, 0x1903, 0x1904, 0x1904, 0x1904,
  0x1904, 0x1904, 0x1904, 0x1904, 0x1904, 0x1904, 0x1904, 0x1904, 0x1904, 0x1904, 0x1904, 0x1904,
  0x1904, 0x1904, 0x1904, 0x1904, 0x1904, 0x1904, 0x1904, 0x1903, 0x2923, 0x4143, 0x5162, 0x6161,
  0x8AE7, 0xDDF4, 0xFFBC, 0xF6F8, 0xAC0B, 0x69C2, 0x5982, 0x5183, 0x3943, 0x2903, 0x1904, 0x1904,
  0x1904, 0x1904, 0x1904, 0x1904, 0x1904, 0x1904, 0x1904, 0x1904, 0x1904, 0x1904, 0x1904, 0x1904,
  0x1904, 0x1904, 0x1904, 0x1904, 0x1904, 0x1904, 0x2103, 0x3943, 0x5182, 0x5961, 0x8244, 0xC4EF,
  0xFF5A, 0xF6D8, 0xCD0F, 0xDDD2, 0xFF79, 0xE614, 0x9B69, 0x71A1, 0x5982, 0x4983, 0x3123, 0x1903,
  0x1904, 0x1904, 0x1904, 0x1904, 0x1904, 0x1904, 0x1904, 0x1904, 0x1904, 0x1904, 0x1904, 0x1904,
  0x1904, 0x1904, 0x1904, 0x1904, 0x1904, 0x2103, 0x4163, 0x5962, 0x7203, 0xAC2C, 0xF6D8, 0xFF9B,
  0xFF9B, 0xC4AE, 0x89C0, 0xA326, 0xF6F8, 0xFF9B, 0xFF7A, 0xD592, 0x8AC6, 0x5961, 0x4962, 0x2923,
  0x1903, 0x1904, 0x1904, 0x1904, 0x1904, 0x1904, 0x1904, 0x1904, 0x1904, 0x1904, 0x1904, 0x1904,
  0x1904, 0x1904, 0x1904, 0x1904, 0x2103, 0x3922, 0x5141, 0x9348, 0xEE97, 0xFFFD, 0xFFBC, 0xFF7B,
  0xFF5B, 0xFF5A, 0xF6B7, 0xFF19, 0xFF7B, 0xFF7B, 0xFF9B, 0xFFBB, 0xFF5A, 0xBCCF, 0x7204, 0x4942,
  0x3123, 0x1903, 0x1904, 0x1904, 0x1904, 0x1904, 0x1904, 0x1904, 0x1904, 0x1904, 0x1904, 0x1904,
  0x1904, 0x1904, 0x1904, 0x1903, 0x3123, 0x61C4, 0xCD72, 0xFF7B, 0xF6D8, 0xB388, 0xAB46, 0xEE55,
  0xFFBD, 0xFF7B, 0xFF9C, 0xFF9C, 0xFF7B, 0xFF7B, 0xBC2B, 0x9A83, 0xCD0F, 0xFFBC, 0xF6D8, 0xA3AB,
  0x4942, 0x2903, 0x1904, 0x1904, 0x1904, 0x1904, 0x1904, 0x1904, 0x1904, 0x1904, 0x1904, 0x1904,
  0x1904, 0x1904, 0x1903, 0x2923, 0x4942, 0x71C2, 0xD550, 0xFF9C, 0xF6F8, 0xBC0A, 0xBC0A, 0xEE97,
  0xFFBD, 0xFF9C, 0xFFDD, 0xFFBD, 0xFF9C, 0xFF7B, 0xCD0F, 0xBBC9, 0xDDB2, 0xFFBC, 0xEE96, 0x9B48,
  0x5961, 0x3123, 0x1903, 0x1904, 0x1904, 0x1904, 0x1904, 0x1904, 0x1904, 0x1904, 0x1904, 0x1904,
  0x1904, 0x1904, 0x2103, 0x4121, 0x82A6, 0xCD31, 0x9AA4, 0xAB67, 0xEE76, 0xFFFE, 0xFFDD, 0xFF9C,
  0xFF9C, 0xFF5B, 0xEE76, 0xF6F8, 0xFF9C, 0xFF9C, 0xFFFE, 0xFFFF, 0xFFBC, 0xC4AE, 0x8A22, 0xB40B,
  0xB44C, 0x3921, 0x2104, 0x1904, 0x1904, 0x1904, 0x1904, 0x1904, 0x1904, 0x1904, 0x1904, 0x1904,
  0x1904, 0x1904, 0x2923, 0x4921, 0x9348, 0xFFDD, 0xFF39, 0xC44B, 0x9A62, 0xBC2B, 0xF6F8, 0xFFDD,
  0xFFDE, 0xCCEE, 0x9A00, 0xB346, 0xF73A, 0xFFDE, 0xFFBC, 0xDDD2, 0xA2E5, 0xAB46, 0xE634, 0xFFFD,
  0xD5B2, 0x5141, 0x3123, 0x1904, 0x1904, 0x1904, 0x1904, 0x1904, 0x1904, 0x1904, 0x1904, 0x1904,
  0x1904, 0x1904, 0x3123, 0x5141, 0x9328, 0xFF5A, 0xFF19, 0xFFBC, 0xEE76, 0xB387, 0xA2A3, 0xDD70,
  0xFFDD, 0xFF7C, 0xE614, 0xEEB8, 0xFFFF, 0xEED8, 0xB388, 0x9A83, 0xD52F, 0xFF9B, 0xFF7B, 0xFF7B,
  0xD5B2, 0x6181, 0x3943, 0x1903, 0x1904, 0x1904, 0x1904, 0x1904, 0x1904, 0x1904, 0x1904, 0x1904,
  0x1904, 0x1904, 0x3123, 0x5141, 0x9307, 0xFF59, 0xB3A8, 0xC4AD, 0xFFFE, 0xFFBC, 0xDDD3, 0xB345,
  0xB387, 0xE655, 0xFFFD, 0xFF7B, 0xCCCD, 0xA2A3, 0xC42A, 0xF6F8, 0xFFFD, 0xF6D7, 0xAB25, 0xEE75,
  0xDDF3, 0x69A1, 0x4143, 0x2103, 0x1904, 0x1904, 0x1904, 0x1904, 0x1904, 0x1904, 0x1904, 0x1904,
  0x1904, 0x1904, 0x3123, 0x5141, 0x9307, 0xFF59, 0xBC09, 0x9A62, 0xF6F9, 0xFF9C, 0xFFDD, 0xFF7B,
  0xD4EE, 0xAAA2, 0xB345, 0xB2E3, 0xBB66, 0xEE76, 0xFFFE, 0xFF9C, 0xFFBC, 0xCC8C, 0x9A21, 0xF6D7,
  0xDDB2, 0x6181, 0x4143, 0x2103, 0x1904, 0x1904, 0x1904, 0x1904, 0x1904, 0x1904, 0x1904, 0x1904,
  0x1904, 0x1904, 0x3123, 0x5141, 0x9B06, 0xFF58, 0xF6B6, 0xCCCD, 0xF719, 0xFF7B, 0xFF7B, 0xFF9C,
  0xFFFE, 0xE613, 0xAA60, 0xC409, 0xFFBC, 0xFFFE, 0xFF9C, 0xFF7B, 0xFFBC, 0xDD91, 0xDD50, 0xFF9B,
  0xD571, 0x6181, 0x3943, 0x2103, 0x1904, 0x1904, 0x1904, 0x1904, 0x1904, 0x1904, 0x1904, 0x1904,
  0x1904, 0x1904, 0x3123, 0x5141, 0x9B27, 0xFF17, 0xFF18, 0xFF5A, 0xFF39, 0xFF5A, 0xFF9C, 0xFF7B,
  0xFF9C, 0xFFBB, 0xB324, 0xDDB1, 0xFFFE, 0xFF7B, 0xFF7C, 0xFF7B, 0xFF5B, 0xFF7A, 0xFF39, 0xFF39,
  0xDD50, 0x6181, 0x3942, 0x2103, 0x1904, 0x1904, 0x1904, 0x1904, 0x1904, 0x1904, 0x1904, 0x1904,
  0x1904, 0x1904, 0x3123, 0x5141, 0x9B27, 0xFEF6, 0xFEB6, 0xFF38, 0xD50E, 0xBBE8, 0xFF39, 0xFF7B,
  0xFF7B, 0xFF9B, 0xBB66, 0xE5D2, 0xFFDE, 0xFF7B, 0xFF7B, 0xFF5A, 0xFF3A, 0xFF18, 0xFED7, 0xFF18,
  0xDD4F, 0x69A1, 0x4142, 0x2103, 0x1904, 0x1904, 0x1904, 0x1904, 0x1904, 0x1904, 0x1904, 0x1904,
  0x1904, 0x1904, 0x3123, 0x5141, 0x9B06, 0xFEB5, 0xFEB5, 0xFF17, 0xE54F, 0x91C0, 0xDD70, 0xFF9B,
  0xFF5B, 0xFF9B, 0xBBA6, 0xE5D2, 0xFFDD, 0xFF5A, 0xFF5A, 0xFF39, 0xFF18, 0xFEF7, 0xFED6, 0xFEF7,
  0xDD4F, 0x69A1, 0x4143, 0x1903, 0x1904, 0x1904, 0x1904, 0x1904, 0x1904, 0x1904, 0x1904, 0x1904,
  0x1904, 0x1904, 0x2923, 0x4941, 0x9AE6, 0xFE73, 0xFE73, 0xFEB5, 0xFED5, 0xD4AB, 0xE5F2, 0xFF5A,
  0xFF3A, 0xFF7A, 0xBBA6, 0xE5B2, 0xFFBC, 0xFF39, 0xFF39, 0xFF19, 0xFEF7, 0xFED6, 0xFE95, 0xFEB5,
  0xD52E, 0x6181, 0x3943, 0x1903, 0x1904, 0x1904, 0x1904, 0x1904, 0x1904, 0x1904, 0x1904, 0x1904,
  0x1904, 0x1904, 0x2103, 0x3901, 0x8285, 0xFE93, 0xFE52, 0xFE73, 0xFEB5, 0xFF17, 0xFF38, 0xFF39,
  0xFF5A, 0xFF39, 0xB345, 0xDD70, 0xFF7A, 0xFF39, 0xFF39, 0xFEF8, 0xFED6, 0xFEB5, 0xFE53, 0xFE93,
  0xCCCC, 0x4921, 0x2923, 0x1903, 0x1904, 0x1904, 0x1904, 0x1904, 0x1904, 0x1904, 0x1904, 0x1904,
  0x1904, 0x1904, 0x1903, 0x3122, 0x59A3, 0xC48C, 0xFE92, 0xFE73, 0xFE73, 0xFED6, 0xEE33, 0xC409,
  0xF695, 0xFF38, 0xAB04, 0xDD4F, 0xFF79, 0xD4ED, 0xCCAC, 0xFEF7, 0xFE95, 0xFE94, 0xFEB4, 0xF5F1,
  0x82A5, 0x3102, 0x1904, 0x1904, 0x1904, 0x1904, 0x1904, 0x1904, 0x1904, 0x1904, 0x1904, 0x1904,
  0x1904, 0x1904, 0x1904, 0x2103, 0x3123, 0x5962, 0xA367, 0xEDD0, 0xFED4, 0xFEB5, 0xEDF1, 0x9A00,
  0xC429, 0xFF37, 0xAB24, 0xE570, 0xF694, 0x9200, 0xBBE8, 0xFED5, 0xFE94, 0xFE73, 0xCCAC, 0x7A23,
  0x4141, 0x2103, 0x1904, 0x1904, 0x1904, 0x1904, 0x1904, 0x1904, 0x1904, 0x1904, 0x1904, 0x1904,
  0x1904, 0x1904, 0x1904, 0x1904, 0x2103, 0x4142, 0x5981, 0x7A23, 0xC44B, 0xFE52, 0xFEB3, 0xCC49,
  0xCC6A, 0xFF16, 0xB345, 0xE58F, 0xF673, 0xBB86, 0xF611, 0xFED4, 0xE56E, 0x9B06, 0x6181, 0x4142,
  0x2923, 0x1904, 0x1904, 0x1904, 0x1904, 0x1904, 0x1904, 0x1904, 0x1904, 0x1904, 0x1904, 0x1904,
  0x1904, 0x1904, 0x1904, 0x1904, 0x1904, 0x2903, 0x3943, 0x4962, 0x6161, 0x8A84, 0xDD2E, 0xFED4,
  0xFED4, 0xFE93, 0xAB04, 0xDCEC, 0xFED4, 0xFEF4, 0xF631, 0xB3A8, 0x71C2, 0x5982, 0x4163, 0x2903,
  0x1903, 0x1904, 0x1904, 0x1904, 0x1904, 0x1904, 0x1904, 0x1904, 0x1904, 0x1904, 0x1904, 0x1904,
  0x1904, 0x1904, 0x1904, 0x1904, 0x1904, 0x1904, 0x1903, 0x2903, 0x4163, 0x5982, 0x69C2, 0xA347,
  0xE58F, 0xFEB3, 0xA2C4, 0xDCCC, 0xFE93, 0xC46B, 0x8243, 0x6181, 0x5162, 0x3143, 0x2103, 0x1904,
  0x1904, 0x1904, 0x1904, 0x1904, 0x1904, 0x1904, 0x1904, 0x1904, 0x1904, 0x1904, 0x1904, 0x1904,
  0x1904, 0x1904, 0x1904, 0x1904, 0x1904, 0x1904, 0x1904, 0x1903, 0x2903, 0x3943, 0x4982, 0x5981,
  0x7202, 0xABC9, 0x8243, 0xA326, 0x92E6, 0x5961, 0x5161, 0x4162, 0x2923, 0x1903, 0x1904, 0x1904,
  0x1904, 0x1904, 0x1904, 0x1904, 0x1904, 0x1904, 0x1904, 0x1904, 0x1904, 0x1904, 0x1904, 0x1904,
  0x1904, 0x1904, 0x1904, 0x1904, 0x1904, 0x1904, 0x1904, 0x1904, 0x1904, 0x1903, 0x2903, 0x3143,
  0x3963, 0x3922, 0x4962, 0x4142, 0x4122, 0x3943, 0x2923, 0x1903, 0x1904, 0x1904, 0x1904, 0x1904,
  0x1904, 0x1904, 0x1904, 0x1904, 0x1904, 0x1904, 0x1904, 0x1904, 0x1904, 0x1904, 0x1904, 0x1904,
  0x1904, 0x1904, 0x1904, 0x1904, 0x1904, 0x1904, 0x1904, 0x1904, 0x1904, 0x1904, 0x1904, 0x1903,
  0x2103, 0x2123, 0x2103, 0x2103, 0x2103, 0x1903, 0x1904, 0x1904, 0x1904, 0x1904, 0x1904, 0x1904,
  0x1904, 0x1904, 0x1904, 0x1904, 0x1904, 0x1904, 0x1904, 0x1904, 0x1904, 0x1904, 0x1904, 0x1904,
  0x1904, 0x1904, 0x1904, 0x1904, 0x1904, 0x1904, 0x1904, 0x1904, 0x1904, 0x1904, 0x1904, 0x1904,
  0x1904, 0x1904, 0x1904, 0x1904, 0x1904, 0x1904, 0x1904, 0x1904, 0x1904, 0x1904, 0x1904, 0x1904,
  0x1904, 0x1904, 0x1904, 0x1904, 0x1904, 0x1904, 0x1904, 0x1904, 0x1904, 0x1904, 0x1904, 0x1904,
  0x1904, 0x1904, 0x1904, 0x1904, 0x1904, 0x1904, 0x1904, 0x1904, 0x1904, 0x1904, 0x1904, 0x1904,
  0x1904, 0x1904, 0x1904, 0x1904, 0x1904, 0x1904, 0x1904, 0x1904, 0x1904, 0x1904, 0x1904, 0x1904,
  0x1904, 0x1904, 0x1904, 0x1904, 0x1904, 0x1904, 0x1904, 0x1904, 0x1904, 0x1904, 0x1904, 0x1904,
};

// dice_spin_frame_1 36x36
const uint16_t dice_spin_frame_1_w = 36;
const uint16_t dice_spin_frame_1_h = 36;
const unsigned short dice_spin_frame_1[1296] PROGMEM = {
  0x1904, 0x1904, 0x1904, 0x1904, 0x1904, 0x1904, 0x1904, 0x1904, 0x1904, 0x1904, 0x1904, 0x1904,
  0x1904, 0x1904, 0x1904, 0x1904, 0x1904, 0x1904, 0x1904, 0x1904, 0x1904, 0x1904, 0x1904, 0x1904,
  0x1904, 0x1904, 0x1904, 0x1904, 0x1904, 0x1904, 0x1904, 0x1904, 0x1904, 0x1904, 0x1904, 0x1904,
  0x1904, 0x1904, 0x1904, 0x1904, 0x1904, 0x1904, 0x1904, 0x1904, 0x1904, 0x1904, 0x1904, 0x1904,
  0x1904, 0x1904, 0x1904, 0x1904, 0x1904, 0x1904, 0x1904, 0x1904, 0x1904, 0x1904, 0x1904, 0x1904,
  0x1904, 0x1904, 0x1904, 0x1904, 0x1904, 0x1904, 0x1904, 0x1904, 0x1904, 0x1904, 0x1904, 0x1904,
  0x1904, 0x1904, 0x1904, 0x1904, 0x1904, 0x1904, 0x1904, 0x1904, 0x1904, 0x1904, 0x1904, 0x1904,
  0x1904, 0x1904, 0x1904, 0x1904, 0x1904, 0x1904, 0x1904, 0x1904, 0x1904, 0x1904, 0x1904, 0x1904,
  0x1904, 0x1904, 0x1904, 0x1904, 0x1904, 0x1904, 0x1904, 0x1904, 0x1904, 0x1904, 0x1904, 0x1904,
  0x1904, 0x1904, 0x1904, 0x1904, 0x1904, 0x1904, 0x1904, 0x1904, 0x1904, 0x1904, 0x1904, 0x1904,
  0x1904, 0x1904, 0x1904, 0x1904, 0x1904, 0x1904, 0x1904, 0x1904, 0x1904, 0x1904, 0x1904, 0x1904,
  0x1904, 0x1904, 0x1904, 0x1904, 0x1904, 0x1904, 0x1904, 0x1904, 0x1904, 0x1904, 0x1904, 0x1904,
  0x1904, 0x1904, 0x1904, 0x1904, 0x1904, 0x1904, 0x1904, 0x1904, 0x1904, 0x1904, 0x1904, 0x1904,
  0x1904, 0x1904, 0x1904, 0x1904, 0x1904, 0x1904, 0x1904, 0x1904, 0x1904, 0x1904, 0x1904, 0x1904,
  0x1904, 0x1904, 0x1904, 0x1904, 0x1904, 0x1904, 0x1904, 0x1904, 0x1904, 0x1904, 0x1904, 0x1904,
  0x1904, 0x1904, 0x1904, 0x1904, 0x1904, 0x1904, 0x1904, 0x1904, 0x1904, 0x1904, 0x1904, 0x1904,
  0x1904, 0x1904, 0x1904, 0x1904, 0x1904, 0x1904, 0x1904, 0x1904, 0x1904, 0x1904, 0x1904, 0x1904,
  0x1904, 0x1904, 0x1904, 0x1904, 0x1904, 0x1904, 0x1904, 0x1904, 0x1904, 0x1904, 0x1904, 0x1904,
  0x1904, 0x1904, 0x1904, 0x1904, 0x1904, 0x1904, 0x1904, 0x1904, 0x1904, 0x1904, 0x1904, 0x1904,
  0x1904, 0x1904, 0x1904, 0x1904, 0x1904, 0x1904, 0x1904, 0x1904, 0x1904, 0x1904, 0x1904, 0x1904,
  0x1904, 0x1904, 0x1904, 0x1904, 0x1904, 0x1904, 0x1904, 0x1904, 0x1904, 0x1904, 0x1904, 0x1904,
  0x1904, 0x1904, 0x1904, 0x1904, 0x1904, 0x1904, 0x1904, 0x1904, 0x1904, 0x1904, 0x1904, 0x1904,
  0x1904, 0x1904, 0x1904, 0x1904, 0x1904, 0x1904, 0x1904, 0x1904, 0x1904, 0x1904, 0x1904, 0x1904,
  0x1904, 0x1904, 0x1904, 0x1904, 0x1904, 0x1904, 0x1904, 0x1904, 0x1904, 0x1904, 0x1904, 0x1904,
  0x1904, 0x1904, 0x1904, 0x1904, 0x1904, 0x1904, 0x1904, 0x1904, 0x1904, 0x1904, 0x1904, 0x1904,
  0x1904, 0x1904, 0x1904, 0x1904, 0x1904, 0x1904, 0x1904, 0x1904, 0x1904, 0x1904, 0x1904, 0x1904,
  0x1904, 0x1904, 0x1904, 0x1904, 0x1904, 0x1904, 0x1904, 0x1904, 0x1904, 0x1904, 0x1904, 0x1904,
  0x1904, 0x1904, 0x1904, 0x1904, 0x1904, 0x1904, 0x1904, 0x1904, 0x1904, 0x1904, 0x1904, 0x1904,
  0x1904, 0x1904, 0x1904, 0x1904, 0x1904, 0x1904, 0x1904, 0x1904, 0x1904, 0x1904, 0x1904, 0x1904,
  0x1904, 0x1904, 0x1904, 0x1904, 0x1904, 0x1904, 0x1904, 0x1904, 0x1904, 0x1904, 0x1904, 0x1904,
  0x1904, 0x1904, 0x1904, 0x1904, 0x1904, 0x1904, 0x1904, 0x1904, 0x1904, 0x1904, 0x1904, 0x1904,
  0x1904, 0x2104, 0x2103, 0x1904, 0x2123, 0x2123, 0x1903, 0x1904, 0x1904, 0x1904, 0x1904, 0x1904,
  0x1904, 0x1904, 0x1904, 0x1904, 0x1904, 0x1904, 0x1904, 0x1904, 0x1904, 0x1904, 0x1904, 0x1904,
  0x1904, 0x1904, 0x1904, 0x1904, 0x1904, 0x1904, 0x1904, 0x1904, 0x1904, 0x1904, 0x1903, 0x1882,
  0x4142, 0x38C0, 0x4942, 0x40C0, 0x5162, 0x38C0, 0x4121, 0x28E1, 0x3123, 0x18E3, 0x1904, 0x1904,
  0x1904, 0x1904, 0x1904, 0x1904, 0x1904, 0x1904, 0x1904, 0x1904, 0x1904, 0x1904, 0x1904, 0x1904,
  0x1904, 0x1904, 0x1904, 0x1904, 0x1904, 0x1904, 0x1904, 0x1904, 0x1904, 0x2124, 0x3102, 0x6A24,
  0x9B8A, 0xA389, 0x9308, 0xA3AA, 0xA3A9, 0xAC2C, 0x9B89, 0xA40C, 0x6A04, 0x30E1, 0x18E3, 0x1904,
  0x1904, 0x1904, 0x1904, 0x1904, 0x1904, 0x1904, 0x1904, 0x1904, 0x1904, 0x1904, 0x1904, 0x1904,
  0x1904, 0x1904, 0x1904, 0x1904, 0x1904, 0x1904, 0x1904, 0x1904, 0x18E3, 0x30E2, 0x5121, 0xD592,
  0xFF7A, 0xF6D7, 0xFF7A, 0xFFFF, 0xFFDD, 0xEE55, 0xFF7B, 0xF739, 0x9B06, 0x9B89, 0x51A3, 0x1881,
  0x1904, 0x1904, 0x1904, 0x1904, 0x1904, 0x1904, 0x1904, 0x1904, 0x1904, 0x1904, 0x1904, 0x1904,
  0x1904, 0x1904, 0x1904, 0x1904, 0x1904, 0x1904, 0x1904, 0x1904, 0x2124, 0x4941, 0x8AC6, 0xF719,
  0xAB67, 0xA326, 0xFF3A, 0xFF5A, 0xC48D, 0x9A63, 0xFF3A, 0xCD0F, 0xBC6C, 0xFF7A, 0x9B89, 0x4920,
  0x2903, 0x1904, 0x1904, 0x1904, 0x1904, 0x1904, 0x1904, 0x1904, 0x1904, 0x1904, 0x1904, 0x1904,
  0x1904, 0x1904, 0x1904, 0x1904, 0x1904, 0x1904, 0x1904, 0x1903, 0x30E1, 0x69C2, 0xDDF4, 0xFF9C,
  0xD571, 0xEE96, 0xFF7B, 0xFFFE, 0xE615, 0xEE77, 0xEE96, 0xAB46, 0xE635, 0xFFFD, 0xE5F3, 0x82C6,
  0x30A0, 0x2104, 0x1904, 0x1904, 0x1904, 0x1904, 0x1904, 0x1904, 0x1904, 0x1904, 0x1904, 0x1904,
  0x1904, 0x1904, 0x1904, 0x1904, 0x1904, 0x1904, 0x1904, 0x2923, 0x5120, 0x9B89, 0xFFFD, 0xFF7C,
  0xFF9C, 0xFF9C, 0xFFFF, 0xFFBD, 0xFFDD, 0xFFFF, 0xCCEF, 0xC42B, 0xF739, 0xBBE9, 0xF696, 0xB44C,
  0x5962, 0x28E2, 0x1904, 0x1904, 0x1904, 0x1904, 0x1904, 0x1904, 0x1904, 0x1904, 0x1904, 0x1904,
  0x1904, 0x1904, 0x1904, 0x1904, 0x1904, 0x1904, 0x1904, 0x3902, 0x8285, 0xF719, 0xE655, 0xE5F3,
  0xFFDD, 0xFFFE, 0xE614, 0xD4EE, 0xFFFE, 0xEED8, 0xAB25, 0xEEB7, 0xFFDC, 0xA2A3, 0xEE55, 0xEE54,
  0x8284, 0x30C0, 0x2103, 0x1904, 0x1904, 0x1904, 0x1904, 0x1904, 0x1904, 0x1904, 0x1904, 0x1904,
  0x1904, 0x1904, 0x1904, 0x1904, 0x1904, 0x1904, 0x2103, 0x40E0, 0xB4AE, 0xEE76, 0xA2C4, 0xCCAD,
  0xFF9C, 0xF719, 0xBC09, 0xC40A, 0xF73A, 0xC42A, 0xC46C, 0xFFFE, 0xF75A, 0xE614, 0xFF59, 0xFF38,
  0xCCCD, 0x69E2, 0x28E1, 0x1904, 0x1904, 0x1904, 0x1904, 0x1904, 0x1904, 0x1904, 0x1904, 0x1904,
  0x1904, 0x1904, 0x1904, 0x1904, 0x1904, 0x1904, 0x2903, 0x6A25, 0xF75A, 0xFFFE, 0xF6D8, 0xFFBC,
  0xFFDE, 0xFFFF, 0xF73A, 0xFF9C, 0xEEB7, 0xBBC8, 0xFFDD, 0xFFFE, 0xFF7B, 0xFF5A, 0xFF19, 0xFF59,
  0xEE33, 0x9B26, 0x30C0, 0x1903, 0x1904, 0x1904, 0x1904, 0x1904, 0x1904, 0x1904, 0x1904, 0x1904,
  0x1904, 0x1904, 0x1904, 0x1904, 0x1904, 0x1904, 0x20C2, 0x69C3, 0xAB68, 0xBBEA, 0xAB47, 0xBC2B,
  0xB387, 0xC44B, 0xC42A, 0xCC8C, 0xAAC3, 0xC44A, 0xFFFE, 0xFF7C, 0xFF5B, 0xFF39, 0xFEF8, 0xFE95,
  0xFEF5, 0xD4ED, 0x4962, 0x10E3, 0x1904, 0x1904, 0x1904, 0x1904, 0x1904, 0x1904, 0x1904, 0x1904,
  0x1904, 0x1904, 0x1904, 0x1904, 0x1904, 0x1903, 0x2923, 0x82E7, 0xE614, 0xE614, 0xE5D3, 0xD572,
  0xDDD3, 0xDDD3, 0xE614, 0xD52F, 0xBB65, 0xC44B, 0xFFFF, 0xFF5B, 0xFF5A, 0xFF39, 0xFEF7, 0xFE95,
  0xFF15, 0xCCCC, 0x4142, 0x1904, 0x1904, 0x1904, 0x1904, 0x1904, 0x1904, 0x1904, 0x1904, 0x1904,
  0x1904, 0x1904, 0x1904, 0x1904, 0x1904, 0x1904, 0x28E1, 0x7A44, 0xE655, 0xF739, 0xDDB2, 0xE698,
  0xFFFF, 0xFFFF, 0xFFFE, 0xFFFF, 0xF6F8, 0xC3E8, 0xEE55, 0xFFDD, 0xFF7B, 0xFF19, 0xFED7, 0xFE95,
  0xFEF5, 0xA347, 0x3901, 0x1904, 0x1904, 0x1904, 0x1904, 0x1904, 0x1904, 0x1904, 0x1904, 0x1904,
  0x1904, 0x1904, 0x1904, 0x1904, 0x1904, 0x1904, 0x2923, 0x38A0, 0xA3CA, 0xEE13, 0xBBA8, 0xAB47,
  0xFF7B, 0xFF9B, 0xFF5A, 0xFFDE, 0xFF7B, 0xDD4F, 0xCC4A, 0xFF7B, 0xFF7A, 0xEE13, 0xEE53, 0xFF57,
  0xD50D, 0x5961, 0x20E2, 0x1904, 0x1904, 0x1904, 0x1904, 0x1904, 0x1904, 0x1904, 0x1904, 0x1904,
  0x1904, 0x1904, 0x1904, 0x1904, 0x1904, 0x1904, 0x1904, 0x3902, 0x6161, 0xD571, 0xF6D7, 0xEE75,
  0xF6D8, 0xD54F, 0xD52F, 0xFFBC, 0xFF9C, 0xF6F8, 0xBBE8, 0xD54F, 0xFED6, 0xAAE4, 0xDD4D, 0xFED4,
  0xA326, 0x5162, 0x2104, 0x1904, 0x1904, 0x1904, 0x1904, 0x1904, 0x1904, 0x1904, 0x1904, 0x1904,
  0x1904, 0x1904, 0x1904, 0x1904, 0x1904, 0x1904, 0x1904, 0x3123, 0x38C0, 0x9307, 0xFE95, 0xFF7A,
  0xFF59, 0xCC4A, 0xAAE3, 0xEE34, 0xFF7B, 0xFF7A, 0xE590, 0xB366, 0xFED6, 0xBBA7, 0xEDB0, 0xDCEC,
  0x5100, 0x3102, 0x1904, 0x1904, 0x1904, 0x1904, 0x1904, 0x1904, 0x1904, 0x1904, 0x1904, 0x1904,
  0x1904, 0x1904, 0x1904, 0x1904, 0x1904, 0x1904, 0x1904, 0x1904, 0x3123, 0x5120, 0xC44B, 0xFE95,
  0xFF78, 0xF674, 0xF674, 0xFED6, 0xDD90, 0xD50E, 0xF633, 0xD4AB, 0xD4AB, 0xFF15, 0xF673, 0x9AE5,
  0x4921, 0x2103, 0x1904, 0x1904, 0x1904, 0x1904, 0x1904, 0x1904, 0x1904, 0x1904, 0x1904, 0x1904,
  0x1904, 0x1904, 0x1904, 0x1904, 0x1904, 0x1904, 0x1904, 0x1904, 0x3123, 0x38E1, 0x8A85, 0xF5F1,
  0xFE94, 0xFE93, 0xFE74, 0xFF79, 0xD4CC, 0xAAE3, 0xD4CC, 0xEDD0, 0xAB25, 0xF5CF, 0xC48B, 0x5120,
  0x2923, 0x1904, 0x1904, 0x1904, 0x1904, 0x1904, 0x1904, 0x1904, 0x1904, 0x1904, 0x1904, 0x1904,
  0x1904, 0x1904, 0x1904, 0x1904, 0x1904, 0x1904, 0x1904, 0x1904, 0x1904, 0x2923, 0x38C0, 0xA368,
  0xFE72, 0xFE92, 0xFEF5, 0xFE93, 0xFF36, 0xF5F0, 0xFEF5, 0xFEB3, 0xCC4A, 0x92C5, 0x7224, 0x28C1,
  0x1903, 0x1904, 0x1904, 0x1904, 0x1904, 0x1904, 0x1904, 0x1904, 0x1904, 0x1904, 0x1904, 0x1904,
  0x1904, 0x1904, 0x1904, 0x1904, 0x1904, 0x1904, 0x1904, 0x1904, 0x1904, 0x1904, 0x28E2, 0x4142,
  0x7244, 0x8A84, 0x9B06, 0x92C6, 0xA347, 0xA367, 0xABC8, 0x9B47, 0x8AC6, 0x4962, 0x3102, 0x2104,
  0x1904, 0x1904, 0x1904, 0x1904, 0x1904, 0x1904, 0x1904, 0x1904, 0x1904, 0x1904, 0x1904, 0x1904,
  0x1904, 0x1904, 0x1904, 0x1904, 0x1904, 0x1904, 0x1904, 0x1904, 0x1904, 0x1904, 0x1904, 0x2103,
  0x20E2, 0x3902, 0x4101, 0x3901, 0x4101, 0x4121, 0x3900, 0x3921, 0x28E1, 0x2103, 0x1904, 0x1904,
  0x1904, 0x1904, 0x1904, 0x1904, 0x1904, 0x1904, 0x1904, 0x1904, 0x1904, 0x1904, 0x1904, 0x1904,
  0x1904, 0x1904, 0x1904, 0x1904, 0x1904, 0x1904, 0x1904, 0x1904, 0x1904, 0x1904, 0x1904, 0x1904,
  0x1904, 0x1903, 0x1904, 0x1903, 0x2104, 0x2103, 0x2103, 0x1903, 0x1904, 0x1904, 0x1904, 0x1904,
  0x1904, 0x1904, 0x1904, 0x1904, 0x1904, 0x1904, 0x1904, 0x1904, 0x1904, 0x1904, 0x1904, 0x1904,
  0x1904, 0x1904, 0x1904, 0x1904, 0x1904, 0x1904, 0x1904, 0x1904, 0x1904, 0x1904, 0x1904, 0x1904,
  0x1904, 0x1904, 0x1904, 0x1904, 0x1904, 0x1904, 0x1904, 0x1904, 0x1904, 0x1904, 0x1904, 0x1904,
  0x1904, 0x1904, 0x1904, 0x1904, 0x1904, 0x1904, 0x1904, 0x1904, 0x1904, 0x1904, 0x1904, 0x1904,
  0x1904, 0x1904, 0x1904, 0x1904, 0x1904, 0x1904, 0x1904, 0x1904, 0x1904, 0x1904, 0x1904, 0x1904,
  0x1904, 0x1904, 0x1904, 0x1904, 0x1904, 0x1904, 0x1904, 0x1904, 0x1904, 0x1904, 0x1904, 0x1904,
  0x1904, 0x1904, 0x1904, 0x1904, 0x1904, 0x1904, 0x1904, 0x1904, 0x1904, 0x1904, 0x1904, 0x1904,
  0x1904, 0x1904, 0x1904, 0x1904, 0x1904, 0x1904, 0x1904, 0x1904, 0x1904, 0x1904, 0x1904, 0x1904,
  0x1904, 0x1904, 0x1904, 0x1904, 0x1904, 0x1904, 0x1904, 0x1904, 0x1904, 0x1904, 0x1904, 0x1904,
  0x1904, 0x1904, 0x1904, 0x1904, 0x1904, 0x1904, 0x1904, 0x1904, 0x1904, 0x1904, 0x1904, 0x1904,
  0x1904, 0x1904, 0x1904, 0x1904, 0x1904, 0x1904, 0x1904, 0x1904, 0x1904, 0x1904, 0x1904, 0x1904,
  0x1904, 0x1904, 0x1904, 0x1904, 0x1904, 0x1904, 0x1904, 0x1904, 0x1904, 0x1904, 0x1904, 0x1904,
  0x1904, 0x1904, 0x1904, 0x1904, 0x1904, 0x1904, 0x1904, 0x1904, 0x1904, 0x1904, 0x1904, 0x1904,
};

// dice_spin_frame_2 36x36
const uint16_t dice_spin_frame_2_w = 36;
const uint16_t dice_spin_frame_2_h = 36;
const unsigned short dice_spin_frame_2[1296] PROGMEM = {
  0x1904, 0x1904, 0x1904, 0x1904, 0x1904, 0x1904, 0x1904, 0x1904, 0x1904, 0x1904, 0x1904, 0x1904,
  0x1904, 0x1904, 0x1904, 0x1904, 0x1904, 0x1904, 0x1904, 0x1904, 0x1904, 0x1904, 0x1904, 0x1904,
  0x1904, 0x1904, 0x1904, 0x1904, 0x1904, 0x1904, 0x1904, 0x1904, 0x1904, 0x1904, 0x1904, 0x1904,
  0x1904, 0x1904, 0x1904, 0x1904, 0x1904, 0x1904, 0x1904, 0x1904, 0x1904, 0x1904, 0x1904, 0x1904,
  0x1904, 0x1904, 0x1904, 0x1904, 0x1904, 0x1904, 0x1904, 0x1904, 0x1904, 0x1904, 0x1904, 0x1904,
  0x1904, 0x1904, 0x1904, 0x1904, 0x1904, 0x1904, 0x1904, 0x1904, 0x1904, 0x1904, 0x1904, 0x1904,
  0x1904, 0x1904, 0x1904, 0x1904, 0x1904, 0x1904, 0x1904, 0x1904, 0x1904, 0x1904, 0x1904, 0x1904,
  0x1904, 0x1904, 0x1904, 0x1904, 0x1904, 0x1904, 0x1904, 0x1904, 0x1904, 0x1904, 0x1904, 0x1904,
  0x1904, 0x1904, 0x1904, 0x1904, 0x1904, 0x1904, 0x1904, 0x1904, 0x1904, 0x1904, 0x1904, 0x1904,
  0x1904, 0x1904, 0x1904, 0x1904, 0x1904, 0x1904, 0x1904, 0x1904, 0x1904, 0x1904, 0x1904, 0x1904,
  0x1904, 0x1904, 0x1904, 0x1904, 0x1904, 0x1904, 0x1904, 0x1904, 0x1904, 0x1904, 0x1904, 0x1904,
  0x1904, 0x1904, 0x1904, 0x1904, 0x1904, 0x1904, 0x1904, 0x1904, 0x1904, 0x1904, 0x1904, 0x1904,
  0x1904, 0x1904, 0x1904, 0x1904, 0x1904, 0x1904, 0x1904, 0x1904, 0x1904, 0x1904, 0x1904, 0x1904,
  0x1904, 0x1904, 0x1904, 0x1904, 0x1904, 0x1904, 0x1904, 0x1904, 0x1904, 0x1904, 0x1904, 0x1904,
  0x1904, 0x1904, 0x1904, 0x1904, 0x1904, 0x1904, 0x1904, 0x1904, 0x1904, 0x1904, 0x1904, 0x1904,
  0x1904, 0x1904, 0x1904, 0x1904, 0x1904, 0x1904, 0x1904, 0x1904, 0x1904, 0x1904, 0x1904, 0x1904,
  0x1904, 0x1904, 0x1904, 0x1904, 0x1904, 0x1904, 0x1904, 0x1904, 0x1904, 0x1904, 0x1904, 0x1904,
  0x1904, 0x1904, 0x1904, 0x1904, 0x1904, 0x1904, 0x1904, 0x1904, 0x1904, 0x1904, 0x1904, 0x1904,
  0x1904, 0x1904, 0x1904, 0x1904, 0x1904, 0x1904, 0x1904, 0x1904, 0x1904, 0x1904, 0x1904, 0x1904,
  0x1904, 0x1904, 0x1904, 0x1904, 0x1904, 0x1904, 0x1904, 0x1904, 0x1904, 0x1904, 0x1904, 0x1904,
  0x1904, 0x1904, 0x1904, 0x1904, 0x1904, 0x1904, 0x1904, 0x1904, 0x1904, 0x1904, 0x1904, 0x1904,
  0x1904, 0x1904, 0x1904, 0x1904, 0x1904, 0x1904, 0x1904, 0x1904, 0x1904, 0x1904, 0x1904, 0x1904,
  0x1904, 0x1904, 0x1904, 0x1904, 0x1904, 0x1904, 0x1904, 0x1904, 0x1904, 0x1904, 0x1904, 0x1904,
  0x1904, 0x1904, 0x1904, 0x1904, 0x1904, 0x1904, 0x1904, 0x1904, 0x1904, 0x1904, 0x1904, 0x1904,
  0x1904, 0x1904, 0x1904, 0x1904, 0x1904, 0x1904, 0x1904, 0x1904, 0x1904, 0x1904, 0x1904, 0x1904,
  0x1904, 0x1904, 0x1904, 0x1904, 0x1904, 0x1904, 0x1904, 0x1904, 0x1904, 0x1904, 0x1904, 0x1904,
  0x1904, 0x1904, 0x1904, 0x1904, 0x1904, 0x1904, 0x1904, 0x1904, 0x1904, 0x1904, 0x1904, 0x1904,
  0x1904, 0x1904, 0x1904, 0x1904, 0x1904, 0x1904, 0x1904, 0x1904, 0x1904, 0x1904, 0x1904, 0x1904,
  0x1904, 0x1904, 0x1904, 0x1904, 0x1904, 0x1904, 0x1904, 0x1904, 0x1904, 0x1904, 0x1904, 0x1904,
  0x1904, 0x1904, 0x1904, 0x1904, 0x1904, 0x1904, 0x1904, 0x1904, 0x1904, 0x1904, 0x1904, 0x1904,
  0x1904, 0x1904, 0x1904, 0x1904, 0x1904, 0x1904, 0x1904, 0x1904, 0x1904, 0x1904, 0x1904, 0x1904,
  0x1904, 0x1904, 0x1904, 0x1904, 0x1904, 0x1903, 0x1904, 0x18E3, 0x1924, 0x1904, 0x1904, 0x1904,
  0x1904, 0x1904, 0x1904, 0x1904, 0x1904, 0x1904, 0x1904, 0x1904, 0x1904, 0x1904, 0x1904, 0x1904,
  0x1904, 0x1904, 0x1904, 0x1904, 0x1904, 0x1904, 0x1904, 0x1904, 0x1904, 0x1904, 0x1904, 0x1904,
  0x1904, 0x1904, 0x2103, 0x2923, 0x3102, 0x3922, 0x3102, 0x3102, 0x1861, 0x2903, 0x1904, 0x1904,
  0x1904, 0x1904, 0x1904, 0x1904, 0x1904, 0x1904, 0x1904, 0x1904, 0x1904, 0x1904, 0x1904, 0x1904,
  0x1904, 0x1904, 0x1904, 0x1904, 0x1904, 0x1904, 0x1904, 0x1904, 0x1904, 0x1904, 0x1904, 0x1904,
  0x2103, 0x3943, 0x38C0, 0x5141, 0xA40C, 0xA369, 0x9B48, 0xAC2C, 0x7244, 0x4920, 0x30A0, 0x2123,
  0x1904, 0x1904, 0x1904, 0x1904, 0x1904, 0x1904, 0x1904, 0x1904, 0x1904, 0x1904, 0x1904, 0x1904,
  0x1904, 0x1904, 0x1904, 0x1904, 0x1904, 0x1904, 0x1904, 0x1904, 0x1904, 0x1904, 0x1904, 0x2123,
  0x38E0, 0x69A2, 0x9B48, 0xCD92, 0xFFFE, 0xC4EF, 0xCCEF, 0xFFBB, 0xE5F4, 0xABEB, 0x7203, 0x30C0,
  0x28E1, 0x2103, 0x1904, 0x1904, 0x1904, 0x1904, 0x1904, 0x1904, 0x1904, 0x1904, 0x1904, 0x1904,
  0x1904, 0x1904, 0x1904, 0x1904, 0x1904, 0x1904, 0x1904, 0x1904, 0x1904, 0x2103, 0x3922, 0x5141,
  0x7A44, 0xBC8E, 0xFF9B, 0xD52F, 0xF6D8, 0xCD0F, 0xB3C9, 0xFFFD, 0xE5D2, 0xF6F8, 0xD570, 0x8AE5,
  0x69C2, 0x30C0, 0x2102, 0x1904, 0x1904, 0x1904, 0x1904, 0x1904, 0x1904, 0x1904, 0x1904, 0x1904,
  0x1904, 0x1904, 0x1904, 0x1904, 0x1904, 0x1904, 0x1904, 0x1904, 0x1904, 0x28A1, 0x6182, 0xABEB,
  0xE676, 0xFFFF, 0xEED7, 0x9242, 0xE5F4, 0xD570, 0xC46C, 0xF6F8, 0x9A62, 0xD52F, 0xFF9A, 0xEE33,
  0xC4AC, 0x8A85, 0x3921, 0x10E3, 0x1904, 0x1904, 0x1904, 0x1904, 0x1904, 0x1904, 0x1904, 0x1904,
  0x1904, 0x1904, 0x1904, 0x1904, 0x1904, 0x1904, 0x1904, 0x1904, 0x18A2, 0x61C3, 0xDDD3, 0xFF38,
  0xE634, 0xFF7B, 0xF73A, 0xDDD3, 0xFFDE, 0xDDF4, 0xB3A8, 0xFFFF, 0xE5F3, 0xE5F3, 0xFF39, 0xFF59,
  0xFEB5, 0xE58F, 0x7265, 0x20E2, 0x1904, 0x1904, 0x1904, 0x1904, 0x1904, 0x1904, 0x1904, 0x1904,
  0x1904, 0x1904, 0x1904, 0x1904, 0x1904, 0x1904, 0x1904, 0x1904, 0x3923, 0x69C3, 0xF739, 0xB3A9,
  0xAB88, 0xFF7B, 0xFFBC, 0xFFBD, 0xFFFF, 0xDDB3, 0xC42A, 0xFFFE, 0xFF7B, 0xFF5A, 0xFF19, 0xFEB7,
  0xFE94, 0xFF76, 0xB3EA, 0x3901, 0x1904, 0x1904, 0x1904, 0x1904, 0x1904, 0x1904, 0x1904, 0x1904,
  0x1904, 0x1904, 0x1904, 0x1904, 0x1904, 0x1904, 0x1904, 0x1904, 0x30E1, 0x7A04, 0xF718, 0xD551,
  0xEE55, 0xFF9C, 0xFFFF, 0xE635, 0xFFFE, 0xE5F4, 0xBBA8, 0xFFFE, 0xFF7B, 0xFF5B, 0xFF39, 0xFEF7,
  0xFE95, 0xFEB4, 0xC46B, 0x5141, 0x2103, 0x1904, 0x1904, 0x1904, 0x1904, 0x1904, 0x1904, 0x1904,
  0x1904, 0x1904, 0x1904, 0x1904, 0x1904, 0x1904, 0x1904, 0x1904, 0x3923, 0x69A2, 0xF719, 0xFFDD,
  0xFF9C, 0xFFFE, 0xEEB8, 0xAAE4, 0xE5F4, 0xE614, 0xC42A, 0xFFDD, 0xFF9C, 0xFF5B, 0xFF39, 0xFEF8,
  0xFED6, 0xFF16, 0xCCAB, 0x5141, 0x2124, 0x1904, 0x1904, 0x1904, 0x1904, 0x1904, 0x1904, 0x1904,
  0x1904, 0x1904, 0x1904, 0x1904, 0x1904, 0x1904, 0x1904, 0x1904, 0x30E1, 0x8265, 0xFF3A, 0xFF5A,
  0xF6F9, 0xFFDD, 0xEE97, 0xD570, 0xF73A, 0xE614, 0xAAC3, 0xFFFE, 0xFFFE, 0xFF5B, 0xFF7B, 0xFEF8,
  0xEE53, 0xFF16, 0xD4CC, 0x5161, 0x2903, 0x1904, 0x1904, 0x1904, 0x1904, 0x1904, 0x1904, 0x1904,
  0x1904, 0x1904, 0x1904, 0x1904, 0x1904, 0x1904, 0x1904, 0x1904, 0x3942, 0x71E2, 0xF75A, 0xBC4B,
  0xC44B, 0xFFBD, 0xFFFF, 0xFF9C, 0xD550, 0xB304, 0xA260, 0xC409, 0xEE76, 0xFFFE, 0xFF7B, 0xEE54,
  0xB346, 0xFE52, 0xDCED, 0x5920, 0x2923, 0x1904, 0x1904, 0x1904, 0x1904, 0x1904, 0x1904, 0x1904,
  0x1904, 0x1904, 0x1904, 0x1904, 0x1904, 0x1904, 0x1904, 0x1904, 0x3102, 0x8285, 0xEED8, 0xBC0A,
  0xE5F3, 0xFFFE, 0xD550, 0xBBC8, 0xC44A, 0xE613, 0xFF59, 0xD52F, 0xC3E8, 0xD4AC, 0xF6B6, 0xF6D6,
  0xAB04, 0xDD2D, 0xDD4E, 0x5960, 0x2903, 0x1904, 0x1904, 0x1904, 0x1904, 0x1904, 0x1904, 0x1904,
  0x1904, 0x1904, 0x1904, 0x1904, 0x1904, 0x1904, 0x1904, 0x1904, 0x3123, 0x5981, 0xEF3A, 0xFFFE,
  0xDD92, 0xBC2B, 0xAB26, 0xE5F4, 0xFFDD, 0xFFFE, 0xFFDD, 0xFF7B, 0xF696, 0xCC6B, 0xB366, 0xDD4F,
  0xFE94, 0xFF36, 0xD52E, 0x5120, 0x2103, 0x1904, 0x1904, 0x1904, 0x1904, 0x1904, 0x1904, 0x1904,
  0x1904, 0x1904, 0x1904, 0x1904, 0x1904, 0x1904, 0x1904, 0x1904, 0x2103, 0x59C4, 0xDDB2, 0xC48D,
  0xA2C5, 0xD551, 0xF73B, 0xFFFF, 0xFFFE, 0xFF5A, 0xFFBD, 0xFFFE, 0xFF7B, 0xFF39, 0xEDF2, 0xCC6A,
  0xBBA7, 0xDD0C, 0xCCCC, 0x5161, 0x2103, 0x1904, 0x1904, 0x1904, 0x1904, 0x1904, 0x1904, 0x1904,
  0x1904, 0x1904, 0x1904, 0x1904, 0x1904, 0x1904, 0x1904, 0x1904, 0x1903, 0x2080, 0x7A03, 0xCD30,
  0xFF5A, 0xF718, 0xC4AE, 0xE614, 0xFFBC, 0xE634, 0xC48C, 0xF696, 0xFF59, 0xE5F2, 0xD50E, 0xEE12,
  0xD4EC, 0xB346, 0x8264, 0x30E1, 0x1903, 0x1904, 0x1904, 0x1904, 0x1904, 0x1904, 0x1904, 0x1904,
  0x1904, 0x1904, 0x1904, 0x1904, 0x1904, 0x1904, 0x1904, 0x1904, 0x1904, 0x2923, 0x7245, 0xD5B3,
  0xFF39, 0xD50F, 0xB387, 0xD4EE, 0xF6F8, 0xCC4A, 0xB324, 0xE5D1, 0xF6B6, 0xB386, 0xB324, 0xEE31,
  0xFED3, 0xBC4A, 0x5162, 0x2903, 0x1904, 0x1904, 0x1904, 0x1904, 0x1904, 0x1904, 0x1904, 0x1904,
  0x1904, 0x1904, 0x1904, 0x1904, 0x1904, 0x1904, 0x1904, 0x1904, 0x1904, 0x1903, 0x28A1, 0x6182,
  0xA3CA, 0xE613, 0xFEF6, 0xFF7A, 0xFF9A, 0xFF17, 0xF653, 0xFED5, 0xFF78, 0xFEB4, 0xF611, 0xEDF1,
  0xABA8, 0x69E3, 0x28E2, 0x18E3, 0x1904, 0x1904, 0x1904, 0x1904, 0x1904, 0x1904, 0x1904, 0x1904,
  0x1904, 0x1904, 0x1904, 0x1904, 0x1904, 0x1904, 0x1904, 0x1904, 0x1904, 0x1904, 0x2123, 0x3922,
  0x3880, 0x7224, 0xB40B, 0xF633, 0xFE95, 0xFEF6, 0xFEB4, 0xFE53, 0xFEF5, 0xFE52, 0xB3C9, 0x8244,
  0x40C0, 0x3122, 0x1904, 0x1904, 0x1904, 0x1904, 0x1904, 0x1904, 0x1904, 0x1904, 0x1904, 0x1904,
  0x1904, 0x1904, 0x1904, 0x1904, 0x1904, 0x1904, 0x1904, 0x1904, 0x1904, 0x1904, 0x1904, 0x1904,
  0x3123, 0x3901, 0x48E0, 0x8AA5, 0xC46B, 0xFE52, 0xFED4, 0xFE51, 0xC44A, 0x7A44, 0x40E0, 0x4142,
  0x2923, 0x1903, 0x1904, 0x1904, 0x1904, 0x1904, 0x1904, 0x1904, 0x1904, 0x1904, 0x1904, 0x1904,
  0x1904, 0x1904, 0x1904, 0x1904, 0x1904, 0x1904, 0x1904, 0x1904, 0x1904, 0x1904, 0x1904, 0x1904,
  0x1904, 0x1904, 0x3123, 0x38E1, 0x5121, 0x8AC6, 0x9B48, 0x7A24, 0x5982, 0x4122, 0x28E3, 0x2104,
  0x1904, 0x1904, 0x1904, 0x1904, 0x1904, 0x1904, 0x1904, 0x1904, 0x1904, 0x1904, 0x1904, 0x1904,
  0x1904, 0x1904, 0x1904, 0x1904, 0x1904, 0x1904, 0x1904, 0x1904, 0x1904, 0x1904, 0x1904, 0x1904,
  0x1904, 0x1904, 0x1904, 0x2903, 0x3123, 0x2081, 0x3922, 0x20E2, 0x2903, 0x1904, 0x1904, 0x1904,
  0x1904, 0x1904, 0x1904, 0x1904, 0x1904, 0x1904, 0x1904, 0x1904, 0x1904, 0x1904, 0x1904, 0x1904,
  0x1904, 0x1904, 0x1904, 0x1904, 0x1904, 0x1904, 0x1904, 0x1904, 0x1904, 0x1904, 0x1904, 0x1904,
  0x1904, 0x1904, 0x1904, 0x1904, 0x1904, 0x1904, 0x1903, 0x1904, 0x1904, 0x1904, 0x1904, 0x1904,
  0x1904, 0x1904, 0x1904, 0x1904, 0x1904, 0x1904, 0x1904, 0x1904, 0x1904, 0x1904, 0x1904, 0x1904,
  0x1904, 0x1904, 0x1904, 0x1904, 0x1904, 0x1904, 0x1904, 0x1904, 0x1904, 0x1904, 0x1904, 0x1904,
  0x1904, 0x1904, 0x1904, 0x1904, 0x1904, 0x1904, 0x1904, 0x1904, 0x1904, 0x1904, 0x1904, 0x1904,
  0x1904, 0x1904, 0x1904, 0x1904, 0x1904, 0x1904, 0x1904, 0x1904, 0x1904, 0x1904, 0x1904, 0x1904,
  0x1904, 0x1904, 0x1904, 0x1904, 0x1904, 0x1904, 0x1904, 0x1904, 0x1904, 0x1904, 0x1904, 0x1904,
  0x1904, 0x1904, 0x1904, 0x1904, 0x1904, 0x1904, 0x1904, 0x1904, 0x1904, 0x1904, 0x1904, 0x1904,
  0x1904, 0x1904, 0x1904, 0x1904, 0x1904, 0x1904, 0x1904, 0x1904, 0x1904, 0x1904, 0x1904, 0x1904,
  0x1904, 0x1904, 0x1904, 0x1904, 0x1904, 0x1904, 0x1904, 0x1904, 0x1904, 0x1904, 0x1904, 0x1904,
  0x1904, 0x1904, 0x1904, 0x1904, 0x1904, 0x1904, 0x1904, 0x1904, 0x1904, 0x1904, 0x1904, 0x1904,
  0x1904, 0x1904, 0x1904, 0x1904, 0x1904, 0x1904, 0x1904, 0x1904, 0x1904, 0x1904, 0x1904, 0x1904,
};

// dice_spin_frame_3 36x36
const uint16_t dice_spin_frame_3_w = 36;
const uint16_t dice_spin_frame_3_h = 36;
const unsigned short dice_spin_frame_3[1296] PROGMEM = {
  0x1904, 0x1904, 0x1904, 0x1904, 0x1904, 0x1904, 0x1904, 0x1904, 0x1904, 0x1904, 0x1904, 0x1904,
  0x1904, 0x1904, 0x1904, 0x1904, 0x1904, 0x1904, 0x1904, 0x1904, 0x1904, 0x1904, 0x1904, 0x1904,
  0x1904, 0x1904, 0x1904, 0x1904, 0x1904, 0x1904, 0x1904, 0x1904, 0x1904, 0x1904, 0x1904, 0x1904,
  0x1904, 0x1904, 0x1904, 0x1904, 0x1904, 0x1904, 0x1904, 0x1904, 0x1904, 0x1904, 0x1904, 0x1904,
  0x1904, 0x1904, 0x1904, 0x1904, 0x1904, 0x1904, 0x1904, 0x1904, 0x1904, 0x1904, 0x1904, 0x1904,
  0x1904, 0x1904, 0x1904, 0x1904, 0x1904, 0x1904, 0x1904, 0x1904, 0x1904, 0x1904, 0x1904, 0x1904,
  0x1904, 0x1904, 0x1904, 0x1904, 0x1904, 0x1904, 0x1904, 0x1904, 0x1904, 0x1904, 0x1904, 0x1904,
  0x1904, 0x1904, 0x1904, 0x1904, 0x1904, 0x1904, 0x1904, 0x1904, 0x1904, 0x1904, 0x1904, 0x1904,
  0x1904, 0x1904, 0x1904, 0x1904, 0x1904, 0x1904, 0x1904, 0x1904, 0x1904, 0x1904, 0x1904, 0x1904,
  0x1904, 0x1904, 0x1904, 0x1904, 0x1904, 0x1904, 0x1904, 0x1904, 0x1904, 0x1904, 0x1904, 0x1904,
  0x1904, 0x1904, 0x1904, 0x1904, 0x1904, 0x1904, 0x1904, 0x1904, 0x1904, 0x1904, 0x1904, 0x1904,
  0x1904, 0x1904, 0x1904, 0x1904, 0x1904, 0x1904, 0x1904, 0x1904, 0x1904, 0x1904, 0x1904, 0x1904,
  0x1904, 0x1904, 0x1904, 0x1904, 0x1904, 0x1904, 0x1904, 0x1904, 0x1904, 0x1904, 0x1904, 0x1904,
  0x1904, 0x1904, 0x1904, 0x1904, 0x1904, 0x1904, 0x1904, 0x1904, 0x1904, 0x1904, 0x1904, 0x1904,
  0x1904, 0x1904, 0x1904, 0x1904, 0x1904, 0x1904, 0x1904, 0x1904, 0x1904, 0x1904, 0x1904, 0x1904,
  0x1904, 0x1904, 0x1904, 0x1904, 0x1904, 0x1904, 0x1904, 0x1904, 0x1904, 0x1904, 0x1904, 0x1904,
  0x1904, 0x1904, 0x1904, 0x1904, 0x1904, 0x1904, 0x1904, 0x1904, 0x1904, 0x1904, 0x1904, 0x1904,
  0x1904, 0x1904, 0x1904, 0x1904, 0x1904, 0x1904, 0x1904, 0x1904, 0x1904, 0x1904, 0x1904, 0x1904,
  0x1904, 0x1904, 0x1904, 0x1904, 0x1904, 0x1904, 0x1904, 0x1904, 0x1904, 0x1904, 0x1904, 0x1904,
  0x1904, 0x1904, 0x1904, 0x1904, 0x1904, 0x1904, 0x1904, 0x1904, 0x1904, 0x1904, 0x1904, 0x1904,
  0x1904, 0x1904, 0x1904, 0x1904, 0x1904, 0x1904, 0x1904, 0x1904, 0x1904, 0x1904, 0x1904, 0x1904,
  0x1904, 0x1904, 0x1904, 0x1904, 0x1904, 0x1904, 0x1904, 0x1904, 0x1904, 0x1904, 0x1904, 0x1904,
  0x1904, 0x1904, 0x1904, 0x1904, 0x1904, 0x1904, 0x1904, 0x1904, 0x1904, 0x1904, 0x1904, 0x1904,
  0x1904, 0x1904, 0x1904, 0x1904, 0x1904, 0x1904, 0x1904, 0x1904, 0x1904, 0x1904, 0x1904, 0x1904,
  0x1904, 0x1904, 0x1904, 0x1904, 0x1904, 0x1904, 0x1904, 0x1904, 0x1904, 0x1904, 0x1904, 0x1904,
  0x1904, 0x1904, 0x1904, 0x1904, 0x1904, 0x1903, 0x2103, 0x2103, 0x2103, 0x2103, 0x2103, 0x1903,
  0x1903, 0x1903, 0x1904, 0x1904, 0x1904, 0x1904, 0x1904, 0x1904, 0x1904, 0x1904, 0x1904, 0x1904,
  0x1904, 0x1904, 0x1904, 0x1904, 0x1904, 0x1904, 0x1904, 0x1904, 0x1904, 0x1904, 0x1904, 0x1904,
  0x1904, 0x1904, 0x1903, 0x2104, 0x3123, 0x3943, 0x4143, 0x4143, 0x3943, 0x3942, 0x4142, 0x4143,
  0x3943, 0x2923, 0x1904, 0x1904, 0x1904, 0x1904, 0x1904, 0x1904, 0x1904, 0x1904, 0x1904, 0x1904,
  0x1904, 0x1904, 0x1904, 0x1904, 0x1904, 0x1904, 0x1904, 0x1904, 0x1904, 0x1904, 0x1904, 0x1904,
  0x1903, 0x2903, 0x3123, 0x3921, 0x5141, 0x6181, 0x69A1, 0x6181, 0x6181, 0x6181, 0x69A1, 0x69A1,
  0x6181, 0x4921, 0x3102, 0x2103, 0x1904, 0x1904, 0x1904, 0x1904, 0x1904, 0x1904, 0x1904, 0x1904,
  0x1904, 0x1904, 0x1904, 0x1904, 0x1904, 0x1904, 0x1904, 0x1904, 0x1904, 0x1904, 0x1904, 0x1903,
  0x3123, 0x4942, 0x5961, 0xB44C, 0xD5B2, 0xD5B2, 0xDDF3, 0xDDB2, 0xD571, 0xDD50, 0xDD4F, 0xDD4F,
  0xD52E, 0xCCCC, 0x82A5, 0x4141, 0x2923, 0x1903, 0x1904, 0x1904, 0x1904, 0x1904, 0x1904, 0x1904,
  0x1904, 0x1904, 0x1904, 0x1904, 0x1904, 0x1904, 0x1904, 0x1904, 0x1904, 0x1904, 0x1903, 0x2923,
  0x4942, 0xA3AB, 0x9B48, 0xB40B, 0xFFFD, 0xFF7B, 0xEE75, 0xF6D7, 0xFF9B, 0xFF39, 0xFF18, 0xFEF7,
  0xFEB5, 0xFE93, 0xF5F1, 0x7A23, 0x4142, 0x2903, 0x1904, 0x1904, 0x1904, 0x1904, 0x1904, 0x1904,
  0x1904, 0x1904, 0x1904, 0x1904, 0x1904, 0x1904, 0x1904, 0x1904, 0x1904, 0x1904, 0x3123, 0x4962,
  0x7204, 0xF6D8, 0xEE96, 0x8A22, 0xE634, 0xFF7B, 0xAB25, 0x9A21, 0xDD50, 0xFF39, 0xFED7, 0xFED6,
  0xFE95, 0xFE53, 0xFEB4, 0xCCAC, 0x6181, 0x4163, 0x2103, 0x1904, 0x1904, 0x1904, 0x1904, 0x1904,
  0x1904, 0x1904, 0x1904, 0x1904, 0x1904, 0x1904, 0x1904, 0x1904, 0x1904, 0x2903, 0x4983, 0x5961,
  0xBCCF, 0xFFBC, 0xFFBC, 0xC4AE, 0xAB46, 0xFF9B, 0xF6D7, 0xCC8C, 0xDD91, 0xFF7A, 0xFF18, 0xFEF7,
  0xFED6, 0xFEB5, 0xFE94, 0xFE73, 0x9B06, 0x5982, 0x3143, 0x1903, 0x1904, 0x1904, 0x1904, 0x1904,
  0x1904, 0x1904, 0x1904, 0x1904, 0x1904, 0x1904, 0x1904, 0x1904, 0x1903, 0x3943, 0x5982, 0x8AC6,
  0xFF5A, 0xCD0F, 0xDDB2, 0xFFBC, 0xA2E5, 0xD52F, 0xFFFD, 0xFFBC, 0xFFBC, 0xFF5B, 0xFF3A, 0xFF18,
  0xFEF7, 0xFED6, 0xFE95, 0xFE94, 0xE56E, 0x71C2, 0x5162, 0x2923, 0x1904, 0x1904, 0x1904, 0x1904,
  0x1904, 0x1904, 0x1904, 0x1904, 0x1904, 0x1904, 0x1904, 0x1904, 0x2103, 0x5183, 0x71A1, 0xD592,
  0xFFBB, 0x9A83, 0xBBC9, 0xFFFF, 0xDDD2, 0x9A83, 0xF6F8, 0xFF9C, 0xFF7B, 0xFF7B, 0xFF5A, 0xFF39,
  0xFF19, 0xFEF8, 0xFEF7, 0xFED5, 0xFED4, 0xB3A8, 0x6181, 0x4162, 0x1903, 0x1904, 0x1904, 0x1904,
  0x1904, 0x1904, 0x1904, 0x1904, 0x1904, 0x1904, 0x1904, 0x1903, 0x3143, 0x5982, 0x9B69, 0xFF7A,
  0xFF9B, 0xBC2B, 0xCD0F, 0xFFFE, 0xFFBC, 0xB388, 0xC42A, 0xFFFE, 0xFF9C, 0xFF7C, 0xFF7B, 0xFF5A,
  0xFF39, 0xFF39, 0xCCAC, 0xBBE8, 0xF611, 0xF631, 0x8243, 0x5161, 0x2923, 0x1904, 0x1904, 0x1904,
  0x1904, 0x1904, 0x1904, 0x1904, 0x1904, 0x1904, 0x1904, 0x2923, 0x4962, 0x69C2, 0xE614, 0xFF9B,
  0xFF7B, 0xFF7B, 0xFF7B, 0xFF9C, 0xFFDE, 0xEED8, 0xA2A3, 0xEE76, 0xFFFE, 0xFF7B, 0xFF7B, 0xFF5A,
  0xFF39, 0xFF39, 0xD4ED, 0x9200, 0xBB86, 0xFEF4, 0xC46B, 0x5961, 0x3943, 0x1903, 0x1904, 0x1904,
  0x1904, 0x1904, 0x1904, 0x1904, 0x1904, 0x1904, 0x1903, 0x3943, 0x5941, 0xAC0B, 0xFF79, 0xF6F8,
  0xFF7B, 0xFF7B, 0xFF9C, 0xFF9C, 0xF73A, 0xFFFF, 0xCCCD, 0xBB66, 0xFFBC, 0xFFFE, 0xFFDE, 0xFFDD,
  0xFFBC, 0xFF7A, 0xFF79, 0xF694, 0xF673, 0xFED4, 0xFE93, 0x92E6, 0x4122, 0x2103, 0x1904, 0x1904,
  0x1904, 0x1904, 0x1904, 0x1904, 0x1904, 0x1904, 0x1904, 0x3922, 0x7204, 0xF6F8, 0xDDD2, 0xA326,
  0xFF19, 0xFF9C, 0xFFBD, 0xF6F8, 0xB346, 0xEEB8, 0xFF7B, 0xB2E3, 0xC409, 0xDDB1, 0xE5D2, 0xE5D2,
  0xE5B2, 0xDD70, 0xDD4F, 0xE570, 0xE58F, 0xDCEC, 0xDCCC, 0xA326, 0x4142, 0x2103, 0x1904, 0x1904,
  0x1904, 0x1904, 0x1904, 0x1904, 0x1904, 0x1904, 0x1904, 0x3102, 0x82C6, 0xFFBC, 0xCD0F, 0x89C0,
  0xF6B7, 0xFF9C, 0xFFDD, 0xEE76, 0x9A00, 0xE614, 0xFFFD, 0xB345, 0xAA60, 0xB324, 0xBB66, 0xBBA6,
  0xBBA6, 0xB345, 0xAB04, 0xAB24, 0xB345, 0xAB04, 0xA2C4, 0x8243, 0x4962, 0x2103, 0x1904, 0x1904,
  0x1904, 0x1904, 0x1904, 0x1904, 0x1904, 0x1904, 0x1904, 0x3923, 0x61A2, 0xDDF4, 0xF6D8, 0xC4AE,
  0xFF5A, 0xFF7B, 0xFF9C, 0xFF5B, 0xCCEE, 0xFF7C, 0xE655, 0xAAA2, 0xE613, 0xFFBB, 0xFF9B, 0xFF9B,
  0xFF7A, 0xFF39, 0xFF38, 0xFF37, 0xFF16, 0xFE93, 0xFEB3, 0xABC9, 0x3922, 0x2123, 0x1904, 0x1904,
  0x1904, 0x1904, 0x1904, 0x1904, 0x1904, 0x1904, 0x1904, 0x3123, 0x5162, 0x8AE7, 0xFF5A, 0xFF9B,
  0xFF5B, 0xFFBD, 0xFFBD, 0xFF9C, 0xFFDE, 0xFFDD, 0xB387, 0xD4EE, 0xFFFE, 0xFF9C, 0xFF7B, 0xFF5B,
  0xFF3A, 0xFF5A, 0xF695, 0xC429, 0xCC6A, 0xFED4, 0xE58F, 0x7202, 0x3963, 0x2103, 0x1904, 0x1904,
  0x1904, 0x1904, 0x1904, 0x1904, 0x1904, 0x1904, 0x1904, 0x2103, 0x4163, 0x6161, 0xC4EF, 0xFF9B,
  0xFF7B, 0xEE55, 0xEE97, 0xFF9C, 0xFFDD, 0xDD70, 0xB345, 0xFF7B, 0xFF9C, 0xFF7B, 0xFF7B, 0xFF9B,
  0xFF5A, 0xFF39, 0xC409, 0x9A00, 0xCC49, 0xFED4, 0xA347, 0x5981, 0x3143, 0x1903, 0x1904, 0x1904,
  0x1904, 0x1904, 0x1904, 0x1904, 0x1904, 0x1904, 0x1904, 0x1903, 0x2923, 0x5162, 0x8244, 0xF6D8,
  0xFFBC, 0xAB46, 0xBC0A, 0xFFDD, 0xF6F8, 0xA2A3, 0xDDD3, 0xFFDD, 0xFF7B, 0xFF9C, 0xFF39, 0xDD70,
  0xE5F2, 0xFF38, 0xEE33, 0xEDF1, 0xFEB3, 0xDD2E, 0x69C2, 0x4982, 0x2903, 0x1904, 0x1904, 0x1904,
  0x1904, 0x1904, 0x1904, 0x1904, 0x1904, 0x1904, 0x1904, 0x1904, 0x2103, 0x4143, 0x5961, 0xAC2C,
  0xFFFD, 0xB388, 0xBC0A, 0xFFFE, 0xBC2B, 0xB387, 0xFFBC, 0xFF9C, 0xFF7B, 0xFF5A, 0xBBE8, 0x91C0,
  0xD4AB, 0xFF17, 0xFED6, 0xFEB5, 0xFE52, 0x8A84, 0x5982, 0x3943, 0x1903, 0x1904, 0x1904, 0x1904,
  0x1904, 0x1904, 0x1904, 0x1904, 0x1904, 0x1904, 0x1904, 0x1904, 0x1904, 0x2923, 0x5182, 0x7203,
  0xEE97, 0xF6D8, 0xF6F8, 0xEE76, 0x9A62, 0xEE76, 0xFFFE, 0xF6F9, 0xF719, 0xFF39, 0xD50E, 0xE54F,
  0xFED5, 0xFEB5, 0xFE73, 0xFED4, 0xC44B, 0x6161, 0x4163, 0x2903, 0x1904, 0x1904, 0x1904, 0x1904,
  0x1904, 0x1904, 0x1904, 0x1904, 0x1904, 0x1904, 0x1904, 0x1904, 0x1904, 0x1903, 0x3943, 0x5962,
  0x9348, 0xFF7B, 0xFF9C, 0xAB67, 0xC44B, 0xFFBC, 0xC4AD, 0x9A62, 0xCCCD, 0xFF5A, 0xFF38, 0xFF17,
  0xFEB5, 0xFE73, 0xFE73, 0xEDD0, 0x7A23, 0x4962, 0x2903, 0x1903, 0x1904, 0x1904, 0x1904, 0x1904,
  0x1904, 0x1904, 0x1904, 0x1904, 0x1904, 0x1904, 0x1904, 0x1904, 0x1904, 0x1904, 0x2103, 0x4163,
  0x5141, 0xCD72, 0xD550, 0x9AA4, 0xFF39, 0xFF19, 0xB3A8, 0xBC09, 0xF6B6, 0xFF18, 0xFEB6, 0xFEB5,
  0xFE73, 0xFE52, 0xFE92, 0xA367, 0x5981, 0x3943, 0x1903, 0x1904, 0x1904, 0x1904, 0x1904, 0x1904,
  0x1904, 0x1904, 0x1904, 0x1904, 0x1904, 0x1904, 0x1904, 0x1904, 0x1904, 0x1904, 0x1904, 0x2103,
  0x3922, 0x61C4, 0x71C2, 0xCD31, 0xFFDD, 0xFF5A, 0xFF59, 0xFF59, 0xFF58, 0xFF17, 0xFEF6, 0xFEB5,
  0xFE73, 0xFE93, 0xC48C, 0x5962, 0x4142, 0x2903, 0x1904, 0x1904, 0x1904, 0x1904, 0x1904, 0x1904,
  0x1904, 0x1904, 0x1904, 0x1904, 0x1904, 0x1904, 0x1904, 0x1904, 0x1904, 0x1904, 0x1904, 0x1904,
  0x2103, 0x3123, 0x4942, 0x82A6, 0x9348, 0x9328, 0x9307, 0x9307, 0x9B06, 0x9B27, 0x9B27, 0x9B06,
  0x9AE6, 0x8285, 0x59A3, 0x3123, 0x2103, 0x1904, 0x1904, 0x1904, 0x1904, 0x1904, 0x1904, 0x1904,
  0x1904, 0x1904, 0x1904, 0x1904, 0x1904, 0x1904, 0x1904, 0x1904, 0x1904, 0x1904, 0x1904, 0x1904,
  0x1904, 0x1903, 0x2923, 0x4121, 0x4921, 0x5141, 0x5141, 0x5141, 0x5141, 0x5141, 0x5141, 0x5141,
  0x4941, 0x3901, 0x3122, 0x2103, 0x1904, 0x1904, 0x1904, 0x1904, 0x1904, 0x1904, 0x1904, 0x1904,
  0x1904, 0x1904, 0x1904, 0x1904, 0x1904, 0x1904, 0x1904, 0x1904, 0x1904, 0x1904, 0x1904, 0x1904,
  0x1904, 0x1904, 0x1903, 0x2103, 0x2923, 0x3123, 0x3123, 0x3123, 0x3123, 0x3123, 0x3123, 0x3123,
  0x2923, 0x2103, 0x1903, 0x1904, 0x1904, 0x1904, 0x1904, 0x1904, 0x1904, 0x1904, 0x1904, 0x1904,
  0x1904, 0x1904, 0x1904, 0x1904, 0x1904, 0x1904, 0x1904, 0x1904, 0x1904, 0x1904, 0x1904, 0x1904,
  0x1904, 0x1904, 0x1904, 0x1904, 0x1904, 0x1904, 0x1904, 0x1904, 0x1904, 0x1904, 0x1904, 0x1904,
  0x1904, 0x1904, 0x1904, 0x1904, 0x1904, 0x1904, 0x1904, 0x1904, 0x1904, 0x1904, 0x1904, 0x1904,
  0x1904, 0x1904, 0x1904, 0x1904, 0x1904, 0x1904, 0x1904, 0x1904, 0x1904, 0x1904, 0x1904, 0x1904,
  0x1904, 0x1904, 0x1904, 0x1904, 0x1904, 0x1904, 0x1904, 0x1904, 0x1904, 0x1904, 0x1904, 0x1904,
  0x1904, 0x1904, 0x1904, 0x1904, 0x1904, 0x1904, 0x1904, 0x1904, 0x1904, 0x1904, 0x1904, 0x1904,
};

// dice_spin_frame_4 36x36
const uint16_t dice_spin_frame_4_w = 36;
const uint16_t dice_spin_frame_4_h = 36;
const unsigned short dice_spin_frame_4[1296] PROGMEM = {
  0x1904, 0x1904, 0x1904, 0x1904, 0x1904, 0x1904, 0x1904, 0x1904, 0x1904, 0x1904, 0x1904, 0x1904,
  0x1904, 0x1904, 0x1904, 0x1904, 0x1904, 0x1904, 0x1904, 0x1904, 0x1904, 0x1904, 0x1904, 0x1904,
  0x1904, 0x1904, 0x1904, 0x1904, 0x1904, 0x1904, 0x1904, 0x1904, 0x1904, 0x1904, 0x1904, 0x1904,
  0x1904, 0x1904, 0x1904, 0x1904, 0x1904, 0x1904, 0x1904, 0x1904, 0x1904, 0x1904, 0x1904, 0x1904,
  0x1904, 0x1904, 0x1904, 0x1904, 0x1904, 0x1904, 0x1904, 0x1904, 0x1904, 0x1904, 0x1904, 0x1904,
  0x1904, 0x1904, 0x1904, 0x1904, 0x1904, 0x1904, 0x1904, 0x1904, 0x1904, 0x1904, 0x1904, 0x1904,
  0x1904, 0x1904, 0x1904, 0x1904, 0x1904, 0x1904, 0x1904, 0x1904, 0x1904, 0x1904, 0x1904, 0x1904,
  0x1904, 0x1904, 0x1904, 0x1904, 0x1904, 0x1904, 0x1904, 0x1904, 0x1904, 0x1904, 0x1904, 0x1904,
  0x1904, 0x1904, 0x1904, 0x1904, 0x1904, 0x1904, 0x1904, 0x1904, 0x1904, 0x1904, 0x1904, 0x1904,
  0x1904, 0x1904, 0x1904, 0x1904, 0x1904, 0x1904, 0x1904, 0x1904, 0x1904, 0x1904, 0x1904, 0x1904,
  0x1904, 0x1904, 0x1904, 0x1904, 0x1904, 0x1904, 0x1904, 0x1904, 0x1904, 0x1904, 0x1904, 0x1904,
  0x1904, 0x1904, 0x1904, 0x1904, 0x1904, 0x1904, 0x1904, 0x1904, 0x1904, 0x1904, 0x1904, 0x1904,
  0x1904, 0x1904, 0x1904, 0x1904, 0x1904, 0x1904, 0x1904, 0x1904, 0x1904, 0x1904, 0x1904, 0x1904,
  0x1904, 0x1904, 0x1904, 0x1904, 0x1904, 0x1904, 0x1904, 0x1904, 0x1904, 0x1904, 0x1904, 0x1904,
  0x1904, 0x1904, 0x1904, 0x1904, 0x1904, 0x1904, 0x1904, 0x1904, 0x1904, 0x1904, 0x1904, 0x1904,
  0x1904, 0x1904, 0x1904, 0x1904, 0x1904, 0x1904, 0x1904, 0x1904, 0x1904, 0x1904, 0x1904, 0x1904,
  0x1904, 0x1904, 0x1904, 0x1904, 0x1904, 0x1904, 0x1904, 0x1904, 0x1904, 0x1904, 0x1904, 0x1904,
  0x1904, 0x1904, 0x1904, 0x1904, 0x1904, 0x1904, 0x1904, 0x1904, 0x1904, 0x1904, 0x1904, 0x1904,
  0x1904, 0x1904, 0x1904, 0x1904, 0x1904, 0x1904, 0x1904, 0x1904, 0x1904, 0x1904, 0x1904, 0x1904,
  0x1904, 0x1904, 0x1904, 0x1904, 0x1904, 0x1904, 0x1904, 0x1904, 0x1904, 0x1904, 0x1904, 0x1904,
  0x1904, 0x1904, 0x1904, 0x1904, 0x1904, 0x1904, 0x1904, 0x1904, 0x1904, 0x1904, 0x1904, 0x1904,
  0x1904, 0x1904, 0x1904, 0x1904, 0x1904, 0x1904, 0x1904, 0x1904, 0x1904, 0x1904, 0x1904, 0x1904,
  0x1904, 0x1904, 0x1904, 0x1904, 0x1904, 0x1904, 0x1904, 0x1904, 0x1904, 0x1904, 0x1904, 0x1904,
  0x1904, 0x1904, 0x1904, 0x1904, 0x1904, 0x1904, 0x1904, 0x1904, 0x1904, 0x1904, 0x1904, 0x1904,
  0x1904, 0x1904, 0x1904, 0x1904, 0x1904, 0x1904, 0x1904, 0x1904, 0x1904, 0x1904, 0x1904, 0x1904,
  0x1904, 0x1904, 0x1904, 0x1904, 0x1904, 0x1904, 0x1904, 0x1903, 0x10E3, 0x1904, 0x1904, 0x1904,
  0x1904, 0x1904, 0x1904, 0x1904, 0x1904, 0x1904, 0x1904, 0x1904, 0x1904, 0x1904, 0x1904, 0x1904,
  0x1904, 0x1904, 0x1904, 0x1904, 0x1904, 0x1904, 0x1904, 0x1904, 0x1904, 0x1904, 0x1904, 0x1904,
  0x1904, 0x1904, 0x1904, 0x1904, 0x1904, 0x2103, 0x28E1, 0x30C0, 0x4962, 0x4142, 0x3901, 0x20E2,
  0x2104, 0x1904, 0x1904, 0x1904, 0x1904, 0x1904, 0x1904, 0x1904, 0x1904, 0x1904, 0x1904, 0x1904,
  0x1904, 0x1904, 0x1904, 0x1904, 0x1904, 0x1904, 0x1904, 0x1904, 0x1904, 0x1904, 0x1904, 0x1904,
  0x1904, 0x1904, 0x1904, 0x2104, 0x28E2, 0x30C0, 0x69E2, 0x9B26, 0xD4ED, 0xCCCC, 0xA347, 0x5961,
  0x5162, 0x3102, 0x2103, 0x1904, 0x1904, 0x1904, 0x1904, 0x1904, 0x1904, 0x1904, 0x1904, 0x1904,
  0x1904, 0x1904, 0x1904, 0x1904, 0x1904, 0x1904, 0x1904, 0x1904, 0x1904, 0x1904, 0x1904, 0x1904,
  0x1904, 0x1904, 0x2903, 0x30A0, 0x5962, 0x8284, 0xCCCD, 0xEE33, 0xFEF5, 0xFF15, 0xFEF5, 0xD50D,
  0xA326, 0x5100, 0x4921, 0x2923, 0x1903, 0x1904, 0x1904, 0x1904, 0x1904, 0x1904, 0x1904, 0x1904,
  0x1904, 0x1904, 0x1904, 0x1904, 0x1904, 0x1904, 0x1904, 0x1904, 0x1904, 0x1904, 0x1904, 0x1904,
  0x1904, 0x1881, 0x4920, 0x82C6, 0xB44C, 0xEE54, 0xFF38, 0xFF59, 0xFE95, 0xFE95, 0xFE95, 0xFF57,
  0xFED4, 0xDCEC, 0x9AE5, 0x5120, 0x28C1, 0x2104, 0x1904, 0x1904, 0x1904, 0x1904, 0x1904, 0x1904,
  0x1904, 0x1904, 0x1904, 0x1904, 0x1904, 0x1904, 0x1904, 0x1904, 0x1904, 0x1904, 0x1904, 0x1904,
  0x18E3, 0x51A3, 0x9B89, 0xE5F3, 0xF696, 0xEE55, 0xFF59, 0xFF19, 0xFEF8, 0xFEF7, 0xFED7, 0xEE53,
  0xDD4D, 0xEDB0, 0xF673, 0xC48B, 0x7224, 0x3102, 0x1904, 0x1904, 0x1904, 0x1904, 0x1904, 0x1904,
  0x1904, 0x1904, 0x1904, 0x1904, 0x1904, 0x1904, 0x1904, 0x1904, 0x1904, 0x1904, 0x1904, 0x18E3,
  0x30E1, 0x9B89, 0xFF7A, 0xFFFD, 0xBBE9, 0xA2A3, 0xE614, 0xFF5A, 0xFF39, 0xFF39, 0xFF19, 0xEE13,
  0xAAE4, 0xBBA7, 0xFF15, 0xF5CF, 0x92C5, 0x4962, 0x2103, 0x1904, 0x1904, 0x1904, 0x1904, 0x1904,
  0x1904, 0x1904, 0x1904, 0x1904, 0x1904, 0x1904, 0x1904, 0x1904, 0x1904, 0x1904, 0x1904, 0x3123,
  0x6A04, 0x9B06, 0xBC6C, 0xE635, 0xF739, 0xFFDC, 0xF75A, 0xFF7B, 0xFF5B, 0xFF5A, 0xFF7B, 0xFF7A,
  0xFED6, 0xFED6, 0xD4AB, 0xAB25, 0xCC4A, 0x8AC6, 0x28E1, 0x1904, 0x1904, 0x1904, 0x1904, 0x1904,
  0x1904, 0x1904, 0x1904, 0x1904, 0x1904, 0x1904, 0x1904, 0x1904, 0x1904, 0x1904, 0x1904, 0x28E1,
  0xA40C, 0xF739, 0xCD0F, 0xAB46, 0xC42B, 0xEEB7, 0xFFFE, 0xFFFE, 0xFF7C, 0xFF5B, 0xFFDD, 0xFF7B,
  0xD54F, 0xB366, 0xD4AB, 0xEDD0, 0xFEB3, 0x9B47, 0x3921, 0x1903, 0x1904, 0x1904, 0x1904, 0x1904,
  0x1904, 0x1904, 0x1904, 0x1904, 0x1904, 0x1904, 0x1904, 0x1904, 0x1904, 0x1904, 0x1903, 0x4121,
  0x9B89, 0xFF7B, 0xFF3A, 0xEE96, 0xCCEF, 0xAB25, 0xC46C, 0xFFDD, 0xFFFE, 0xFFFF, 0xEE55, 0xCC4A,
  0xBBE8, 0xE590, 0xF633, 0xD4CC, 0xFEF5, 0xABC8, 0x3900, 0x2103, 0x1904, 0x1904, 0x1904, 0x1904,
  0x1904, 0x1904, 0x1904, 0x1904, 0x1904, 0x1904, 0x1904, 0x1904, 0x1904, 0x1904, 0x2123, 0x38C0,
  0xAC2C, 0xEE55, 0x9A63, 0xEE77, 0xFFFF, 0xEED8, 0xC42A, 0xBBC8, 0xC44A, 0xC44B, 0xC3E8, 0xDD4F,
  0xF6F8, 0xFF7A, 0xD50E, 0xAAE3, 0xF5F0, 0xA367, 0x4121, 0x2103, 0x1904, 0x1904, 0x1904, 0x1904,
  0x1904, 0x1904, 0x1904, 0x1904, 0x1904, 0x1904, 0x1904, 0x1904, 0x1904, 0x1904, 0x2123, 0x5162,
  0xA3A9, 0xFFDD, 0xC48D, 0xE615, 0xFFDD, 0xFFFE, 0xF73A, 0xEEB7, 0xAAC3, 0xBB65, 0xF6F8, 0xFF7B,
  0xFF9C, 0xFF7B, 0xDD90, 0xD4CC, 0xFF36, 0xA347, 0x4101, 0x2104, 0x1904, 0x1904, 0x1904, 0x1904,
  0x1904, 0x1904, 0x1904, 0x1904, 0x1904, 0x1904, 0x1904, 0x1904, 0x1904, 0x1904, 0x1904, 0x40C0,
  0xA3AA, 0xFFFF, 0xFF5A, 0xFFFE, 0xFFBD, 0xD4EE, 0xC40A, 0xFF9C, 0xCC8C, 0xD52F, 0xFFFF, 0xFFDE,
  0xFFBC, 0xEE34, 0xFED6, 0xFF79, 0xFE93, 0x92C6, 0x3901, 0x1903, 0x1904, 0x1904, 0x1904, 0x1904,
  0x1904, 0x1904, 0x1904, 0x1904, 0x1904, 0x1904, 0x1904, 0x1904, 0x1904, 0x1904, 0x2103, 0x4942,
  0x9308, 0xFF7A, 0xFF3A, 0xFF7B, 0xFFFF, 0xE614, 0xBC09, 0xF73A, 0xC42A, 0xE614, 0xFFFE, 0xFF5A,
  0xD52F, 0xAAE3, 0xF674, 0xFE74, 0xFEF5, 0x9B06, 0x4101, 0x1904, 0x1904, 0x1904, 0x1904, 0x1904,
  0x1904, 0x1904, 0x1904, 0x1904, 0x1904, 0x1904, 0x1904, 0x1904, 0x1904, 0x1904, 0x2104, 0x38C0,
  0xA389, 0xF6D7, 0xA326, 0xEE96, 0xFF9C, 0xFFFE, 0xF719, 0xFFFF, 0xC44B, 0xDDD3, 0xFFFF, 0xFF9B,
  0xD54F, 0xCC4A, 0xF674, 0xFE93, 0xFE92, 0x8A84, 0x3902, 0x1903, 0x1904, 0x1904, 0x1904, 0x1904,
  0x1904, 0x1904, 0x1904, 0x1904, 0x1904, 0x1904, 0x1904, 0x1904, 0x1904, 0x1904, 0x1904, 0x4142,
  0x9B8A, 0xFF7A, 0xAB67, 0xD571, 0xFF9C, 0xFFDD, 0xFF9C, 0xFFDE, 0xB387, 0xDDD3, 0xFFFF, 0xFF7B,
  0xF6D8, 0xFF59, 0xFF78, 0xFE94, 0xFE72, 0x7244, 0x20E2, 0x1904, 0x1904, 0x1904, 0x1904, 0x1904,
  0x1904, 0x1904, 0x1904, 0x1904, 0x1904, 0x1904, 0x1904, 0x1904, 0x1904, 0x1904, 0x1904, 0x1882,
  0x6A24, 0xD592, 0xF719, 0xFF9C, 0xFF7C, 0xE5F3, 0xCCAD, 0xFFBC, 0xBC2B, 0xD572, 0xE698, 0xAB47,
  0xEE75, 0xFF7A, 0xFE95, 0xF5F1, 0xA368, 0x4142, 0x2103, 0x1904, 0x1904, 0x1904, 0x1904, 0x1904,
  0x1904, 0x1904, 0x1904, 0x1904, 0x1904, 0x1904, 0x1904, 0x1904, 0x1904, 0x1904, 0x1904, 0x1903,
  0x3102, 0x5121, 0x8AC6, 0xDDF4, 0xFFFD, 0xE655, 0xA2C4, 0xF6D8, 0xAB47, 0xE5D3, 0xDDB2, 0xBBA8,
  0xF6D7, 0xFE95, 0xC44B, 0x8A85, 0x38C0, 0x28E2, 0x1904, 0x1904, 0x1904, 0x1904, 0x1904, 0x1904,
  0x1904, 0x1904, 0x1904, 0x1904, 0x1904, 0x1904, 0x1904, 0x1904, 0x1904, 0x1904, 0x1904, 0x1904,
  0x2124, 0x30E2, 0x4941, 0x69C2, 0x9B89, 0xF719, 0xEE76, 0xFFFE, 0xBBEA, 0xE614, 0xF739, 0xEE13,
  0xD571, 0x9307, 0x5120, 0x38E1, 0x2923, 0x1904, 0x1904, 0x1904, 0x1904, 0x1904, 0x1904, 0x1904,
  0x1904, 0x1904, 0x1904, 0x1904, 0x1904, 0x1904, 0x1904, 0x1904, 0x1904, 0x1904, 0x1904, 0x1904,
  0x1904, 0x18E3, 0x2124, 0x30E1, 0x5120, 0x8285, 0xB4AE, 0xF75A, 0xAB68, 0xE614, 0xE655, 0xA3CA,
  0x6161, 0x38C0, 0x3123, 0x3123, 0x1904, 0x1904, 0x1904, 0x1904, 0x1904, 0x1904, 0x1904, 0x1904,
  0x1904, 0x1904, 0x1904, 0x1904, 0x1904, 0x1904, 0x1904, 0x1904, 0x1904, 0x1904, 0x1904, 0x1904,
  0x1904, 0x1904, 0x1904, 0x1903, 0x2923, 0x3902, 0x40E0, 0x6A25, 0x69C3, 0x82E7, 0x7A44, 0x38A0,
  0x3902, 0x3123, 0x1904, 0x1904, 0x1904, 0x1904, 0x1904, 0x1904, 0x1904, 0x1904, 0x1904, 0x1904,
  0x1904, 0x1904, 0x1904, 0x1904, 0x1904, 0x1904, 0x1904, 0x1904, 0x1904, 0x1904, 0x1904, 0x1904,
  0x1904, 0x1904, 0x1904, 0x1904, 0x1904, 0x1904, 0x2103, 0x2903, 0x20C2, 0x2923, 0x28E1, 0x2923,
  0x1904, 0x1904, 0x1904, 0x1904, 0x1904, 0x1904, 0x1904, 0x1904, 0x1904, 0x1904, 0x1904, 0x1904,
  0x1904, 0x1904, 0x1904, 0x1904, 0x1904, 0x1904, 0x1904, 0x1904, 0x1904, 0x1904, 0x1904, 0x1904,
  0x1904, 0x1904, 0x1904, 0x1904, 0x1904, 0x1904, 0x1904, 0x1904, 0x1904, 0x1903, 0x1904, 0x1904,
  0x1904, 0x1904, 0x1904, 0x1904, 0x1904, 0x1904, 0x1904, 0x1904, 0x1904, 0x1904, 0x1904, 0x1904,
  0x1904, 0x1904, 0x1904, 0x1904, 0x1904, 0x1904, 0x1904, 0x1904, 0x1904, 0x1904, 0x1904, 0x1904,
  0x1904, 0x1904, 0x1904, 0x1904, 0x1904, 0x1904, 0x1904, 0x1904, 0x1904, 0x1904, 0x1904, 0x1904,
  0x1904, 0x1904, 0x1904, 0x1904, 0x1904, 0x1904, 0x1904, 0x1904, 0x1904, 0x1904, 0x1904, 0x1904,
  0x1904, 0x1904, 0x1904, 0x1904, 0x1904, 0x1904, 0x1904, 0x1904, 0x1904, 0x1904, 0x1904, 0x1904,
  0x1904, 0x1904, 0x1904, 0x1904, 0x1904, 0x1904, 0x1904, 0x1904, 0x1904, 0x1904, 0x1904, 0x1904,
  0x1904, 0x1904, 0x1904, 0x1904, 0x1904, 0x1904, 0x1904, 0x1904, 0x1904, 0x1904, 0x1904, 0x1904,
  0x1904, 0x1904, 0x1904, 0x1904, 0x1904, 0x1904, 0x1904, 0x1904, 0x1904, 0x1904, 0x1904, 0x1904,
  0x1904, 0x1904, 0x1904, 0x1904, 0x1904, 0x1904, 0x1904, 0x1904, 0x1904, 0x1904, 0x1904, 0x1904,
  0x1904, 0x1904, 0x1904, 0x1904, 0x1904, 0x1904, 0x1904, 0x1904, 0x1904, 0x1904, 0x1904, 0x1904,
  0x1904, 0x1904, 0x1904, 0x1904, 0x1904, 0x1904, 0x1904, 0x1904, 0x1904, 0x1904, 0x1904, 0x1904,
  0x1904, 0x1904, 0x1904, 0x1904, 0x1904, 0x1904, 0x1904, 0x1904, 0x1904, 0x1904, 0x1904, 0x1904,
  0x1904, 0x1904, 0x1904, 0x1904, 0x1904, 0x1904, 0x1904, 0x1904, 0x1904, 0x1904, 0x1904, 0x1904,
  0x1904, 0x1904, 0x1904, 0x1904, 0x1904, 0x1904, 0x1904, 0x1904, 0x1904, 0x1904, 0x1904, 0x1904,
  0x1904, 0x1904, 0x1904, 0x1904, 0x1904, 0x1904, 0x1904, 0x1904, 0x1904, 0x1904, 0x1904, 0x1904,
  0x1904, 0x1904, 0x1904, 0x1904, 0x1904, 0x1904, 0x1904, 0x1904, 0x1904, 0x1904, 0x1904, 0x1904,
};

// dice_spin_frame_5 36x36
const uint16_t dice_spin_frame_5_w = 36;
const uint16_t dice_spin_frame_5_h = 36;
const unsigned short dice_spin_frame_5[1296] PROGMEM = {
  0x1904, 0x1904, 0x1904, 0x1904, 0x1904, 0x1904, 0x1904, 0x1904, 0x1904, 0x1904, 0x1904, 0x1904,
  0x1904, 0x1904, 0x1904, 0x1904, 0x1904, 0x1904, 0x1904, 0x1904, 0x1904, 0x1904, 0x1904, 0x1904,
  0x1904, 0x1904, 0x1904, 0x1904, 0x1904, 0x1904, 0x1904, 0x1904, 0x1904, 0x1904, 0x1904, 0x1904,
  0x1904, 0x1904, 0x1904, 0x1904, 0x1904, 0x1904, 0x1904, 0x1904, 0x1904, 0x1904, 0x1904, 0x1904,
  0x1904, 0x1904, 0x1904, 0x1904, 0x1904, 0x1904, 0x1904, 0x1904, 0x1904, 0x1904, 0x1904, 0x1904,
  0x1904, 0x1904, 0x1904, 0x1904, 0x1904, 0x1904, 0x1904, 0x1904, 0x1904, 0x1904, 0x1904, 0x1904,
  0x1904, 0x1904, 0x1904, 0x1904, 0x1904, 0x1904, 0x1904, 0x1904, 0x1904, 0x1904, 0x1904, 0x1904,
  0x1904, 0x1904, 0x1904, 0x1904, 0x1904, 0x1904, 0x1904, 0x1904, 0x1904, 0x1904, 0x1904, 0x1904,
  0x1904, 0x1904, 0x1904, 0x1904, 0x1904, 0x1904, 0x1904, 0x1904, 0x1904, 0x1904, 0x1904, 0x1904,
  0x1904, 0x1904, 0x1904, 0x1904, 0x1904, 0x1904, 0x1904, 0x1904, 0x1904, 0x1904, 0x1904, 0x1904,
  0x1904, 0x1904, 0x1904, 0x1904, 0x1904, 0x1904, 0x1904, 0x1904, 0x1904, 0x1904, 0x1904, 0x1904,
  0x1904, 0x1904, 0x1904, 0x1904, 0x1904, 0x1904, 0x1904, 0x1904, 0x1904, 0x1904, 0x1904, 0x1904,
  0x1904, 0x1904, 0x1904, 0x1904, 0x1904, 0x1904, 0x1904, 0x1904, 0x1904, 0x1904, 0x1904, 0x1904,
  0x1904, 0x1904, 0x1904, 0x1904, 0x1904, 0x1904, 0x1904, 0x1904, 0x1904, 0x1904, 0x1904, 0x1904,
  0x1904, 0x1904, 0x1904, 0x1904, 0x1904, 0x1904, 0x1904, 0x1904, 0x1904, 0x1904, 0x1904, 0x1904,
  0x1904, 0x1904, 0x1904, 0x1904, 0x1904, 0x1904, 0x1904, 0x1904, 0x1904, 0x1904, 0x1904, 0x1904,
  0x1904, 0x1904, 0x1904, 0x1904, 0x1904, 0x1904, 0x1904, 0x1904, 0x1904, 0x1904, 0x1904, 0x1904,
  0x1904, 0x1904, 0x1904, 0x1904, 0x1904, 0x1904, 0x1904, 0x1904, 0x1904, 0x1904, 0x1904, 0x1904,
  0x1904, 0x1904, 0x1904, 0x1904, 0x1904, 0x1904, 0x1904, 0x1904, 0x1904, 0x1904, 0x1904, 0x1904,
  0x1904, 0x1904, 0x1904, 0x1904, 0x1904, 0x1904, 0x1904, 0x1904, 0x1904, 0x1904, 0x1904, 0x1904,
  0x1904, 0x1904, 0x1904, 0x1904, 0x1904, 0x1904, 0x1904, 0x1904, 0x1904, 0x1904, 0x1904, 0x1904,
  0x1904, 0x1904, 0x1904, 0x1904, 0x1904, 0x1904, 0x1904, 0x1904, 0x1904, 0x1904, 0x1904, 0x1904,
  0x1904, 0x1904, 0x1904, 0x1904, 0x1904, 0x1904, 0x2103, 0x2124, 0x2903, 0x2923, 0x2903, 0x2103,
  0x2103, 0x1903, 0x1904, 0x1904, 0x1904, 0x1904, 0x1904, 0x1904, 0x1904, 0x1904, 0x1904, 0x1904,
  0x1904, 0x1904, 0x1904, 0x1904, 0x1904, 0x1904, 0x1904, 0x1904, 0x1904, 0x1904, 0x1904, 0x1904,
  0x1904, 0x1904, 0x1904, 0x10E3, 0x20E2, 0x3901, 0x5141, 0x5141, 0x5161, 0x5920, 0x5960, 0x5120,
  0x5161, 0x30E1, 0x2903, 0x18E3, 0x1904, 0x1904, 0x1904, 0x1904, 0x1904, 0x1904, 0x1904, 0x1904,
  0x1904, 0x1904, 0x1904, 0x1904, 0x1904, 0x1904, 0x1904, 0x1904, 0x1904, 0x1904, 0x1904, 0x1904,
  0x1904, 0x1904, 0x2102, 0x3921, 0x7265, 0xB3EA, 0xC46B, 0xCCAB, 0xD4CC, 0xDCED, 0xDD4E, 0xD52E,
  0xCCCC, 0x8264, 0x5162, 0x28E2, 0x1904, 0x1904, 0x1904, 0x1904, 0x1904, 0x1904, 0x1904, 0x1904,
  0x1904, 0x1904, 0x1904, 0x1904, 0x1904, 0x1904, 0x1904, 0x1904, 0x1904, 0x1904, 0x1904, 0x1904,
  0x1904, 0x2103, 0x30C0, 0x8A85, 0xE58F, 0xFF76, 0xFEB4, 0xFF16, 0xFF16, 0xFE52, 0xDD2D, 0xFF36,
  0xDD0C, 0xB346, 0xBC4A, 0x69E3, 0x3122, 0x1903, 0x1904, 0x1904, 0x1904, 0x1904, 0x1904, 0x1904,
  0x1904, 0x1904, 0x1904, 0x1904, 0x1904, 0x1904, 0x1904, 0x1904, 0x1904, 0x1904, 0x1904, 0x1904,
  0x1904, 0x28E1, 0x69C2, 0xC4AC, 0xFEB5, 0xFE94, 0xFE95, 0xFED6, 0xEE53, 0xB346, 0xAB04, 0xFE94,
  0xBBA7, 0xD4EC, 0xFED3, 0xABA8, 0x40C0, 0x2923, 0x1904, 0x1904, 0x1904, 0x1904, 0x1904, 0x1904,
  0x1904, 0x1904, 0x1904, 0x1904, 0x1904, 0x1904, 0x1904, 0x1904, 0x1904, 0x1904, 0x1904, 0x1904,
  0x2123, 0x30C0, 0x8AE5, 0xEE33, 0xFF59, 0xFEB7, 0xFEF7, 0xFEF8, 0xFEF8, 0xEE54, 0xF6D6, 0xDD4F,
  0xCC6A, 0xEE12, 0xEE31, 0xEDF1, 0x8244, 0x4142, 0x2104, 0x1904, 0x1904, 0x1904, 0x1904, 0x1904,
  0x1904, 0x1904, 0x1904, 0x1904, 0x1904, 0x1904, 0x1904, 0x1904, 0x1904, 0x1904, 0x1904, 0x1904,
  0x30A0, 0x7203, 0xD570, 0xFF9A, 0xFF39, 0xFF19, 0xFF39, 0xFF39, 0xFF7B, 0xFF7B, 0xF6B6, 0xB366,
  0xEDF2, 0xD50E, 0xB324, 0xF611, 0xB3C9, 0x40E0, 0x28E3, 0x1904, 0x1904, 0x1904, 0x1904, 0x1904,
  0x1904, 0x1904, 0x1904, 0x1904, 0x1904, 0x1904, 0x1904, 0x1904, 0x1904, 0x1904, 0x1904, 0x2903,
  0x4920, 0xABEB, 0xF6F8, 0xD52F, 0xE5F3, 0xFF5A, 0xFF5B, 0xFF5B, 0xFF5B, 0xFFFE, 0xD4AC, 0xCC6B,
  0xFF39, 0xE5F2, 0xB386, 0xFEB4, 0xFE52, 0x7A44, 0x4122, 0x1904, 0x1904, 0x1904, 0x1904, 0x1904,
  0x1904, 0x1904, 0x1904, 0x1904, 0x1904, 0x1904, 0x1904, 0x1904, 0x1904, 0x1904, 0x1924, 0x1861,
  0x7244, 0xE5F4, 0xE5D2, 0x9A62, 0xE5F3, 0xFF7B, 0xFF7B, 0xFF9C, 0xFFFE, 0xEE76, 0xC3E8, 0xF696,
  0xFF7B, 0xFF59, 0xF6B6, 0xFF78, 0xFEF5, 0xC44A, 0x5982, 0x2903, 0x1904, 0x1904, 0x1904, 0x1904,
  0x1904, 0x1904, 0x1904, 0x1904, 0x1904, 0x1904, 0x1904, 0x1904, 0x1904, 0x1904, 0x18E3, 0x3102,
  0xAC2C, 0xFFBB, 0xFFFD, 0xF6F8, 0xFFFF, 0xFFFE, 0xFFFE, 0xFFDD, 0xFFFE, 0xC409, 0xD52F, 0xFF7B,
  0xFFFE, 0xF696, 0xE5D1, 0xFED5, 0xFE53, 0xFE51, 0x7A24, 0x20E2, 0x1904, 0x1904, 0x1904, 0x1904,
  0x1904, 0x1904, 0x1904, 0x1904, 0x1904, 0x1904, 0x1904, 0x1904, 0x1904, 0x1904, 0x1904, 0x3102,
  0x9B48, 0xCCEF, 0xB3C9, 0xC46C, 0xB3A8, 0xC42A, 0xBBA8, 0xC42A, 0xAAC3, 0xA260, 0xFF59, 0xFFDD,
  0xFFBD, 0xC48C, 0xB324, 0xF653, 0xFEB4, 0xFED4, 0x9B48, 0x3922, 0x1903, 0x1904, 0x1904, 0x1904,
  0x1904, 0x1904, 0x1904, 0x1904, 0x1904, 0x1904, 0x1904, 0x1904, 0x1904, 0x1904, 0x1903, 0x3922,
  0xA369, 0xC4EF, 0xCD0F, 0xD570, 0xDDF4, 0xDDB3, 0xE5F4, 0xE614, 0xE614, 0xB304, 0xE613, 0xFFFE,
  0xFF5A, 0xE634, 0xCC4A, 0xFF17, 0xFEF6, 0xFE52, 0x8AC6, 0x2081, 0x1904, 0x1904, 0x1904, 0x1904,
  0x1904, 0x1904, 0x1904, 0x1904, 0x1904, 0x1904, 0x1904, 0x1904, 0x1904, 0x1904, 0x1904, 0x3102,
  0xA40C, 0xFFFE, 0xF6D8, 0xE5F4, 0xFFDE, 0xFFFF, 0xFFFE, 0xE5F4, 0xF73A, 0xD550, 0xC44A, 0xFFDD,
  0xFFFE, 0xFFBC, 0xF6F8, 0xFF9A, 0xFE95, 0xC46B, 0x5121, 0x3123, 0x1904, 0x1904, 0x1904, 0x1904,
  0x1904, 0x1904, 0x1904, 0x1904, 0x1904, 0x1904, 0x1904, 0x1904, 0x1904, 0x1904, 0x1904, 0x2923,
  0x5141, 0xCD92, 0xD52F, 0x9242, 0xDDD3, 0xFFBD, 0xE635, 0xAAE4, 0xD570, 0xFF9C, 0xBBC8, 0xE5F4,
  0xFFFF, 0xE614, 0xD4EE, 0xFF7A, 0xF633, 0x8AA5, 0x38E1, 0x2903, 0x1904, 0x1904, 0x1904, 0x1904,
  0x1904, 0x1904, 0x1904, 0x1904, 0x1904, 0x1904, 0x1904, 0x1904, 0x1904, 0x1904, 0x1904, 0x2103,
  0x38C0, 0x9B48, 0xFF9B, 0xEED7, 0xF73A, 0xFFBC, 0xFFFF, 0xEEB8, 0xEE97, 0xFFFF, 0xD550, 0xAB26,
  0xF73B, 0xC4AE, 0xB387, 0xFEF6, 0xB40B, 0x48E0, 0x3123, 0x1904, 0x1904, 0x1904, 0x1904, 0x1904,
  0x1904, 0x1904, 0x1904, 0x1904, 0x1904, 0x1904, 0x1904, 0x1904, 0x1904, 0x1904, 0x1904, 0x1904,
  0x3943, 0x69A2, 0xBC8E, 0xFFFF, 0xFF7B, 0xFF7B, 0xFF9C, 0xFFFE, 0xFFDD, 0xFFBD, 0xFFFE, 0xBC2B,
  0xD551, 0xF718, 0xD50F, 0xE613, 0x7224, 0x3901, 0x1904, 0x1904, 0x1904, 0x1904, 0x1904, 0x1904,
  0x1904, 0x1904, 0x1904, 0x1904, 0x1904, 0x1904, 0x1904, 0x1904, 0x1904, 0x1904, 0x1904, 0x1904,
  0x2103, 0x38E0, 0x7A44, 0xE676, 0xE634, 0xAB88, 0xEE55, 0xFF9C, 0xF6F9, 0xC44B, 0xE5F3, 0xDD92,
  0xA2C5, 0xFF5A, 0xFF39, 0xA3CA, 0x3880, 0x3123, 0x1904, 0x1904, 0x1904, 0x1904, 0x1904, 0x1904,
  0x1904, 0x1904, 0x1904, 0x1904, 0x1904, 0x1904, 0x1904, 0x1904, 0x1904, 0x1904, 0x1904, 0x1904,
  0x1904, 0x2123, 0x5141, 0xABEB, 0xFF38, 0xB3A9, 0xD551, 0xFFDD, 0xFF5A, 0xBC4B, 0xBC0A, 0xFFFE,
  0xC48D, 0xCD30, 0xD5B3, 0x6182, 0x3922, 0x1904, 0x1904, 0x1904, 0x1904, 0x1904, 0x1904, 0x1904,
  0x1904, 0x1904, 0x1904, 0x1904, 0x1904, 0x1904, 0x1904, 0x1904, 0x1904, 0x1904, 0x1904, 0x1904,
  0x1904, 0x1904, 0x3922, 0x6182, 0xDDD3, 0xF739, 0xF718, 0xF719, 0xFF3A, 0xF75A, 0xEED8, 0xEF3A,
  0xDDB2, 0x7A03, 0x7245, 0x28A1, 0x2123, 0x1904, 0x1904, 0x1904, 0x1904, 0x1904, 0x1904, 0x1904,
  0x1904, 0x1904, 0x1904, 0x1904, 0x1904, 0x1904, 0x1904, 0x1904, 0x1904, 0x1904, 0x1904, 0x1904,
  0x1904, 0x1904, 0x2103, 0x28A1, 0x61C3, 0x69C3, 0x7A04, 0x69A2, 0x8265, 0x71E2, 0x8285, 0x5981,
  0x59C4, 0x2080, 0x2923, 0x1903, 0x1904, 0x1904, 0x1904, 0x1904, 0x1904, 0x1904, 0x1904, 0x1904,
  0x1904, 0x1904, 0x1904, 0x1904, 0x1904, 0x1904, 0x1904, 0x1904, 0x1904, 0x1904, 0x1904, 0x1904,
  0x1904, 0x1904, 0x1904, 0x1904, 0x18A2, 0x3923, 0x30E1, 0x3923, 0x30E1, 0x3942, 0x3102, 0x3123,
  0x2103, 0x1903, 0x1904, 0x1904, 0x1904, 0x1904, 0x1904, 0x1904, 0x1904, 0x1904, 0x1904, 0x1904,
  0x1904, 0x1904, 0x1904, 0x1904, 0x1904, 0x1904, 0x1904, 0x1904, 0x1904, 0x1904, 0x1904, 0x1904,
  0x1904, 0x1904, 0x1904, 0x1904, 0x1904, 0x1904, 0x1904, 0x1904, 0x1904, 0x1904, 0x1904, 0x1904,
  0x1904, 0x1904, 0x1904, 0x1904, 0x1904, 0x1904, 0x1904, 0x1904, 0x1904, 0x1904, 0x1904, 0x1904,
  0x1904, 0x1904, 0x1904, 0x1904, 0x1904, 0x1904, 0x1904, 0x1904, 0x1904, 0x1904, 0x1904, 0x1904,
  0x1904, 0x1904, 0x1904, 0x1904, 0x1904, 0x1904, 0x1904, 0x1904, 0x1904, 0x1904, 0x1904, 0x1904,
  0x1904, 0x1904, 0x1904, 0x1904, 0x1904, 0x1904, 0x1904, 0x1904, 0x1904, 0x1904, 0x1904, 0x1904,
  0x1904, 0x1904, 0x1904, 0x1904, 0x1904, 0x1904, 0x1904, 0x1904, 0x1904, 0x1904, 0x1904, 0x1904,
  0x1904, 0x1904, 0x1904, 0x1904, 0x1904, 0x1904, 0x1904, 0x1904, 0x1904, 0x1904, 0x1904, 0x1904,
  0x1904, 0x1904, 0x1904, 0x1904, 0x1904, 0x1904, 0x1904, 0x1904, 0x1904, 0x1904, 0x1904, 0x1904,
  0x1904, 0x1904, 0x1904, 0x1904, 0x1904, 0x1904, 0x1904, 0x1904, 0x1904, 0x1904, 0x1904, 0x1904,
  0x1904, 0x1904, 0x1904, 0x1904, 0x1904, 0x1904, 0x1904, 0x1904, 0x1904, 0x1904, 0x1904, 0x1904,
  0x1904, 0x1904, 0x1904, 0x1904, 0x1904, 0x1904, 0x1904, 0x1904, 0x1904, 0x1904, 0x1904, 0x1904,
  0x1904, 0x1904, 0x1904, 0x1904, 0x1904, 0x1904, 0x1904, 0x1904, 0x1904, 0x1904, 0x1904, 0x1904,
  0x1904, 0x1904, 0x1904, 0x1904, 0x1904, 0x1904, 0x1904, 0x1904, 0x1904, 0x1904, 0x1904, 0x1904,
  0x1904, 0x1904, 0x1904, 0x1904, 0x1904, 0x1904, 0x1904, 0x1904, 0x1904, 0x1904, 0x1904, 0x1904,
  0x1904, 0x1904, 0x1904, 0x1904, 0x1904, 0x1904, 0x1904, 0x1904, 0x1904, 0x1904, 0x1904, 0x1904,
  0x1904, 0x1904, 0x1904, 0x1904, 0x1904, 0x1904, 0x1904, 0x1904, 0x1904, 0x1904, 0x1904, 0x1904,
  0x1904, 0x1904, 0x1904, 0x1904, 0x1904, 0x1904, 0x1904, 0x1904, 0x1904, 0x1904, 0x1904, 0x1904,
  0x1904, 0x1904, 0x1904, 0x1904, 0x1904, 0x1904, 0x1904, 0x1904, 0x1904, 0x1904, 0x1904, 0x1904,
  0x1904, 0x1904, 0x1904, 0x1904, 0x1904, 0x1904, 0x1904, 0x1904, 0x1904, 0x1904, 0x1904, 0x1904,
  0x1904, 0x1904, 0x1904, 0x1904, 0x1904, 0x1904, 0x1904, 0x1904, 0x1904, 0x1904, 0x1904, 0x1904,
  0x1904, 0x1904, 0x1904, 0x1904, 0x1904, 0x1904, 0x1904, 0x1904, 0x1904, 0x1904, 0x1904, 0x1904,
  0x1904, 0x1904, 0x1904, 0x1904, 0x1904, 0x1904, 0x1904, 0x1904, 0x1904, 0x1904, 0x1904, 0x1904,
  0x1904, 0x1904, 0x1904, 0x1904, 0x1904, 0x1904, 0x1904, 0x1904, 0x1904, 0x1904, 0x1904, 0x1904,
};

// dice_spin_frame_6 36x36
const uint16_t dice_spin_frame_6_w = 36;
const uint16_t dice_spin_frame_6_h = 36;
const unsigned short dice_spin_frame_6[1296] PROGMEM = {
  0x1904, 0x1904, 0x1904, 0x1904, 0x1904, 0x1904, 0x1904, 0x1904, 0x1904, 0x1904, 0x1904, 0x1904,
  0x1904, 0x1904, 0x1904, 0x1904, 0x1904, 0x1904, 0x1904, 0x1904, 0x1904, 0x1904, 0x1904, 0x1904,
  0x1904, 0x1904, 0x1904, 0x1904, 0x1904, 0x1904, 0x1904, 0x1904, 0x1904, 0x1904, 0x1904, 0x1904,
  0x1904, 0x1904, 0x1904, 0x1904, 0x1904, 0x1904, 0x1904, 0x1904, 0x1904, 0x1904, 0x1904, 0x1904,
  0x1904, 0x1904, 0x1904, 0x1904, 0x1904, 0x1904, 0x1904, 0x1904, 0x1904, 0x1904, 0x1904, 0x1904,
  0x1904, 0x1904, 0x1904, 0x1904, 0x1904, 0x1904, 0x1904, 0x1904, 0x1904, 0x1904, 0x1904, 0x1904,
  0x1904, 0x1904, 0x1904, 0x1904, 0x1904, 0x1904, 0x1904, 0x1904, 0x1904, 0x1904, 0x1904, 0x1904,
  0x1904, 0x1904, 0x1904, 0x1904, 0x1904, 0x1904, 0x1903, 0x2103, 0x2103, 0x2103, 0x2123, 0x2103,
  0x1903, 0x1904, 0x1904, 0x1904, 0x1904, 0x1904, 0x1904, 0x1904, 0x1904, 0x1904, 0x1904, 0x1904,
  0x1904, 0x1904, 0x1904, 0x1904, 0x1904, 0x1904, 0x1904, 0x1904, 0x1904, 0x1904, 0x1904, 0x1904,
  0x1904, 0x1904, 0x1904, 0x1904, 0x1903, 0x2923, 0x3943, 0x4122, 0x4142, 0x4962, 0x3922, 0x3963,
  0x3143, 0x2903, 0x1903, 0x1904, 0x1904, 0x1904, 0x1904, 0x1904, 0x1904, 0x1904, 0x1904, 0x1904,
  0x1904, 0x1904, 0x1904, 0x1904, 0x1904, 0x1904, 0x1904, 0x1904, 0x1904, 0x1904, 0x1904, 0x1904,
  0x1904, 0x1904, 0x1903, 0x2923, 0x4162, 0x5161, 0x5961, 0x92E6, 0xA326, 0x8243, 0xABC9, 0x7202,
  0x5981, 0x4982, 0x3943, 0x2903, 0x1903, 0x1904, 0x1904, 0x1904, 0x1904, 0x1904, 0x1904, 0x1904,
  0x1904, 0x1904, 0x1904, 0x1904, 0x1904, 0x1904, 0x1904, 0x1904, 0x1904, 0x1904, 0x1904, 0x1904,
  0x1904, 0x2103, 0x3143, 0x5162, 0x6181, 0x8243, 0xC46B, 0xFE93, 0xDCCC, 0xA2C4, 0xFEB3, 0xE58F,
  0xA347, 0x69C2, 0x5982, 0x4163, 0x2903, 0x1903, 0x1904, 0x1904, 0x1904, 0x1904, 0x1904, 0x1904,
  0x1904, 0x1904, 0x1904, 0x1904, 0x1904, 0x1904, 0x1904, 0x1904, 0x1904, 0x1904, 0x1904, 0x1903,
  0x2903, 0x4163, 0x5982, 0x71C2, 0xB3A8, 0xF631, 0xFEF4, 0xFED4, 0xDCEC, 0xAB04, 0xFE93, 0xFED4,
  0xFED4, 0xDD2E, 0x8A84, 0x6161, 0x4962, 0x3943, 0x2903, 0x1904, 0x1904, 0x1904, 0x1904, 0x1904,
  0x1904, 0x1904, 0x1904, 0x1904, 0x1904, 0x1904, 0x1904, 0x1904, 0x1904, 0x1904, 0x1904, 0x2923,
  0x4142, 0x6181, 0x9B06, 0xE56E, 0xFED4, 0xF611, 0xBB86, 0xF673, 0xE58F, 0xB345, 0xFF16, 0xCC6A,
  0xCC49, 0xFEB3, 0xFE52, 0xC44B, 0x7A23, 0x5981, 0x4142, 0x2103, 0x1904, 0x1904, 0x1904, 0x1904,
  0x1904, 0x1904, 0x1904, 0x1904, 0x1904, 0x1904, 0x1904, 0x1904, 0x1904, 0x1904, 0x2103, 0x4141,
  0x7A23, 0xCCAC, 0xFE73, 0xFE94, 0xFED5, 0xBBE8, 0x9200, 0xF694, 0xE570, 0xAB24, 0xFF37, 0xC429,
  0x9A00, 0xEDF1, 0xFEB5, 0xFED4, 0xEDD0, 0xA367, 0x5962, 0x3123, 0x2103, 0x1904, 0x1904, 0x1904,
  0x1904, 0x1904, 0x1904, 0x1904, 0x1904, 0x1904, 0x1904, 0x1904, 0x1904, 0x1904, 0x3102, 0x82A5,
  0xF5F1, 0xFEB4, 0xFE94, 0xFE95, 0xFEF7, 0xCCAC, 0xD4ED, 0xFF79, 0xDD4F, 0xAB04, 0xFF38, 0xF695,
  0xC409, 0xEE33, 0xFED6, 0xFE73, 0xFE73, 0xFE92, 0xC48C, 0x59A3, 0x3122, 0x1903, 0x1904, 0x1904,
  0x1904, 0x1904, 0x1904, 0x1904, 0x1904, 0x1904, 0x1904, 0x1904, 0x1903, 0x2923, 0x4921, 0xCCCC,
  0xFE93, 0xFE53, 0xFEB5, 0xFED6, 0xFEF8, 0xFF39, 0xFF39, 0xFF7A, 0xDD70, 0xB345, 0xFF39, 0xFF5A,
  0xFF39, 0xFF38, 0xFF17, 0xFEB5, 0xFE73, 0xFE52, 0xFE93, 0x8285, 0x3901, 0x2103, 0x1904, 0x1904,
  0x1904, 0x1904, 0x1904, 0x1904, 0x1904, 0x1904, 0x1904, 0x1904, 0x1903, 0x3943, 0x6181, 0xD52E,
  0xFEB5, 0xFE95, 0xFED6, 0xFEF7, 0xFF19, 0xFF39, 0xFF39, 0xFFBC, 0xE5B2, 0xBBA6, 0xFF7A, 0xFF3A,
  0xFF5A, 0xE5F2, 0xD4AB, 0xFED5, 0xFEB5, 0xFE73, 0xFE73, 0x9AE6, 0x4941, 0x2923, 0x1904, 0x1904,
  0x1904, 0x1904, 0x1904, 0x1904, 0x1904, 0x1904, 0x1904, 0x1904, 0x1903, 0x4143, 0x69A1, 0xDD4F,
  0xFEF7, 0xFED6, 0xFEF7, 0xFF18, 0xFF39, 0xFF5A, 0xFF5A, 0xFFDD, 0xE5D2, 0xBBA6, 0xFF9B, 0xFF5B,
  0xFF9B, 0xDD70, 0x91C0, 0xE54F, 0xFF17, 0xFEB5, 0xFEB5, 0x9B06, 0x5141, 0x3123, 0x1904, 0x1904,
  0x1904, 0x1904, 0x1904, 0x1904, 0x1904, 0x1904, 0x1904, 0x1904, 0x2103, 0x4142, 0x69A1, 0xDD4F,
  0xFF18, 0xFED7, 0xFF18, 0xFF3A, 0xFF5A, 0xFF7B, 0xFF7B, 0xFFDE, 0xE5D2, 0xBB66, 0xFF9B, 0xFF7B,
  0xFF7B, 0xFF39, 0xBBE8, 0xD50E, 0xFF38, 0xFEB6, 0xFEF6, 0x9B27, 0x5141, 0x3123, 0x1904, 0x1904,
  0x1904, 0x1904, 0x1904, 0x1904, 0x1904, 0x1904, 0x1904, 0x1904, 0x2103, 0x3942, 0x6181, 0xDD50,
  0xFF39, 0xFF39, 0xFF7A, 0xFF5B, 0xFF7B, 0xFF7C, 0xFF7B, 0xFFFE, 0xDDB1, 0xB324, 0xFFBB, 0xFF9C,
  0xFF7B, 0xFF9C, 0xFF5A, 0xFF39, 0xFF5A, 0xFF18, 0xFF17, 0x9B27, 0x5141, 0x3123, 0x1904, 0x1904,
  0x1904, 0x1904, 0x1904, 0x1904, 0x1904, 0x1904, 0x1904, 0x1904, 0x2103, 0x3943, 0x6181, 0xD571,
  0xFF9B, 0xDD50, 0xDD91, 0xFFBC, 0xFF7B, 0xFF9C, 0xFFFE, 0xFFBC, 0xC409, 0xAA60, 0xE613, 0xFFFE,
  0xFF9C, 0xFF7B, 0xFF7B, 0xF719, 0xCCCD, 0xF6B6, 0xFF58, 0x9B06, 0x5141, 0x3123, 0x1904, 0x1904,
  0x1904, 0x1904, 0x1904, 0x1904, 0x1904, 0x1904, 0x1904, 0x1904, 0x2103, 0x4143, 0x6181, 0xDDB2,
  0xF6D7, 0x9A21, 0xCC8C, 0xFFBC, 0xFF9C, 0xFFFE, 0xEE76, 0xBB66, 0xB2E3, 0xB345, 0xAAA2, 0xD4EE,
  0xFF7B, 0xFFDD, 0xFF9C, 0xF6F9, 0x9A62, 0xBC09, 0xFF59, 0x9307, 0x5141, 0x3123, 0x1904, 0x1904,
  0x1904, 0x1904, 0x1904, 0x1904, 0x1904, 0x1904, 0x1904, 0x1904, 0x2103, 0x4143, 0x69A1, 0xDDF3,
  0xEE75, 0xAB25, 0xF6D7, 0xFFFD, 0xF6F8, 0xC42A, 0xA2A3, 0xCCCD, 0xFF7B, 0xFFFD, 0xE655, 0xB387,
  0xB345, 0xDDD3, 0xFFBC, 0xFFFE, 0xC4AD, 0xB3A8, 0xFF59, 0x9307, 0x5141, 0x3123, 0x1904, 0x1904,
  0x1904, 0x1904, 0x1904, 0x1904, 0x1904, 0x1904, 0x1904, 0x1904, 0x1903, 0x3943, 0x6181, 0xD5B2,
  0xFF7B, 0xFF7B, 0xFF9B, 0xD52F, 0x9A83, 0xB388, 0xEED8, 0xFFFF, 0xEEB8, 0xE614, 0xFF7C, 0xFFDD,
  0xDD70, 0xA2A3, 0xB387, 0xEE76, 0xFFBC, 0xFF19, 0xFF5A, 0x9328, 0x5141, 0x3123, 0x1904, 0x1904,
  0x1904, 0x1904, 0x1904, 0x1904, 0x1904, 0x1904, 0x1904, 0x1904, 0x1904, 0x3123, 0x5141, 0xD5B2,
  0xFFFD, 0xE634, 0xAB46, 0xA2E5, 0xDDD2, 0xFFBC, 0xFFDE, 0xF73A, 0xB346, 0x9A00, 0xCCEE, 0xFFDE,
  0xFFDD, 0xF6F8, 0xBC2B, 0x9A62, 0xC44B, 0xFF39, 0xFFDD, 0x9348, 0x4921, 0x2923, 0x1904, 0x1904,
  0x1904, 0x1904, 0x1904, 0x1904, 0x1904, 0x1904, 0x1904, 0x1904, 0x1904, 0x2104, 0x3921, 0xB44C,
  0xB40B, 0x8A22, 0xC4AE, 0xFFBC, 0xFFFF, 0xFFFE, 0xFF9C, 0xFF9C, 0xF6F8, 0xEE76, 0xFF5B, 0xFF9C,
  0xFF9C, 0xFFDD, 0xFFFE, 0xEE76, 0xAB67, 0x9AA4, 0xCD31, 0x82A6, 0x4121, 0x2103, 0x1904, 0x1904,
  0x1904, 0x1904, 0x1904, 0x1904, 0x1904, 0x1904, 0x1904, 0x1904, 0x1904, 0x1903, 0x3123, 0x5961,
  0x9B48, 0xEE96, 0xFFBC, 0xDDB2, 0xBBC9, 0xCD0F, 0xFF7B, 0xFF9C, 0xFFBD, 0xFFDD, 0xFF9C, 0xFFBD,
  0xEE97, 0xBC0A, 0xBC0A, 0xF6F8, 0xFF9C, 0xD550, 0x71C2, 0x4942, 0x2923, 0x1903, 0x1904, 0x1904,
  0x1904, 0x1904, 0x1904, 0x1904, 0x1904, 0x1904, 0x1904, 0x1904, 0x1904, 0x1904, 0x2903, 0x4942,
  0xA3AB, 0xF6D8, 0xFFBC, 0xCD0F, 0x9A83, 0xBC2B, 0xFF7B, 0xFF7B, 0xFF9C, 0xFF9C, 0xFF7B, 0xFFBD,
  0xEE55, 0xAB46, 0xB388, 0xF6D8, 0xFF7B, 0xCD72, 0x61C4, 0x3123, 0x1903, 0x1904, 0x1904, 0x1904,
  0x1904, 0x1904, 0x1904, 0x1904, 0x1904, 0x1904, 0x1904, 0x1904, 0x1904, 0x1904, 0x1903, 0x3123,
  0x4942, 0x7204, 0xBCCF, 0xFF5A, 0xFFBB, 0xFF9B, 0xFF7B, 0xFF7B, 0xFF19, 0xF6B7, 0xFF5A, 0xFF5B,
  0xFF7B, 0xFFBC, 0xFFFD, 0xEE97, 0x9348, 0x5141, 0x3922, 0x2103, 0x1904, 0x1904, 0x1904, 0x1904,
  0x1904, 0x1904, 0x1904, 0x1904, 0x1904, 0x1904, 0x1904, 0x1904, 0x1904, 0x1904, 0x1904, 0x1903,
  0x2923, 0x4962, 0x5961, 0x8AC6, 0xD592, 0xFF7A, 0xFF9B, 0xF6F8, 0xA326, 0x89C0, 0xC4AE, 0xFF9B,
  0xFF9B, 0xF6D8, 0xAC2C, 0x7203, 0x5962, 0x4163, 0x2103, 0x1904, 0x1904, 0x1904, 0x1904, 0x1904,
  0x1904, 0x1904, 0x1904, 0x1904, 0x1904, 0x1904, 0x1904, 0x1904, 0x1904, 0x1904, 0x1904, 0x1904,
  0x1903, 0x3123, 0x4983, 0x5982, 0x71A1, 0x9B69, 0xE614, 0xFF79, 0xDDD2, 0xCD0F, 0xF6D8, 0xFF5A,
  0xC4EF, 0x8244, 0x5961, 0x5182, 0x3943, 0x2103, 0x1904, 0x1904, 0x1904, 0x1904, 0x1904, 0x1904,
  0x1904, 0x1904, 0x1904, 0x1904, 0x1904, 0x1904, 0x1904, 0x1904, 0x1904, 0x1904, 0x1904, 0x1904,
  0x1904, 0x1904, 0x2903, 0x3943, 0x5183, 0x5982, 0x69C2, 0xAC0B, 0xF6F8, 0xFFBC, 0xDDF4, 0x8AE7,
  0x6161, 0x5162, 0x4143, 0x2923, 0x1903, 0x1904, 0x1904, 0x1904, 0x1904, 0x1904, 0x1904, 0x1904,
  0x1904, 0x1904, 0x1904, 0x1904, 0x1904, 0x1904, 0x1904, 0x1904, 0x1904, 0x1904, 0x1904, 0x1904,
  0x1904, 0x1904, 0x1904, 0x1903, 0x2103, 0x3143, 0x4962, 0x5941, 0x7204, 0x82C6, 0x61A2, 0x5162,
  0x4163, 0x2923, 0x2103, 0x1904, 0x1904, 0x1904, 0x1904, 0x1904, 0x1904, 0x1904, 0x1904, 0x1904,
  0x1904, 0x1904, 0x1904, 0x1904, 0x1904, 0x1904, 0x1904, 0x1904, 0x1904, 0x1904, 0x1904, 0x1904,
  0x1904, 0x1904, 0x1904, 0x1904, 0x1904, 0x1903, 0x2923, 0x3943, 0x3922, 0x3102, 0x3923, 0x3123,
  0x2103, 0x1903, 0x1904, 0x1904, 0x1904, 0x1904, 0x1904, 0x1904, 0x1904, 0x1904, 0x1904, 0x1904,
  0x1904, 0x1904, 0x1904, 0x1904, 0x1904, 0x1904, 0x1904, 0x1904, 0x1904, 0x1904, 0x1904, 0x1904,
  0x1904, 0x1904, 0x1904, 0x1904, 0x1904, 0x1904, 0x1904, 0x1903, 0x1904, 0x1904, 0x1904, 0x1904,
  0x1904, 0x1904, 0x1904, 0x1904, 0x1904, 0x1904, 0x1904, 0x1904, 0x1904, 0x1904, 0x1904, 0x1904,
  0x1904, 0x1904, 0x1904, 0x1904, 0x1904, 0x1904, 0x1904, 0x1904, 0x1904, 0x1904, 0x1904, 0x1904,
  0x1904, 0x1904, 0x1904, 0x1904, 0x1904, 0x1904, 0x1904, 0x1904, 0x1904, 0x1904, 0x1904, 0x1904,
  0x1904, 0x1904, 0x1904, 0x1904, 0x1904, 0x1904, 0x1904, 0x1904, 0x1904, 0x1904, 0x1904, 0x1904,
  0x1904, 0x1904, 0x1904, 0x1904, 0x1904, 0x1904, 0x1904, 0x1904, 0x1904, 0x1904, 0x1904, 0x1904,
  0x1904, 0x1904, 0x1904, 0x1904, 0x1904, 0x1904, 0x1904, 0x1904, 0x1904, 0x1904, 0x1904, 0x1904,
  0x1904, 0x1904, 0x1904, 0x1904, 0x1904, 0x1904, 0x1904, 0x1904, 0x1904, 0x1904, 0x1904, 0x1904,
  0x1904, 0x1904, 0x1904, 0x1904, 0x1904, 0x1904, 0x1904, 0x1904, 0x1904, 0x1904, 0x1904, 0x1904,
  0x1904, 0x1904, 0x1904, 0x1904, 0x1904, 0x1904, 0x1904, 0x1904, 0x1904, 0x1904, 0x1904, 0x1904,
  0x1904, 0x1904, 0x1904, 0x1904, 0x1904, 0x1904, 0x1904, 0x1904, 0x1904, 0x1904, 0x1904, 0x1904,
  0x1904, 0x1904, 0x1904, 0x1904, 0x1904, 0x1904, 0x1904, 0x1904, 0x1904, 0x1904, 0x1904, 0x1904,
  0x1904, 0x1904, 0x1904, 0x1904, 0x1904, 0x1904, 0x1904, 0x1904, 0x1904, 0x1904, 0x1904, 0x1904,
  0x1904, 0x1904, 0x1904, 0x1904, 0x1904, 0x1904, 0x1904, 0x1904, 0x1904, 0x1904, 0x1904, 0x1904,
  0x1904, 0x1904, 0x1904, 0x1904, 0x1904, 0x1904, 0x1904, 0x1904, 0x1904, 0x1904, 0x1904, 0x1904,
  0x1904, 0x1904, 0x1904, 0x1904, 0x1904, 0x1904, 0x1904, 0x1904, 0x1904, 0x1904, 0x1904, 0x1904,
  0x1904, 0x1904, 0x1904, 0x1904, 0x1904, 0x1904, 0x1904, 0x1904, 0x1904, 0x1904, 0x1904, 0x1904,
  0x1904, 0x1904, 0x1904, 0x1904, 0x1904, 0x1904, 0x1904, 0x1904, 0x1904, 0x1904, 0x1904, 0x1904,
  0x1904, 0x1904, 0x1904, 0x1904, 0x1904, 0x1904, 0x1904, 0x1904, 0x1904, 0x1904, 0x1904, 0x1904,
  0x1904, 0x1904, 0x1904, 0x1904, 0x1904, 0x1904, 0x1904, 0x1904, 0x1904, 0x1904, 0x1904, 0x1904,
};

// dice_spin_frame_7 36x36
const uint16_t dice_spin_frame_7_w = 36;
const uint16_t dice_spin_frame_7_h = 36;
const unsigned short dice_spin_frame_7[1296] PROGMEM = {
  0x1904, 0x1904, 0x1904, 0x1904, 0x1904, 0x1904, 0x1904, 0x1904, 0x1904, 0x1904, 0x1904, 0x1904,
  0x1904, 0x1904, 0x1904, 0x1904, 0x1904, 0x1904, 0x1904, 0x1904, 0x1904, 0x1904, 0x1904, 0x1904,
  0x1904, 0x1904, 0x1904, 0x1904, 0x1904, 0x1904, 0x1904, 0x1904, 0x1904, 0x1904, 0x1904, 0x1904,
  0x1904, 0x1904, 0x1904, 0x1904, 0x1904, 0x1904, 0x1904, 0x1904, 0x1904, 0x1904, 0x1904, 0x1904,
  0x1904, 0x1904, 0x1904, 0x1904, 0x1904, 0x1904, 0x1904, 0x1904, 0x1904, 0x1904, 0x1904, 0x1904,
  0x1904, 0x1904, 0x1904, 0x1904, 0x1904, 0x1904, 0x1904, 0x1904, 0x1904, 0x1904, 0x1904, 0x1904,
  0x1904, 0x1904, 0x1904, 0x1904, 0x1904, 0x1904, 0x1904, 0x1904, 0x1904, 0x1904, 0x1904, 0x1904,
  0x1904, 0x1904, 0x1904, 0x1904, 0x1904, 0x1904, 0x1904, 0x1904, 0x1904, 0x1904, 0x1904, 0x1904,
  0x1904, 0x1904, 0x1904, 0x1904, 0x1904, 0x1904, 0x1904, 0x1904, 0x1904, 0x1904, 0x1904, 0x1904,
  0x1904, 0x1904, 0x1904, 0x1904, 0x1904, 0x1904, 0x1904, 0x1904, 0x1904, 0x1904, 0x1904, 0x1904,
  0x1904, 0x1904, 0x1904, 0x1904, 0x1904, 0x1904, 0x1904, 0x1904, 0x1904, 0x1904, 0x1904, 0x1904,
  0x1904, 0x1904, 0x1904, 0x1904, 0x1904, 0x1904, 0x1904, 0x1904, 0x1904, 0x1904, 0x1904, 0x1904,
  0x1904, 0x1904, 0x1904, 0x1904, 0x1904, 0x1904, 0x1904, 0x1904, 0x1904, 0x1904, 0x1904, 0x1904,
  0x1904, 0x1904, 0x1904, 0x1904, 0x1903, 0x2103, 0x2103, 0x2104, 0x1903, 0x1904, 0x1903, 0x1904,
  0x1904, 0x1904, 0x1904, 0x1904, 0x1904, 0x1904, 0x1904, 0x1904, 0x1904, 0x1904, 0x1904, 0x1904,
  0x1904, 0x1904, 0x1904, 0x1904, 0x1904, 0x1904, 0x1904, 0x1904, 0x1904, 0x1904, 0x1904, 0x1904,
  0x1904, 0x1904, 0x2103, 0x28E1, 0x3921, 0x3900, 0x4121, 0x4101, 0x3901, 0x4101, 0x3902, 0x20E2,
  0x2103, 0x1904, 0x1904, 0x1904, 0x1904, 0x1904, 0x1904, 0x1904, 0x1904, 0x1904, 0x1904, 0x1904,
  0x1904, 0x1904, 0x1904, 0x1904, 0x1904, 0x1904, 0x1904, 0x1904, 0x1904, 0x1904, 0x1904, 0x1904,
  0x2104, 0x3102, 0x4962, 0x8AC6, 0x9B47, 0xABC8, 0xA367, 0xA347, 0x92C6, 0x9B06, 0x8A84, 0x7244,
  0x4142, 0x28E2, 0x1904, 0x1904, 0x1904, 0x1904, 0x1904, 0x1904, 0x1904, 0x1904, 0x1904, 0x1904,
  0x1904, 0x1904, 0x1904, 0x1904, 0x1904, 0x1904, 0x1904, 0x1904, 0x1904, 0x1904, 0x1904, 0x1903,
  0x28C1, 0x7224, 0x92C5, 0xCC4A, 0xFEB3, 0xFEF5, 0xF5F0, 0xFF36, 0xFE93, 0xFEF5, 0xFE92, 0xFE72,
  0xA368, 0x38C0, 0x2923, 0x1904, 0x1904, 0x1904, 0x1904, 0x1904, 0x1904, 0x1904, 0x1904, 0x1904,
  0x1904, 0x1904, 0x1904, 0x1904, 0x1904, 0x1904, 0x1904, 0x1904, 0x1904, 0x1904, 0x1904, 0x2923,
  0x5120, 0xC48B, 0xF5CF, 0xAB25, 0xEDD0, 0xD4CC, 0xAAE3, 0xD4CC, 0xFF79, 0xFE74, 0xFE93, 0xFE94,
  0xF5F1, 0x8A85, 0x38E1, 0x3123, 0x1904, 0x1904, 0x1904, 0x1904, 0x1904, 0x1904, 0x1904, 0x1904,
  0x1904, 0x1904, 0x1904, 0x1904, 0x1904, 0x1904, 0x1904, 0x1904, 0x1904, 0x1904, 0x2103, 0x4921,
  0x9AE5, 0xF673, 0xFF15, 0xD4AB, 0xD4AB, 0xF633, 0xD50E, 0xDD90, 0xFED6, 0xF674, 0xF674, 0xFF78,
  0xFE95, 0xC44B, 0x5120, 0x3123, 0x1904, 0x1904, 0x1904, 0x1904, 0x1904, 0x1904, 0x1904, 0x1904,
  0x1904, 0x1904, 0x1904, 0x1904, 0x1904, 0x1904, 0x1904, 0x1904, 0x1904, 0x1904, 0x3102, 0x5100,
  0xDCEC, 0xEDB0, 0xBBA7, 0xFED6, 0xB366, 0xE590, 0xFF7A, 0xFF7B, 0xEE34, 0xAAE3, 0xCC4A, 0xFF59,
  0xFF7A, 0xFE95, 0x9307, 0x38C0, 0x3123, 0x1904, 0x1904, 0x1904, 0x1904, 0x1904, 0x1904, 0x1904,
  0x1904, 0x1904, 0x1904, 0x1904, 0x1904, 0x1904, 0x1904, 0x1904, 0x1904, 0x2104, 0x5162, 0xA326,
  0xFED4, 0xDD4D, 0xAAE4, 0xFED6, 0xD54F, 0xBBE8, 0xF6F8, 0xFF9C, 0xFFBC, 0xD52F, 0xD54F, 0xF6D8,
  0xEE75, 0xF6D7, 0xD571, 0x6161, 0x3902, 0x1904, 0x1904, 0x1904, 0x1904, 0x1904, 0x1904, 0x1904,
  0x1904, 0x1904, 0x1904, 0x1904, 0x1904, 0x1904, 0x1904, 0x1904, 0x1904, 0x20E2, 0x5961, 0xD50D,
  0xFF57, 0xEE53, 0xEE13, 0xFF7A, 0xFF7B, 0xCC4A, 0xDD4F, 0xFF7B, 0xFFDE, 0xFF5A, 0xFF9B, 0xFF7B,
  0xAB47, 0xBBA8, 0xEE13, 0xA3CA, 0x38A0, 0x2923, 0x1904, 0x1904, 0x1904, 0x1904, 0x1904, 0x1904,
  0x1904, 0x1904, 0x1904, 0x1904, 0x1904, 0x1904, 0x1904, 0x1904, 0x1904, 0x3901, 0xA347, 0xFEF5,
  0xFE95, 0xFED7, 0xFF19, 0xFF7B, 0xFFDD, 0xEE55, 0xC3E8, 0xF6F8, 0xFFFF, 0xFFFE, 0xFFFF, 0xFFFF,
  0xE698, 0xDDB2, 0xF739, 0xE655, 0x7A44, 0x28E1, 0x1904, 0x1904, 0x1904, 0x1904, 0x1904, 0x1904,
  0x1904, 0x1904, 0x1904, 0x1904, 0x1904, 0x1904, 0x1904, 0x1904, 0x1904, 0x4142, 0xCCCC, 0xFF15,
  0xFE95, 0xFEF7, 0xFF39, 0xFF5A, 0xFF5B, 0xFFFF, 0xC44B, 0xBB65, 0xD52F, 0xE614, 0xDDD3, 0xDDD3,
  0xD572, 0xE5D3, 0xE614, 0xE614, 0x82E7, 0x2923, 0x1903, 0x1904, 0x1904, 0x1904, 0x1904, 0x1904,
  0x1904, 0x1904, 0x1904, 0x1904, 0x1904, 0x1904, 0x1904, 0x1904, 0x10E3, 0x4962, 0xD4ED, 0xFEF5,
  0xFE95, 0xFEF8, 0xFF39, 0xFF5B, 0xFF7C, 0xFFFE, 0xC44A, 0xAAC3, 0xCC8C, 0xC42A, 0xC44B, 0xB387,
  0xBC2B, 0xAB47, 0xBBEA, 0xAB68, 0x69C3, 0x20C2, 0x1904, 0x1904, 0x1904, 0x1904, 0x1904, 0x1904,
  0x1904, 0x1904, 0x1904, 0x1904, 0x1904, 0x1904, 0x1904, 0x1904, 0x1903, 0x30C0, 0x9B26, 0xEE33,
  0xFF59, 0xFF19, 0xFF5A, 0xFF7B, 0xFFFE, 0xFFDD, 0xBBC8, 0xEEB7, 0xFF9C, 0xF73A, 0xFFFF, 0xFFDE,
  0xFFBC, 0xF6D8, 0xFFFE, 0xF75A, 0x6A25, 0x2903, 0x1904, 0x1904, 0x1904, 0x1904, 0x1904, 0x1904,
  0x1904, 0x1904, 0x1904, 0x1904, 0x1904, 0x1904, 0x1904, 0x1904, 0x1904, 0x28E1, 0x69E2, 0xCCCD,
  0xFF38, 0xFF59, 0xE614, 0xF75A, 0xFFFE, 0xC46C, 0xC42A, 0xF73A, 0xC40A, 0xBC09, 0xF719, 0xFF9C,
  0xCCAD, 0xA2C4, 0xEE76, 0xB4AE, 0x40E0, 0x2103, 0x1904, 0x1904, 0x1904, 0x1904, 0x1904, 0x1904,
  0x1904, 0x1904, 0x1904, 0x1904, 0x1904, 0x1904, 0x1904, 0x1904, 0x1904, 0x2103, 0x30C0, 0x8284,
  0xEE54, 0xEE55, 0xA2A3, 0xFFDC, 0xEEB7, 0xAB25, 0xEED8, 0xFFFE, 0xD4EE, 0xE614, 0xFFFE, 0xFFDD,
  0xE5F3, 0xE655, 0xF719, 0x8285, 0x3902, 0x1904, 0x1904, 0x1904, 0x1904, 0x1904, 0x1904, 0x1904,
  0x1904, 0x1904, 0x1904, 0x1904, 0x1904, 0x1904, 0x1904, 0x1904, 0x1904, 0x1904, 0x28E2, 0x5962,
  0xB44C, 0xF696, 0xBBE9, 0xF739, 0xC42B, 0xCCEF, 0xFFFF, 0xFFDD, 0xFFBD, 0xFFFF, 0xFF9C, 0xFF9C,
  0xFF7C, 0xFFFD, 0x9B89, 0x5120, 0x2923, 0x1904, 0x1904, 0x1904, 0x1904, 0x1904, 0x1904, 0x1904,
  0x1904, 0x1904, 0x1904, 0x1904, 0x1904, 0x1904, 0x1904, 0x1904, 0x1904, 0x1904, 0x2104, 0x30A0,
  0x82C6, 0xE5F3, 0xFFFD, 0xE635, 0xAB46, 0xEE96, 0xEE77, 0xE615, 0xFFFE, 0xFF7B, 0xEE96, 0xD571,
  0xFF9C, 0xDDF4, 0x69C2, 0x30E1, 0x1903, 0x1904, 0x1904, 0x1904, 0x1904, 0x1904, 0x1904, 0x1904,
  0x1904, 0x1904, 0x1904, 0x1904, 0x1904, 0x1904, 0x1904, 0x1904, 0x1904, 0x1904, 0x1904, 0x2903,
  0x4920, 0x9B89, 0xFF7A, 0xBC6C, 0xCD0F, 0xFF3A, 0x9A63, 0xC48D, 0xFF5A, 0xFF3A, 0xA326, 0xAB67,
  0xF719, 0x8AC6, 0x4941, 0x2124, 0x1904, 0x1904, 0x1904, 0x1904, 0x1904, 0x1904, 0x1904, 0x1904,
  0x1904, 0x1904, 0x1904, 0x1904, 0x1904, 0x1904, 0x1904, 0x1904, 0x1904, 0x1904, 0x1904, 0x1904,
  0x1881, 0x51A3, 0x9B89, 0x9B06, 0xF739, 0xFF7B, 0xEE55, 0xFFDD, 0xFFFF, 0xFF7A, 0xF6D7, 0xFF7A,
  0xD592, 0x5121, 0x30E2, 0x18E3, 0x1904, 0x1904, 0x1904, 0x1904, 0x1904, 0x1904, 0x1904, 0x1904,
  0x1904, 0x1904, 0x1904, 0x1904, 0x1904, 0x1904, 0x1904, 0x1904, 0x1904, 0x1904, 0x1904, 0x1904,
  0x1904, 0x18E3, 0x30E1, 0x6A04, 0xA40C, 0x9B89, 0xAC2C, 0xA3A9, 0xA3AA, 0x9308, 0xA389, 0x9B8A,
  0x6A24, 0x3102, 0x2124, 0x1904, 0x1904, 0x1904, 0x1904, 0x1904, 0x1904, 0x1904, 0x1904, 0x1904,
  0x1904, 0x1904, 0x1904, 0x1904, 0x1904, 0x1904, 0x1904, 0x1904, 0x1904, 0x1904, 0x1904, 0x1904,
  0x1904, 0x1904, 0x18E3, 0x3123, 0x28E1, 0x4121, 0x38C0, 0x5162, 0x40C0, 0x4942, 0x38C0, 0x4142,
  0x1882, 0x1903, 0x1904, 0x1904, 0x1904, 0x1904, 0x1904, 0x1904, 0x1904, 0x1904, 0x1904, 0x1904,
  0x1904, 0x1904, 0x1904, 0x1904, 0x1904, 0x1904, 0x1904, 0x1904, 0x1904, 0x1904, 0x1904, 0x1904,
  0x1904, 0x1904, 0x1904, 0x1904, 0x1904, 0x1903, 0x2123, 0x2123, 0x1904, 0x2103, 0x2104, 0x1904,
  0x1904, 0x1904, 0x1904, 0x1904, 0x1904, 0x1904, 0x1904, 0x1904, 0x1904, 0x1904, 0x1904, 0x1904,
  0x1904, 0x1904, 0x1904, 0x1904, 0x1904, 0x1904, 0x1904, 0x1904, 0x1904, 0x1904, 0x1904, 0x1904,
  0x1904, 0x1904, 0x1904, 0x1904, 0x1904, 0x1904, 0x1904, 0x1904, 0x1904, 0x1904, 0x1904, 0x1904,
  0x1904, 0x1904, 0x1904, 0x1904, 0x1904, 0x1904, 0x1904, 0x1904, 0x1904, 0x1904, 0x1904, 0x1904,
  0x1904, 0x1904, 0x1904, 0x1904, 0x1904, 0x1904, 0x1904, 0x1904, 0x1904, 0x1904, 0x1904, 0x1904,
  0x1904, 0x1904, 0x1904, 0x1904, 0x1904, 0x1904, 0x1904, 0x1904, 0x1904, 0x1904, 0x1904, 0x1904,
  0x1904, 0x1904, 0x1904, 0x1904, 0x1904, 0x1904, 0x1904, 0x1904, 0x1904, 0x1904, 0x1904, 0x1904,
  0x1904, 0x1904, 0x1904, 0x1904, 0x1904, 0x1904, 0x1904, 0x1904, 0x1904, 0x1904, 0x1904, 0x1904,
  0x1904, 0x1904, 0x1904, 0x1904, 0x1904, 0x1904, 0x1904, 0x1904, 0x1904, 0x1904, 0x1904, 0x1904,
  0x1904, 0x1904, 0x1904, 0x1904, 0x1904, 0x1904, 0x1904, 0x1904, 0x1904, 0x1904, 0x1904, 0x1904,
  0x1904, 0x1904, 0x1904, 0x1904, 0x1904, 0x1904, 0x1904, 0x1904, 0x1904, 0x1904, 0x1904, 0x1904,
  0x1904, 0x1904, 0x1904, 0x1904, 0x1904, 0x1904, 0x1904, 0x1904, 0x1904, 0x1904, 0x1904, 0x1904,
  0x1904, 0x1904, 0x1904, 0x1904, 0x1904, 0x1904, 0x1904, 0x1904, 0x1904, 0x1904, 0x1904, 0x1904,
  0x1904, 0x1904, 0x1904, 0x1904, 0x1904, 0x1904, 0x1904, 0x1904, 0x1904, 0x1904, 0x1904, 0x1904,
  0x1904, 0x1904, 0x1904, 0x1904, 0x1904, 0x1904, 0x1904, 0x1904, 0x1904, 0x1904, 0x1904, 0x1904,
  0x1904, 0x1904, 0x1904, 0x1904, 0x1904, 0x1904, 0x1904, 0x1904, 0x1904, 0x1904, 0x1904, 0x1904,
  0x1904, 0x1904, 0x1904, 0x1904, 0x1904, 0x1904, 0x1904, 0x1904, 0x1904, 0x1904, 0x1904, 0x1904,
  0x1904, 0x1904, 0x1904, 0x1904, 0x1904, 0x1904, 0x1904, 0x1904, 0x1904, 0x1904, 0x1904, 0x1904,
  0x1904, 0x1904, 0x1904, 0x1904, 0x1904, 0x1904, 0x1904, 0x1904, 0x1904, 0x1904, 0x1904, 0x1904,
  0x1904, 0x1904, 0x1904, 0x1904, 0x1904, 0x1904, 0x1904, 0x1904, 0x1904, 0x1904, 0x1904, 0x1904,
  0x1904, 0x1904, 0x1904, 0x1904, 0x1904, 0x1904, 0x1904, 0x1904, 0x1904, 0x1904, 0x1904, 0x1904,
  0x1904, 0x1904, 0x1904, 0x1904, 0x1904, 0x1904, 0x1904, 0x1904, 0x1904, 0x1904, 0x1904, 0x1904,
  0x1904, 0x1904, 0x1904, 0x1904, 0x1904, 0x1904, 0x1904, 0x1904, 0x1904, 0x1904, 0x1904, 0x1904,
  0x1904, 0x1904, 0x1904, 0x1904, 0x1904, 0x1904, 0x1904, 0x1904, 0x1904, 0x1904, 0x1904, 0x1904,
  0x1904, 0x1904, 0x1904, 0x1904, 0x1904, 0x1904, 0x1904, 0x1904, 0x1904, 0x1904, 0x1904, 0x1904,
  0x1904, 0x1904, 0x1904, 0x1904, 0x1904, 0x1904, 0x1904, 0x1904, 0x1904, 0x1904, 0x1904, 0x1904,
  0x1904, 0x1904, 0x1904, 0x1904, 0x1904, 0x1904, 0x1904, 0x1904, 0x1904, 0x1904, 0x1904, 0x1904,
  0x1904, 0x1904, 0x1904, 0x1904, 0x1904, 0x1904, 0x1904, 0x1904, 0x1904, 0x1904, 0x1904, 0x1904,
  0x1904, 0x1904, 0x1904, 0x1904, 0x1904, 0x1904, 0x1904, 0x1904, 0x1904, 0x1904, 0x1904, 0x1904,
  0x1904, 0x1904, 0x1904, 0x1904, 0x1904, 0x1904, 0x1904, 0x1904, 0x1904, 0x1904, 0x1904, 0x1904,
  0x1904, 0x1904, 0x1904, 0x1904, 0x1904, 0x1904, 0x1904, 0x1904, 0x1904, 0x1904, 0x1904, 0x1904,
};

// dice_spin_frame_8 36x36
const uint16_t dice_spin_frame_8_w = 36;
const uint16_t dice_spin_frame_8_h = 36;
const unsigned short dice_spin_frame_8[1296] PROGMEM = {
  0x1904, 0x1904, 0x1904, 0x1904, 0x1904, 0x1904, 0x1904, 0x1904, 0x1904, 0x1904, 0x1904, 0x1904,
  0x1904, 0x1904, 0x1904, 0x1904, 0x1904, 0x1904, 0x1904, 0x1904, 0x1904, 0x1904, 0x1904, 0x1904,
  0x1904, 0x1904, 0x1904, 0x1904, 0x1904, 0x1904, 0x1904, 0x1904, 0x1904, 0x1904, 0x1904, 0x1904,
  0x1904, 0x1904, 0x1904, 0x1904, 0x1904, 0x1904, 0x1904, 0x1904, 0x1904, 0x1904, 0x1904, 0x1904,
  0x1904, 0x1904, 0x1904, 0x1904, 0x1904, 0x1904, 0x1904, 0x1904, 0x1904, 0x1904, 0x1904, 0x1904,
  0x1904, 0x1904, 0x1904, 0x1904, 0x1904, 0x1904, 0x1904, 0x1904, 0x1904, 0x1904, 0x1904, 0x1904,
  0x1904, 0x1904, 0x1904, 0x1904, 0x1904, 0x1904, 0x1904, 0x1904, 0x1904, 0x1904, 0x1904, 0x1904,
  0x1904, 0x1904, 0x1904, 0x1904, 0x1904, 0x1904, 0x1904, 0x1904, 0x1904, 0x1904, 0x1904, 0x1904,
  0x1904, 0x1904, 0x1904, 0x1904, 0x1904, 0x1904, 0x1904, 0x1904, 0x1904, 0x1904, 0x1904, 0x1904,
  0x1904, 0x1904, 0x1904, 0x1904, 0x1904, 0x1904, 0x1904, 0x1904, 0x1904, 0x1904, 0x1904, 0x1904,
  0x1904, 0x1904, 0x1904, 0x1904, 0x1904, 0x1903, 0x1904, 0x1904, 0x1904, 0x1904, 0x1904, 0x1904,
  0x1904, 0x1904, 0x1904, 0x1904, 0x1904, 0x1904, 0x1904, 0x1904, 0x1904, 0x1904, 0x1904, 0x1904,
  0x1904, 0x1904, 0x1904, 0x1904, 0x1904, 0x1904, 0x1904, 0x1904, 0x1904, 0x1904, 0x1904, 0x1904,
  0x1904, 0x1904, 0x1904, 0x2903, 0x20E2, 0x3922, 0x2081, 0x3123, 0x2903, 0x1904, 0x1904, 0x1904,
  0x1904, 0x1904, 0x1904, 0x1904, 0x1904, 0x1904, 0x1904, 0x1904, 0x1904, 0x1904, 0x1904, 0x1904,
  0x1904, 0x1904, 0x1904, 0x1904, 0x1904, 0x1904, 0x1904, 0x1904, 0x1904, 0x1904, 0x1904, 0x1904,
  0x2104, 0x28E3, 0x4122, 0x5982, 0x7A24, 0x9B48, 0x8AC6, 0x5121, 0x38E1, 0x3123, 0x1904, 0x1904,
  0x1904, 0x1904, 0x1904, 0x1904, 0x1904, 0x1904, 0x1904, 0x1904, 0x1904, 0x1904, 0x1904, 0x1904,
  0x1904, 0x1904, 0x1904, 0x1904, 0x1904, 0x1904, 0x1904, 0x1904, 0x1904, 0x1904, 0x1903, 0x2923,
  0x4142, 0x40E0, 0x7A44, 0xC44A, 0xFE51, 0xFED4, 0xFE52, 0xC46B, 0x8AA5, 0x48E0, 0x3901, 0x3123,
  0x1904, 0x1904, 0x1904, 0x1904, 0x1904, 0x1904, 0x1904, 0x1904, 0x1904, 0x1904, 0x1904, 0x1904,
  0x1904, 0x1904, 0x1904, 0x1904, 0x1904, 0x1904, 0x1904, 0x1904, 0x1904, 0x1904, 0x3122, 0x40C0,
  0x8244, 0xB3C9, 0xFE52, 0xFEF5, 0xFE53, 0xFEB4, 0xFEF6, 0xFE95, 0xF633, 0xB40B, 0x7224, 0x3880,
  0x3922, 0x2123, 0x1904, 0x1904, 0x1904, 0x1904, 0x1904, 0x1904, 0x1904, 0x1904, 0x1904, 0x1904,
  0x1904, 0x1904, 0x1904, 0x1904, 0x1904, 0x1904, 0x1904, 0x1904, 0x18E3, 0x28E2, 0x69E3, 0xABA8,
  0xEDF1, 0xF611, 0xFEB4, 0xFF78, 0xFED5, 0xF653, 0xFF17, 0xFF9A, 0xFF7A, 0xFEF6, 0xE613, 0xA3CA,
  0x6182, 0x28A1, 0x1903, 0x1904, 0x1904, 0x1904, 0x1904, 0x1904, 0x1904, 0x1904, 0x1904, 0x1904,
  0x1904, 0x1904, 0x1904, 0x1904, 0x1904, 0x1904, 0x1904, 0x1904, 0x2903, 0x5162, 0xBC4A, 0xFED3,
  0xEE31, 0xB324, 0xB386, 0xF6B6, 0xE5D1, 0xB324, 0xCC4A, 0xF6F8, 0xD4EE, 0xB387, 0xD50F, 0xFF39,
  0xD5B3, 0x7245, 0x2923, 0x1904, 0x1904, 0x1904, 0x1904, 0x1904, 0x1904, 0x1904, 0x1904, 0x1904,
  0x1904, 0x1904, 0x1904, 0x1904, 0x1904, 0x1904, 0x1904, 0x1903, 0x30E1, 0x8264, 0xB346, 0xD4EC,
  0xEE12, 0xD50E, 0xE5F2, 0xFF59, 0xF696, 0xC48C, 0xE634, 0xFFBC, 0xE614, 0xC4AE, 0xF718, 0xFF5A,
  0xCD30, 0x7A03, 0x2080, 0x1903, 0x1904, 0x1904, 0x1904, 0x1904, 0x1904, 0x1904, 0x1904, 0x1904,
  0x1904, 0x1904, 0x1904, 0x1904, 0x1904, 0x1904, 0x1904, 0x2103, 0x5161, 0xCCCC, 0xDD0C, 0xBBA7,
  0xCC6A, 0xEDF2, 0xFF39, 0xFF7B, 0xFFFE, 0xFFBD, 0xFF5A, 0xFFFE, 0xFFFF, 0xF73B, 0xD551, 0xA2C5,
  0xC48D, 0xDDB2, 0x59C4, 0x2103, 0x1904, 0x1904, 0x1904, 0x1904, 0x1904, 0x1904, 0x1904, 0x1904,
  0x1904, 0x1904, 0x1904, 0x1904, 0x1904, 0x1904, 0x1904, 0x2103, 0x5120, 0xD52E, 0xFF36, 0xFE94,
  0xDD4F, 0xB366, 0xCC6B, 0xF696, 0xFF7B, 0xFFDD, 0xFFFE, 0xFFDD, 0xE5F4, 0xAB26, 0xBC2B, 0xDD92,
  0xFFFE, 0xEF3A, 0x5981, 0x3123, 0x1904, 0x1904, 0x1904, 0x1904, 0x1904, 0x1904, 0x1904, 0x1904,
  0x1904, 0x1904, 0x1904, 0x1904, 0x1904, 0x1904, 0x1904, 0x2903, 0x5960, 0xDD4E, 0xDD2D, 0xAB04,
  0xF6D6, 0xF6B6, 0xD4AC, 0xC3E8, 0xD52F, 0xFF59, 0xE613, 0xC44A, 0xBBC8, 0xD550, 0xFFFE, 0xE5F3,
  0xBC0A, 0xEED8, 0x8285, 0x3102, 0x1904, 0x1904, 0x1904, 0x1904, 0x1904, 0x1904, 0x1904, 0x1904,
  0x1904, 0x1904, 0x1904, 0x1904, 0x1904, 0x1904, 0x1904, 0x2923, 0x5920, 0xDCED, 0xFE52, 0xB346,
  0xEE54, 0xFF7B, 0xFFFE, 0xEE76, 0xC409, 0xA260, 0xB304, 0xD550, 0xFF9C, 0xFFFF, 0xFFBD, 0xC44B,
  0xBC4B, 0xF75A, 0x71E2, 0x3942, 0x1904, 0x1904, 0x1904, 0x1904, 0x1904, 0x1904, 0x1904, 0x1904,
  0x1904, 0x1904, 0x1904, 0x1904, 0x1904, 0x1904, 0x1904, 0x2903, 0x5161, 0xD4CC, 0xFF16, 0xEE53,
  0xFEF8, 0xFF7B, 0xFF5B, 0xFFFE, 0xFFFE, 0xAAC3, 0xE614, 0xF73A, 0xD570, 0xEE97, 0xFFDD, 0xF6F9,
  0xFF5A, 0xFF3A, 0x8265, 0x30E1, 0x1904, 0x1904, 0x1904, 0x1904, 0x1904, 0x1904, 0x1904, 0x1904,
  0x1904, 0x1904, 0x1904, 0x1904, 0x1904, 0x1904, 0x1904, 0x2124, 0x5141, 0xCCAB, 0xFF16, 0xFED6,
  0xFEF8, 0xFF39, 0xFF5B, 0xFF9C, 0xFFDD, 0xC42A, 0xE614, 0xE5F4, 0xAAE4, 0xEEB8, 0xFFFE, 0xFF9C,
  0xFFDD, 0xF719, 0x69A2, 0x3923, 0x1904, 0x1904, 0x1904, 0x1904, 0x1904, 0x1904, 0x1904, 0x1904,
  0x1904, 0x1904, 0x1904, 0x1904, 0x1904, 0x1904, 0x1904, 0x2103, 0x5141, 0xC46B, 0xFEB4, 0xFE95,
  0xFEF7, 0xFF39, 0xFF5B, 0xFF7B, 0xFFFE, 0xBBA8, 0xE5F4, 0xFFFE, 0xE635, 0xFFFF, 0xFF9C, 0xEE55,
  0xD551, 0xF718, 0x7A04, 0x30E1, 0x1904, 0x1904, 0x1904, 0x1904, 0x1904, 0x1904, 0x1904, 0x1904,
  0x1904, 0x1904, 0x1904, 0x1904, 0x1904, 0x1904, 0x1904, 0x1904, 0x3901, 0xB3EA, 0xFF76, 0xFE94,
  0xFEB7, 0xFF19, 0xFF5A, 0xFF7B, 0xFFFE, 0xC42A, 0xDDB3, 0xFFFF, 0xFFBD, 0xFFBC, 0xFF7B, 0xAB88,
  0xB3A9, 0xF739, 0x69C3, 0x3923, 0x1904, 0x1904, 0x1904, 0x1904, 0x1904, 0x1904, 0x1904, 0x1904,
  0x1904, 0x1904, 0x1904, 0x1904, 0x1904, 0x1904, 0x1904, 0x1904, 0x20E2, 0x7265, 0xE58F, 0xFEB5,
  0xFF59, 0xFF39, 0xE5F3, 0xE5F3, 0xFFFF, 0xB3A8, 0xDDF4, 0xFFDE, 0xDDD3, 0xF73A, 0xFF7B, 0xE634,
  0xFF38, 0xDDD3, 0x61C3, 0x18A2, 0x1904, 0x1904, 0x1904, 0x1904, 0x1904, 0x1904, 0x1904, 0x1904,
  0x1904, 0x1904, 0x1904, 0x1904, 0x1904, 0x1904, 0x1904, 0x1904, 0x10E3, 0x3921, 0x8A85, 0xC4AC,
  0xEE33, 0xFF9A, 0xD52F, 0x9A62, 0xF6F8, 0xC46C, 0xD570, 0xE5F4, 0x9242, 0xEED7, 0xFFFF, 0xE676,
  0xABEB, 0x6182, 0x28A1, 0x1904, 0x1904, 0x1904, 0x1904, 0x1904, 0x1904, 0x1904, 0x1904, 0x1904,
  0x1904, 0x1904, 0x1904, 0x1904, 0x1904, 0x1904, 0x1904, 0x1904, 0x1904, 0x2102, 0x30C0, 0x69C2,
  0x8AE5, 0xD570, 0xF6F8, 0xE5D2, 0xFFFD, 0xB3C9, 0xCD0F, 0xF6D8, 0xD52F, 0xFF9B, 0xBC8E, 0x7A44,
  0x5141, 0x3922, 0x2103, 0x1904, 0x1904, 0x1904, 0x1904, 0x1904, 0x1904, 0x1904, 0x1904, 0x1904,
  0x1904, 0x1904, 0x1904, 0x1904, 0x1904, 0x1904, 0x1904, 0x1904, 0x1904, 0x1904, 0x2103, 0x28E1,
  0x30C0, 0x7203, 0xABEB, 0xE5F4, 0xFFBB, 0xCCEF, 0xC4EF, 0xFFFE, 0xCD92, 0x9B48, 0x69A2, 0x38E0,
  0x2123, 0x1904, 0x1904, 0x1904, 0x1904, 0x1904, 0x1904, 0x1904, 0x1904, 0x1904, 0x1904, 0x1904,
  0x1904, 0x1904, 0x1904, 0x1904, 0x1904, 0x1904, 0x1904, 0x1904, 0x1904, 0x1904, 0x1904, 0x1904,
  0x2123, 0x30A0, 0x4920, 0x7244, 0xAC2C, 0x9B48, 0xA369, 0xA40C, 0x5141, 0x38C0, 0x3943, 0x2103,
  0x1904, 0x1904, 0x1904, 0x1904, 0x1904, 0x1904, 0x1904, 0x1904, 0x1904, 0x1904, 0x1904, 0x1904,
  0x1904, 0x1904, 0x1904, 0x1904, 0x1904, 0x1904, 0x1904, 0x1904, 0x1904, 0x1904, 0x1904, 0x1904,
  0x1904, 0x1904, 0x2903, 0x1861, 0x3102, 0x3102, 0x3922, 0x3102, 0x2923, 0x2103, 0x1904, 0x1904,
  0x1904, 0x1904, 0x1904, 0x1904, 0x1904, 0x1904, 0x1904, 0x1904, 0x1904, 0x1904, 0x1904, 0x1904,
  0x1904, 0x1904, 0x1904, 0x1904, 0x1904, 0x1904, 0x1904, 0x1904, 0x1904, 0x1904, 0x1904, 0x1904,
  0x1904, 0x1904, 0x1904, 0x1924, 0x18E3, 0x1904, 0x1903, 0x1904, 0x1904, 0x1904, 0x1904, 0x1904,
  0x1904, 0x1904, 0x1904, 0x1904, 0x1904, 0x1904, 0x1904, 0x1904, 0x1904, 0x1904, 0x1904, 0x1904,
  0x1904, 0x1904, 0x1904, 0x1904, 0x1904, 0x1904, 0x1904, 0x1904, 0x1904, 0x1904, 0x1904, 0x1904,
  0x1904, 0x1904, 0x1904, 0x1904, 0x1904, 0x1904, 0x1904, 0x1904, 0x1904, 0x1904, 0x1904, 0x1904,
  0x1904, 0x1904, 0x1904, 0x1904, 0x1904, 0x1904, 0x1904, 0x1904, 0x1904, 0x1904, 0x1904, 0x1904,
  0x1904, 0x1904, 0x1904, 0x1904, 0x1904, 0x1904, 0x1904, 0x1904, 0x1904, 0x1904, 0x1904, 0x1904,
  0x1904, 0x1904, 0x1904, 0x1904, 0x1904, 0x1904, 0x1904, 0x1904, 0x1904, 0x1904, 0x1904, 0x1904,
  0x1904, 0x1904, 0x1904, 0x1904, 0x1904, 0x1904, 0x1904, 0x1904, 0x1904, 0x1904, 0x1904, 0x1904,
  0x1904, 0x1904, 0x1904, 0x1904, 0x1904, 0x1904, 0x1904, 0x1904, 0x1904, 0x1904, 0x1904, 0x1904,
  0x1904, 0x1904, 0x1904, 0x1904, 0x1904, 0x1904, 0x1904, 0x1904, 0x1904, 0x1904, 0x1904, 0x1904,
  0x1904, 0x1904, 0x1904, 0x1904, 0x1904, 0x1904, 0x1904, 0x1904, 0x1904, 0x1904, 0x1904, 0x1904,
  0x1904, 0x1904, 0x1904, 0x1904, 0x1904, 0x1904, 0x1904, 0x1904, 0x1904, 0x1904, 0x1904, 0x1904,
  0x1904, 0x1904, 0x1904, 0x1904, 0x1904, 0x1904, 0x1904, 0x1904, 0x1904, 0x1904, 0x1904, 0x1904,
  0x1904, 0x1904, 0x1904, 0x1904, 0x1904, 0x1904, 0x1904, 0x1904, 0x1904, 0x1904, 0x1904, 0x1904,
  0x1904, 0x1904, 0x1904, 0x1904, 0x1904, 0x1904, 0x1904, 0x1904, 0x1904, 0x1904, 0x1904, 0x1904,
  0x1904, 0x1904, 0x1904, 0x1904, 0x1904, 0x1904, 0x1904, 0x1904, 0x1904, 0x1904, 0x1904, 0x1904,
  0x1904, 0x1904, 0x1904, 0x1904, 0x1904, 0x1904, 0x1904, 0x1904, 0x1904, 0x1904, 0x1904, 0x1904,
  0x1904, 0x1904, 0x1904, 0x1904, 0x1904, 0x1904, 0x1904, 0x1904, 0x1904, 0x1904, 0x1904, 0x1904,
  0x1904, 0x1904, 0x1904, 0x1904, 0x1904, 0x1904, 0x1904, 0x1904, 0x1904, 0x1904, 0x1904, 0x1904,
  0x1904, 0x1904, 0x1904, 0x1904, 0x1904, 0x1904, 0x1904, 0x1904, 0x1904, 0x1904, 0x1904, 0x1904,
  0x1904, 0x1904, 0x1904, 0x1904, 0x1904, 0x1904, 0x1904, 0x1904, 0x1904, 0x1904, 0x1904, 0x1904,
  0x1904, 0x1904, 0x1904, 0x1904, 0x1904, 0x1904, 0x1904, 0x1904, 0x1904, 0x1904, 0x1904, 0x1904,
  0x1904, 0x1904, 0x1904, 0x1904, 0x1904, 0x1904, 0x1904, 0x1904, 0x1904, 0x1904, 0x1904, 0x1904,
  0x1904, 0x1904, 0x1904, 0x1904, 0x1904, 0x1904, 0x1904, 0x1904, 0x1904, 0x1904, 0x1904, 0x1904,
  0x1904, 0x1904, 0x1904, 0x1904, 0x1904, 0x1904, 0x1904, 0x1904, 0x1904, 0x1904, 0x1904, 0x1904,
  0x1904, 0x1904, 0x1904, 0x1904, 0x1904, 0x1904, 0x1904, 0x1904, 0x1904, 0x1904, 0x1904, 0x1904,
  0x1904, 0x1904, 0x1904, 0x1904, 0x1904, 0x1904, 0x1904, 0x1904, 0x1904, 0x1904, 0x1904, 0x1904,
  0x1904, 0x1904, 0x1904, 0x1904, 0x1904, 0x1904, 0x1904, 0x1904, 0x1904, 0x1904, 0x1904, 0x1904,
  0x1904, 0x1904, 0x1904, 0x1904, 0x1904, 0x1904, 0x1904, 0x1904, 0x1904, 0x1904, 0x1904, 0x1904,
  0x1904, 0x1904, 0x1904, 0x1904, 0x1904, 0x1904, 0x1904, 0x1904, 0x1904, 0x1904, 0x1904, 0x1904,
  0x1904, 0x1904, 0x1904, 0x1904, 0x1904, 0x1904, 0x1904, 0x1904, 0x1904, 0x1904, 0x1904, 0x1904,
  0x1904, 0x1904, 0x1904, 0x1904, 0x1904, 0x1904, 0x1904, 0x1904, 0x1904, 0x1904, 0x1904, 0x1904,
};

// dice_spin_frame_9 36x36
const uint16_t dice_spin_frame_9_w = 36;
const uint16_t dice_spin_frame_9_h = 36;
const unsigned short dice_spin_frame_9[1296] PROGMEM = {
  0x1904, 0x1904, 0x1904, 0x1904, 0x1904, 0x1904, 0x1904, 0x1904, 0x1904, 0x1904, 0x1904, 0x1904,
  0x1904, 0x1904, 0x1904, 0x1904, 0x1904, 0x1904, 0x1904, 0x1904, 0x1904, 0x1904, 0x1904, 0x1904,
  0x1904, 0x1904, 0x1904, 0x1904, 0x1904, 0x1904, 0x1904, 0x1904, 0x1904, 0x1904, 0x1904, 0x1904,
  0x1904, 0x1904, 0x1904, 0x1904, 0x1904, 0x1904, 0x1904, 0x1904, 0x1904, 0x1904, 0x1904, 0x1904,
  0x1904, 0x1904, 0x1904, 0x1904, 0x1904, 0x1904, 0x1904, 0x1904, 0x1904, 0x1904, 0x1904, 0x1904,
  0x1904, 0x1904, 0x1904, 0x1904, 0x1904, 0x1904, 0x1904, 0x1904, 0x1904, 0x1904, 0x1904, 0x1904,
  0x1904, 0x1904, 0x1904, 0x1904, 0x1904, 0x1904, 0x1904, 0x1904, 0x1904, 0x1903, 0x2103, 0x2923,
  0x3123, 0x3123, 0x3123, 0x3123, 0x3123, 0x3123, 0x3123, 0x2923, 0x2103, 0x1903, 0x1904, 0x1904,
  0x1904, 0x1904, 0x1904, 0x1904, 0x1904, 0x1904, 0x1904, 0x1904, 0x1904, 0x1904, 0x1904, 0x1904,
  0x1904, 0x1904, 0x1904, 0x1904, 0x1904, 0x1904, 0x1904, 0x1904, 0x2103, 0x3122, 0x3901, 0x4941,
  0x5141, 0x5141, 0x5141, 0x5141, 0x5141, 0x5141, 0x5141, 0x4921, 0x4121, 0x2923, 0x1903, 0x1904,
  0x1904, 0x1904, 0x1904, 0x1904, 0x1904, 0x1904, 0x1904, 0x1904, 0x1904, 0x1904, 0x1904, 0x1904,
  0x1904, 0x1904, 0x1904, 0x1904, 0x1904, 0x1904, 0x1904, 0x2103, 0x3123, 0x59A3, 0x8285, 0x9AE6,
  0x9B06, 0x9B27, 0x9B27, 0x9B06, 0x9307, 0x9307, 0x9328, 0x9348, 0x82A6, 0x4942, 0x3123, 0x2103,
  0x1904, 0x1904, 0x1904, 0x1904, 0x1904, 0x1904, 0x1904, 0x1904, 0x1904, 0x1904, 0x1904, 0x1904,
  0x1904, 0x1904, 0x1904, 0x1904, 0x1904, 0x1904, 0x2903, 0x4142, 0x5962, 0xC48C, 0xFE93, 0xFE73,
  0xFEB5, 0xFEF6, 0xFF17, 0xFF58, 0xFF59, 0xFF59, 0xFF5A, 0xFFDD, 0xCD31, 0x71C2, 0x61C4, 0x3922,
  0x2103, 0x1904, 0x1904, 0x1904, 0x1904, 0x1904, 0x1904, 0x1904, 0x1904, 0x1904, 0x1904, 0x1904,
  0x1904, 0x1904, 0x1904, 0x1904, 0x1904, 0x1903, 0x3943, 0x5981, 0xA367, 0xFE92, 0xFE52, 0xFE73,
  0xFEB5, 0xFEB6, 0xFF18, 0xF6B6, 0xBC09, 0xB3A8, 0xFF19, 0xFF39, 0x9AA4, 0xD550, 0xCD72, 0x5141,
  0x4163, 0x2103, 0x1904, 0x1904, 0x1904, 0x1904, 0x1904, 0x1904, 0x1904, 0x1904, 0x1904, 0x1904,
  0x1904, 0x1904, 0x1904, 0x1904, 0x1903, 0x2903, 0x4962, 0x7A23, 0xEDD0, 0xFE73, 0xFE73, 0xFEB5,
  0xFF17, 0xFF38, 0xFF5A, 0xCCCD, 0x9A62, 0xC4AD, 0xFFBC, 0xC44B, 0xAB67, 0xFF9C, 0xFF7B, 0x9348,
  0x5962, 0x3943, 0x1903, 0x1904, 0x1904, 0x1904, 0x1904, 0x1904, 0x1904, 0x1904, 0x1904, 0x1904,
  0x1904, 0x1904, 0x1904, 0x1904, 0x2903, 0x4163, 0x6161, 0xC44B, 0xFED4, 0xFE73, 0xFEB5, 0xFED5,
  0xE54F, 0xD50E, 0xFF39, 0xF719, 0xF6F9, 0xFFFE, 0xEE76, 0x9A62, 0xEE76, 0xF6F8, 0xF6D8, 0xEE97,
  0x7203, 0x5182, 0x2923, 0x1904, 0x1904, 0x1904, 0x1904, 0x1904, 0x1904, 0x1904, 0x1904, 0x1904,
  0x1904, 0x1904, 0x1904, 0x1903, 0x3943, 0x5982, 0x8A84, 0xFE52, 0xFEB5, 0xFED6, 0xFF17, 0xD4AB,
  0x91C0, 0xBBE8, 0xFF5A, 0xFF7B, 0xFF9C, 0xFFBC, 0xB387, 0xBC2B, 0xFFFE, 0xBC0A, 0xB388, 0xFFFD,
  0xAC2C, 0x5961, 0x4143, 0x2103, 0x1904, 0x1904, 0x1904, 0x1904, 0x1904, 0x1904, 0x1904, 0x1904,
  0x1904, 0x1904, 0x1904, 0x2903, 0x4982, 0x69C2, 0xDD2E, 0xFEB3, 0xEDF1, 0xEE33, 0xFF38, 0xE5F2,
  0xDD70, 0xFF39, 0xFF9C, 0xFF7B, 0xFFDD, 0xDDD3, 0xA2A3, 0xF6F8, 0xFFDD, 0xBC0A, 0xAB46, 0xFFBC,
  0xF6D8, 0x8244, 0x5162, 0x2923, 0x1903, 0x1904, 0x1904, 0x1904, 0x1904, 0x1904, 0x1904, 0x1904,
  0x1904, 0x1904, 0x1903, 0x3143, 0x5981, 0xA347, 0xFED4, 0xCC49, 0x9A00, 0xC409, 0xFF39, 0xFF5A,
  0xFF9B, 0xFF7B, 0xFF7B, 0xFF9C, 0xFF7B, 0xB345, 0xDD70, 0xFFDD, 0xFF9C, 0xEE97, 0xEE55, 0xFF7B,
  0xFF9B, 0xC4EF, 0x6161, 0x4163, 0x2103, 0x1904, 0x1904, 0x1904, 0x1904, 0x1904, 0x1904, 0x1904,
  0x1904, 0x1904, 0x2103, 0x3963, 0x7202, 0xE58F, 0xFED4, 0xCC6A, 0xC429, 0xF695, 0xFF5A, 0xFF3A,
  0xFF5B, 0xFF7B, 0xFF9C, 0xFFFE, 0xD4EE, 0xB387, 0xFFDD, 0xFFDE, 0xFF9C, 0xFFBD, 0xFFBD, 0xFF5B,
  0xFF9B, 0xFF5A, 0x8AE7, 0x5162, 0x3123, 0x1904, 0x1904, 0x1904, 0x1904, 0x1904, 0x1904, 0x1904,
  0x1904, 0x1904, 0x2123, 0x3922, 0xABC9, 0xFEB3, 0xFE93, 0xFF16, 0xFF37, 0xFF38, 0xFF39, 0xFF7A,
  0xFF9B, 0xFF9B, 0xFFBB, 0xE613, 0xAAA2, 0xE655, 0xFF7C, 0xCCEE, 0xFF5B, 0xFF9C, 0xFF7B, 0xFF5A,
  0xC4AE, 0xF6D8, 0xDDF4, 0x61A2, 0x3923, 0x1904, 0x1904, 0x1904, 0x1904, 0x1904, 0x1904, 0x1904,
  0x1904, 0x1904, 0x2103, 0x4962, 0x8243, 0xA2C4, 0xAB04, 0xB345, 0xAB24, 0xAB04, 0xB345, 0xBBA6,
  0xBBA6, 0xBB66, 0xB324, 0xAA60, 0xB345, 0xFFFD, 0xE614, 0x9A00, 0xEE76, 0xFFDD, 0xFF9C, 0xF6B7,
  0x89C0, 0xCD0F, 0xFFBC, 0x82C6, 0x3102, 0x1904, 0x1904, 0x1904, 0x1904, 0x1904, 0x1904, 0x1904,
  0x1904, 0x1904, 0x2103, 0x4142, 0xA326, 0xDCCC, 0xDCEC, 0xE58F, 0xE570, 0xDD4F, 0xDD70, 0xE5B2,
  0xE5D2, 0xE5D2, 0xDDB1, 0xC409, 0xB2E3, 0xFF7B, 0xEEB8, 0xB346, 0xF6F8, 0xFFBD, 0xFF9C, 0xFF19,
  0xA326, 0xDDD2, 0xF6F8, 0x7204, 0x3922, 0x1904, 0x1904, 0x1904, 0x1904, 0x1904, 0x1904, 0x1904,
  0x1904, 0x1904, 0x2103, 0x4122, 0x92E6, 0xFE93, 0xFED4, 0xF673, 0xF694, 0xFF79, 0xFF7A, 0xFFBC,
  0xFFDD, 0xFFDE, 0xFFFE, 0xFFBC, 0xBB66, 0xCCCD, 0xFFFF, 0xF73A, 0xFF9C, 0xFF9C, 0xFF7B, 0xFF7B,
  0xF6F8, 0xFF79, 0xAC0B, 0x5941, 0x3943, 0x1903, 0x1904, 0x1904, 0x1904, 0x1904, 0x1904, 0x1904,
  0x1904, 0x1904, 0x1903, 0x3943, 0x5961, 0xC46B, 0xFEF4, 0xBB86, 0x9200, 0xD4ED, 0xFF39, 0xFF39,
  0xFF5A, 0xFF7B, 0xFF7B, 0xFFFE, 0xEE76, 0xA2A3, 0xEED8, 0xFFDE, 0xFF9C, 0xFF7B, 0xFF7B, 0xFF7B,
  0xFF9B, 0xE614, 0x69C2, 0x4962, 0x2923, 0x1904, 0x1904, 0x1904, 0x1904, 0x1904, 0x1904, 0x1904,
  0x1904, 0x1904, 0x1904, 0x2923, 0x5161, 0x8243, 0xF631, 0xF611, 0xBBE8, 0xCCAC, 0xFF39, 0xFF39,
  0xFF5A, 0xFF7B, 0xFF7C, 0xFF9C, 0xFFFE, 0xC42A, 0xB388, 0xFFBC, 0xFFFE, 0xCD0F, 0xBC2B, 0xFF9B,
  0xFF7A, 0x9B69, 0x5982, 0x3143, 0x1903, 0x1904, 0x1904, 0x1904, 0x1904, 0x1904, 0x1904, 0x1904,
  0x1904, 0x1904, 0x1904, 0x1903, 0x4162, 0x6181, 0xB3A8, 0xFED4, 0xFED5, 0xFEF7, 0xFEF8, 0xFF19,
  0xFF39, 0xFF5A, 0xFF7B, 0xFF7B, 0xFF9C, 0xF6F8, 0x9A83, 0xDDD2, 0xFFFF, 0xBBC9, 0x9A83, 0xFFBB,
  0xD592, 0x71A1, 0x5183, 0x2103, 0x1904, 0x1904, 0x1904, 0x1904, 0x1904, 0x1904, 0x1904, 0x1904,
  0x1904, 0x1904, 0x1904, 0x1904, 0x2923, 0x5162, 0x71C2, 0xE56E, 0xFE94, 0xFE95, 0xFED6, 0xFEF7,
  0xFF18, 0xFF3A, 0xFF5B, 0xFFBC, 0xFFBC, 0xFFFD, 0xD52F, 0xA2E5, 0xFFBC, 0xDDB2, 0xCD0F, 0xFF5A,
  0x8AC6, 0x5982, 0x3943, 0x1903, 0x1904, 0x1904, 0x1904, 0x1904, 0x1904, 0x1904, 0x1904, 0x1904,
  0x1904, 0x1904, 0x1904, 0x1904, 0x1903, 0x3143, 0x5982, 0x9B06, 0xFE73, 0xFE94, 0xFEB5, 0xFED6,
  0xFEF7, 0xFF18, 0xFF7A, 0xDD91, 0xCC8C, 0xF6D7, 0xFF9B, 0xAB46, 0xC4AE, 0xFFBC, 0xFFBC, 0xBCCF,
  0x5961, 0x4983, 0x2903, 0x1904, 0x1904, 0x1904, 0x1904, 0x1904, 0x1904, 0x1904, 0x1904, 0x1904,
  0x1904, 0x1904, 0x1904, 0x1904, 0x1904, 0x2103, 0x4163, 0x6181, 0xCCAC, 0xFEB4, 0xFE53, 0xFE95,
  0xFED6, 0xFED7, 0xFF39, 0xDD50, 0x9A21, 0xAB25, 0xFF7B, 0xE634, 0x8A22, 0xEE96, 0xF6D8, 0x7204,
  0x4962, 0x3123, 0x1904, 0x1904, 0x1904, 0x1904, 0x1904, 0x1904, 0x1904, 0x1904, 0x1904, 0x1904,
  0x1904, 0x1904, 0x1904, 0x1904, 0x1904, 0x1904, 0x2903, 0x4142, 0x7A23, 0xF5F1, 0xFE93, 0xFEB5,
  0xFEF7, 0xFF18, 0xFF39, 0xFF9B, 0xF6D7, 0xEE75, 0xFF7B, 0xFFFD, 0xB40B, 0x9B48, 0xA3AB, 0x4942,
  0x2923, 0x1903, 0x1904, 0x1904, 0x1904, 0x1904, 0x1904, 0x1904, 0x1904, 0x1904, 0x1904, 0x1904,
  0x1904, 0x1904, 0x1904, 0x1904, 0x1904, 0x1904, 0x1903, 0x2923, 0x4141, 0x82A5, 0xCCCC, 0xD52E,
  0xDD4F, 0xDD4F, 0xDD50, 0xD571, 0xDDB2, 0xDDF3, 0xD5B2, 0xD5B2, 0xB44C, 0x5961, 0x4942, 0x3123,
  0x1903, 0x1904, 0x1904, 0x1904, 0x1904, 0x1904, 0x1904, 0x1904, 0x1904, 0x1904, 0x1904, 0x1904,
  0x1904, 0x1904, 0x1904, 0x1904, 0x1904, 0x1904, 0x1904, 0x1904, 0x2103, 0x3102, 0x4921, 0x6181,
  0x69A1, 0x69A1, 0x6181, 0x6181, 0x6181, 0x69A1, 0x6181, 0x5141, 0x3921, 0x3123, 0x2903, 0x1903,
  0x1904, 0x1904, 0x1904, 0x1904, 0x1904, 0x1904, 0x1904, 0x1904, 0x1904, 0x1904, 0x1904, 0x1904,
  0x1904, 0x1904, 0x1904, 0x1904, 0x1904, 0x1904, 0x1904, 0x1904, 0x1904, 0x1904, 0x2923, 0x3943,
  0x4143, 0x4142, 0x3942, 0x3943, 0x4143, 0x4143, 0x3943, 0x3123, 0x2104, 0x1903, 0x1904, 0x1904,
  0x1904, 0x1904, 0x1904, 0x1904, 0x1904, 0x1904, 0x1904, 0x1904, 0x1904, 0x1904, 0x1904, 0x1904,
  0x1904, 0x1904, 0x1904, 0x1904, 0x1904, 0x1904, 0x1904, 0x1904, 0x1904, 0x1904, 0x1903, 0x1903,
  0x1903, 0x2103, 0x2103, 0x2103, 0x2103, 0x2103, 0x1903, 0x1904, 0x1904, 0x1904, 0x1904, 0x1904,
  0x1904, 0x1904, 0x1904, 0x1904, 0x1904, 0x1904, 0x1904, 0x1904, 0x1904, 0x1904, 0x1904, 0x1904,
  0x1904, 0x1904, 0x1904, 0x1904, 0x1904, 0x1904, 0x1904, 0x1904, 0x1904, 0x1904, 0x1904, 0x1904,
  0x1904, 0x1904, 0x1904, 0x1904, 0x1904, 0x1904, 0x1904, 0x1904, 0x1904, 0x1904, 0x1904, 0x1904,
  0x1904, 0x1904, 0x1904, 0x1904, 0x1904, 0x1904, 0x1904, 0x1904, 0x1904, 0x1904, 0x1904, 0x1904,
  0x1904, 0x1904, 0x1904, 0x1904, 0x1904, 0x1904, 0x1904, 0x1904, 0x1904, 0x1904, 0x1904, 0x1904,
  0x1904, 0x1904, 0x1904, 0x1904, 0x1904, 0x1904, 0x1904, 0x1904, 0x1904, 0x1904, 0x1904, 0x1904,
  0x1904, 0x1904, 0x1904, 0x1904, 0x1904, 0x1904, 0x1904, 0x1904, 0x1904, 0x1904, 0x1904, 0x1904,
  0x1904, 0x1904, 0x1904, 0x1904, 0x1904, 0x1904, 0x1904, 0x1904, 0x1904, 0x1904, 0x1904, 0x1904,
  0x1904, 0x1904, 0x1904, 0x1904, 0x1904, 0x1904, 0x1904, 0x1904, 0x1904, 0x1904, 0x1904, 0x1904,
  0x1904, 0x1904, 0x1904, 0x1904, 0x1904, 0x1904, 0x1904, 0x1904, 0x1904, 0x1904, 0x1904, 0x1904,
  0x1904, 0x1904, 0x1904, 0x1904, 0x1904, 0x1904, 0x1904, 0x1904, 0x1904, 0x1904, 0x1904, 0x1904,
  0x1904, 0x1904, 0x1904, 0x1904, 0x1904, 0x1904, 0x1904, 0x1904, 0x1904, 0x1904, 0x1904, 0x1904,
  0x1904, 0x1904, 0x1904, 0x1904, 0x1904, 0x1904, 0x1904, 0x1904, 0x1904, 0x1904, 0x1904, 0x1904,
  0x1904, 0x1904, 0x1904, 0x1904, 0x1904, 0x1904, 0x1904, 0x1904, 0x1904, 0x1904, 0x1904, 0x1904,
  0x1904, 0x1904, 0x1904, 0x1904, 0x1904, 0x1904, 0x1904, 0x1904, 0x1904, 0x1904, 0x1904, 0x1904,
  0x1904, 0x1904, 0x1904, 0x1904, 0x1904, 0x1904, 0x1904, 0x1904, 0x1904, 0x1904, 0x1904, 0x1904,
  0x1904, 0x1904, 0x1904, 0x1904, 0x1904, 0x1904, 0x1904, 0x1904, 0x1904, 0x1904, 0x1904, 0x1904,
  0x1904, 0x1904, 0x1904, 0x1904, 0x1904, 0x1904, 0x1904, 0x1904, 0x1904, 0x1904, 0x1904, 0x1904,
  0x1904, 0x1904, 0x1904, 0x1904, 0x1904, 0x1904, 0x1904, 0x1904, 0x1904, 0x1904, 0x1904, 0x1904,
  0x1904, 0x1904, 0x1904, 0x1904, 0x1904, 0x1904, 0x1904, 0x1904, 0x1904, 0x1904, 0x1904, 0x1904,
  0x1904, 0x1904, 0x1904, 0x1904, 0x1904, 0x1904, 0x1904, 0x1904, 0x1904, 0x1904, 0x1904, 0x1904,
  0x1904, 0x1904, 0x1904, 0x1904, 0x1904, 0x1904, 0x1904, 0x1904, 0x1904, 0x1904, 0x1904, 0x1904,
  0x1904, 0x1904, 0x1904, 0x1904, 0x1904, 0x1904, 0x1904, 0x1904, 0x1904, 0x1904, 0x1904, 0x1904,
  0x1904, 0x1904, 0x1904, 0x1904, 0x1904, 0x1904, 0x1904, 0x1904, 0x1904, 0x1904, 0x1904, 0x1904,
  0x1904, 0x1904, 0x1904, 0x1904, 0x1904, 0x1904, 0x1904, 0x1904, 0x1904, 0x1904, 0x1904, 0x1904,
};

// dice_spin_frame_10 36x36
const uint16_t dice_spin_frame_10_w = 36;
const uint16_t dice_spin_frame_10_h = 36;
const unsigned short dice_spin_frame_10[1296] PROGMEM = {
  0x1904, 0x1904, 0x1904, 0x1904, 0x1904, 0x1904, 0x1904, 0x1904, 0x1904, 0x1904, 0x1904, 0x1904,
  0x1904, 0x1904, 0x1904, 0x1904, 0x1904, 0x1904, 0x1904, 0x1904, 0x1904, 0x1904, 0x1904, 0x1904,
  0x1904, 0x1904, 0x1904, 0x1904, 0x1904, 0x1904, 0x1904, 0x1904, 0x1904, 0x1904, 0x1904, 0x1904,
  0x1904, 0x1904, 0x1904, 0x1904, 0x1904, 0x1904, 0x1904, 0x1904, 0x1904, 0x1904, 0x1904, 0x1904,
  0x1904, 0x1904, 0x1904, 0x1904, 0x1904, 0x1904, 0x1904, 0x1904, 0x1904, 0x1904, 0x1904, 0x1904,
  0x1904, 0x1904, 0x1904, 0x1904, 0x1904, 0x1904, 0x1904, 0x1904, 0x1904, 0x1904, 0x1904, 0x1904,
  0x1904, 0x1904, 0x1904, 0x1904, 0x1904, 0x1904, 0x1904, 0x1904, 0x1904, 0x1904, 0x1904, 0x1904,
  0x1904, 0x1904, 0x1904, 0x1904, 0x1904, 0x1904, 0x1904, 0x1904, 0x1904, 0x1904, 0x1904, 0x1904,
  0x1904, 0x1904, 0x1904, 0x1904, 0x1904, 0x1904, 0x1904, 0x1904, 0x1904, 0x1904, 0x1904, 0x1904,
  0x1904, 0x1904, 0x1904, 0x1904, 0x1904, 0x1904, 0x1904, 0x1904, 0x1904, 0x1904, 0x1904, 0x1904,
  0x1904, 0x1904, 0x1904, 0x1904, 0x1904, 0x1904, 0x1904, 0x1904, 0x1904, 0x1904, 0x1904, 0x1904,
  0x1904, 0x1904, 0x1904, 0x1904, 0x1904, 0x1904, 0x1904, 0x1904, 0x1904, 0x1904, 0x1904, 0x1904,
  0x1904, 0x1904, 0x1904, 0x1904, 0x1904, 0x1904, 0x1904, 0x1904, 0x1904, 0x1904, 0x1904, 0x1904,
  0x1904, 0x1904, 0x1904, 0x1904, 0x1904, 0x1904, 0x1904, 0x1904, 0x1904, 0x1904, 0x1904, 0x1904,
  0x1904, 0x1904, 0x1904, 0x1904, 0x1904, 0x1904, 0x1904, 0x1904, 0x1904, 0x1904, 0x1904, 0x1904,
  0x1904, 0x1904, 0x1904, 0x1904, 0x1904, 0x1904, 0x1904, 0x1904, 0x1904, 0x1904, 0x1904, 0x1904,
  0x1904, 0x1904, 0x1903, 0x1904, 0x1904, 0x1904, 0x1904, 0x1904, 0x1904, 0x1904, 0x1904, 0x1904,
  0x1904, 0x1904, 0x1904, 0x1904, 0x1904, 0x1904, 0x1904, 0x1904, 0x1904, 0x1904, 0x1904, 0x1904,
  0x1904, 0x1904, 0x1904, 0x1904, 0x1904, 0x1904, 0x1904, 0x1904, 0x1904, 0x1904, 0x1904, 0x1904,
  0x2923, 0x28E1, 0x2923, 0x20C2, 0x2903, 0x2103, 0x1904, 0x1904, 0x1904, 0x1904, 0x1904, 0x1904,
  0x1904, 0x1904, 0x1904, 0x1904, 0x1904, 0x1904, 0x1904, 0x1904, 0x1904, 0x1904, 0x1904, 0x1904,
  0x1904, 0x1904, 0x1904, 0x1904, 0x1904, 0x1904, 0x1904, 0x1904, 0x1904, 0x1904, 0x3123, 0x3902,
  0x38A0, 0x7A44, 0x82E7, 0x69C3, 0x6A25, 0x40E0, 0x3902, 0x2923, 0x1903, 0x1904, 0x1904, 0x1904,
  0x1904, 0x1904, 0x1904, 0x1904, 0x1904, 0x1904, 0x1904, 0x1904, 0x1904, 0x1904, 0x1904, 0x1904,
  0x1904, 0x1904, 0x1904, 0x1904, 0x1904, 0x1904, 0x1904, 0x1904, 0x3123, 0x3123, 0x38C0, 0x6161,
  0xA3CA, 0xE655, 0xE614, 0xAB68, 0xF75A, 0xB4AE, 0x8285, 0x5120, 0x30E1, 0x2124, 0x18E3, 0x1904,
  0x1904, 0x1904, 0x1904, 0x1904, 0x1904, 0x1904, 0x1904, 0x1904, 0x1904, 0x1904, 0x1904, 0x1904,
  0x1904, 0x1904, 0x1904, 0x1904, 0x1904, 0x1904, 0x1904, 0x2923, 0x38E1, 0x5120, 0x9307, 0xD571,
  0xEE13, 0xF739, 0xE614, 0xBBEA, 0xFFFE, 0xEE76, 0xF719, 0x9B89, 0x69C2, 0x4941, 0x30E2, 0x2124,
  0x1904, 0x1904, 0x1904, 0x1904, 0x1904, 0x1904, 0x1904, 0x1904, 0x1904, 0x1904, 0x1904, 0x1904,
  0x1904, 0x1904, 0x1904, 0x1904, 0x1904, 0x1904, 0x28E2, 0x38C0, 0x8A85, 0xC44B, 0xFE95, 0xF6D7,
  0xBBA8, 0xDDB2, 0xE5D3, 0xAB47, 0xF6D8, 0xA2C4, 0xE655, 0xFFFD, 0xDDF4, 0x8AC6, 0x5121, 0x3102,
  0x1903, 0x1904, 0x1904, 0x1904, 0x1904, 0x1904, 0x1904, 0x1904, 0x1904, 0x1904, 0x1904, 0x1904,
  0x1904, 0x1904, 0x1904, 0x1904, 0x1904, 0x2103, 0x4142, 0xA368, 0xF5F1, 0xFE95, 0xFF7A, 0xEE75,
  0xAB47, 0xE698, 0xD572, 0xBC2B, 0xFFBC, 0xCCAD, 0xE5F3, 0xFF7C, 0xFF9C, 0xF719, 0xD592, 0x6A24,
  0x1882, 0x1904, 0x1904, 0x1904, 0x1904, 0x1904, 0x1904, 0x1904, 0x1904, 0x1904, 0x1904, 0x1904,
  0x1904, 0x1904, 0x1904, 0x1904, 0x1904, 0x20E2, 0x7244, 0xFE72, 0xFE94, 0xFF78, 0xFF59, 0xF6D8,
  0xFF7B, 0xFFFF, 0xDDD3, 0xB387, 0xFFDE, 0xFF9C, 0xFFDD, 0xFF9C, 0xD571, 0xAB67, 0xFF7A, 0x9B8A,
  0x4142, 0x1904, 0x1904, 0x1904, 0x1904, 0x1904, 0x1904, 0x1904, 0x1904, 0x1904, 0x1904, 0x1904,
  0x1904, 0x1904, 0x1904, 0x1904, 0x1903, 0x3902, 0x8A84, 0xFE92, 0xFE93, 0xF674, 0xCC4A, 0xD54F,
  0xFF9B, 0xFFFF, 0xDDD3, 0xC44B, 0xFFFF, 0xF719, 0xFFFE, 0xFF9C, 0xEE96, 0xA326, 0xF6D7, 0xA389,
  0x38C0, 0x2104, 0x1904, 0x1904, 0x1904, 0x1904, 0x1904, 0x1904, 0x1904, 0x1904, 0x1904, 0x1904,
  0x1904, 0x1904, 0x1904, 0x1904, 0x1904, 0x4101, 0x9B06, 0xFEF5, 0xFE74, 0xF674, 0xAAE3, 0xD52F,
  0xFF5A, 0xFFFE, 0xE614, 0xC42A, 0xF73A, 0xBC09, 0xE614, 0xFFFF, 0xFF7B, 0xFF3A, 0xFF7A, 0x9308,
  0x4942, 0x2103, 0x1904, 0x1904, 0x1904, 0x1904, 0x1904, 0x1904, 0x1904, 0x1904, 0x1904, 0x1904,
  0x1904, 0x1904, 0x1904, 0x1904, 0x1903, 0x3901, 0x92C6, 0xFE93, 0xFF79, 0xFED6, 0xEE34, 0xFFBC,
  0xFFDE, 0xFFFF, 0xD52F, 0xCC8C, 0xFF9C, 0xC40A, 0xD4EE, 0xFFBD, 0xFFFE, 0xFF5A, 0xFFFF, 0xA3AA,
  0x40C0, 0x1904, 0x1904, 0x1904, 0x1904, 0x1904, 0x1904, 0x1904, 0x1904, 0x1904, 0x1904, 0x1904,
  0x1904, 0x1904, 0x1904, 0x1904, 0x2104, 0x4101, 0xA347, 0xFF36, 0xD4CC, 0xDD90, 0xFF7B, 0xFF9C,
  0xFF7B, 0xF6F8, 0xBB65, 0xAAC3, 0xEEB7, 0xF73A, 0xFFFE, 0xFFDD, 0xE615, 0xC48D, 0xFFDD, 0xA3A9,
  0x5162, 0x2123, 0x1904, 0x1904, 0x1904, 0x1904, 0x1904, 0x1904, 0x1904, 0x1904, 0x1904, 0x1904,
  0x1904, 0x1904, 0x1904, 0x1904, 0x2103, 0x4121, 0xA367, 0xF5F0, 0xAAE3, 0xD50E, 0xFF7A, 0xF6F8,
  0xDD4F, 0xC3E8, 0xC44B, 0xC44A, 0xBBC8, 0xC42A, 0xEED8, 0xFFFF, 0xEE77, 0x9A63, 0xEE55, 0xAC2C,
  0x38C0, 0x2123, 0x1904, 0x1904, 0x1904, 0x1904, 0x1904, 0x1904, 0x1904, 0x1904, 0x1904, 0x1904,
  0x1904, 0x1904, 0x1904, 0x1904, 0x2103, 0x3900, 0xABC8, 0xFEF5, 0xD4CC, 0xF633, 0xE590, 0xBBE8,
  0xCC4A, 0xEE55, 0xFFFF, 0xFFFE, 0xFFDD, 0xC46C, 0xAB25, 0xCCEF, 0xEE96, 0xFF3A, 0xFF7B, 0x9B89,
  0x4121, 0x1903, 0x1904, 0x1904, 0x1904, 0x1904, 0x1904, 0x1904, 0x1904, 0x1904, 0x1904, 0x1904,
  0x1904, 0x1904, 0x1904, 0x1904, 0x1903, 0x3921, 0x9B47, 0xFEB3, 0xEDD0, 0xD4AB, 0xB366, 0xD54F,
  0xFF7B, 0xFFDD, 0xFF5B, 0xFF7C, 0xFFFE, 0xFFFE, 0xEEB7, 0xC42B, 0xAB46, 0xCD0F, 0xF739, 0xA40C,
  0x28E1, 0x1904, 0x1904, 0x1904, 0x1904, 0x1904, 0x1904, 0x1904, 0x1904, 0x1904, 0x1904, 0x1904,
  0x1904, 0x1904, 0x1904, 0x1904, 0x1904, 0x28E1, 0x8AC6, 0xCC4A, 0xAB25, 0xD4AB, 0xFED6, 0xFED6,
  0xFF7A, 0xFF7B, 0xFF5A, 0xFF5B, 0xFF7B, 0xF75A, 0xFFDC, 0xF739, 0xE635, 0xBC6C, 0x9B06, 0x6A04,
  0x3123, 0x1904, 0x1904, 0x1904, 0x1904, 0x1904, 0x1904, 0x1904, 0x1904, 0x1904, 0x1904, 0x1904,
  0x1904, 0x1904, 0x1904, 0x1904, 0x1904, 0x2103, 0x4962, 0x92C5, 0xF5CF, 0xFF15, 0xBBA7, 0xAAE4,
  0xEE13, 0xFF19, 0xFF39, 0xFF39, 0xFF5A, 0xE614, 0xA2A3, 0xBBE9, 0xFFFD, 0xFF7A, 0x9B89, 0x30E1,
  0x18E3, 0x1904, 0x1904, 0x1904, 0x1904, 0x1904, 0x1904, 0x1904, 0x1904, 0x1904, 0x1904, 0x1904,
  0x1904, 0x1904, 0x1904, 0x1904, 0x1904, 0x1904, 0x3102, 0x7224, 0xC48B, 0xF673, 0xEDB0, 0xDD4D,
  0xEE53, 0xFED7, 0xFEF7, 0xFEF8, 0xFF19, 0xFF59, 0xEE55, 0xF696, 0xE5F3, 0x9B89, 0x51A3, 0x18E3,
  0x1904, 0x1904, 0x1904, 0x1904, 0x1904, 0x1904, 0x1904, 0x1904, 0x1904, 0x1904, 0x1904, 0x1904,
  0x1904, 0x1904, 0x1904, 0x1904, 0x1904, 0x1904, 0x2104, 0x28C1, 0x5120, 0x9AE5, 0xDCEC, 0xFED4,
  0xFF57, 0xFE95, 0xFE95, 0xFE95, 0xFF59, 0xFF38, 0xEE54, 0xB44C, 0x82C6, 0x4920, 0x1881, 0x1904,
  0x1904, 0x1904, 0x1904, 0x1904, 0x1904, 0x1904, 0x1904, 0x1904, 0x1904, 0x1904, 0x1904, 0x1904,
  0x1904, 0x1904, 0x1904, 0x1904, 0x1904, 0x1904, 0x1904, 0x1903, 0x2923, 0x4921, 0x5100, 0xA326,
  0xD50D, 0xFEF5, 0xFF15, 0xFEF5, 0xEE33, 0xCCCD, 0x8284, 0x5962, 0x30A0, 0x2903, 0x1904, 0x1904,
  0x1904, 0x1904, 0x1904, 0x1904, 0x1904, 0x1904, 0x1904, 0x1904, 0x1904, 0x1904, 0x1904, 0x1904,
  0x1904, 0x1904, 0x1904, 0x1904, 0x1904, 0x1904, 0x1904, 0x1904, 0x1904, 0x2103, 0x3102, 0x5162,
  0x5961, 0xA347, 0xCCCC, 0xD4ED, 0x9B26, 0x69E2, 0x30C0, 0x28E2, 0x2104, 0x1904, 0x1904, 0x1904,
  0x1904, 0x1904, 0x1904, 0x1904, 0x1904, 0x1904, 0x1904, 0x1904, 0x1904, 0x1904, 0x1904, 0x1904,
  0x1904, 0x1904, 0x1904, 0x1904, 0x1904, 0x1904, 0x1904, 0x1904, 0x1904, 0x1904, 0x1904, 0x2104,
  0x20E2, 0x3901, 0x4142, 0x4962, 0x30C0, 0x28E1, 0x2103, 0x1904, 0x1904, 0x1904, 0x1904, 0x1904,
  0x1904, 0x1904, 0x1904, 0x1904, 0x1904, 0x1904, 0x1904, 0x1904, 0x1904, 0x1904, 0x1904, 0x1904,
  0x1904, 0x1904, 0x1904, 0x1904, 0x1904, 0x1904, 0x1904, 0x1904, 0x1904, 0x1904, 0x1904, 0x1904,
  0x1904, 0x1904, 0x1904, 0x10E3, 0x1903, 0x1904, 0x1904, 0x1904, 0x1904, 0x1904, 0x1904, 0x1904,
  0x1904, 0x1904, 0x1904, 0x1904, 0x1904, 0x1904, 0x1904, 0x1904, 0x1904, 0x1904, 0x1904, 0x1904,
  0x1904, 0x1904, 0x1904, 0x1904, 0x1904, 0x1904, 0x1904, 0x1904, 0x1904, 0x1904, 0x1904, 0x1904,
  0x1904, 0x1904, 0x1904, 0x1904, 0x1904, 0x1904, 0x1904, 0x1904, 0x1904, 0x1904, 0x1904, 0x1904,
  0x1904, 0x1904, 0x1904, 0x1904, 0x1904, 0x1904, 0x1904, 0x1904, 0x1904, 0x1904, 0x1904, 0x1904,
  0x1904, 0x1904, 0x1904, 0x1904, 0x1904, 0x1904, 0x1904, 0x1904, 0x1904, 0x1904, 0x1904, 0x1904,
  0x1904, 0x1904, 0x1904, 0x1904, 0x1904, 0x1904, 0x1904, 0x1904, 0x1904, 0x1904, 0x1904, 0x1904,
  0x1904, 0x1904, 0x1904, 0x1904, 0x1904, 0x1904, 0x1904, 0x1904, 0x1904, 0x1904, 0x1904, 0x1904,
  0x1904, 0x1904, 0x1904, 0x1904, 0x1904, 0x1904, 0x1904, 0x1904, 0x1904, 0x1904, 0x1904, 0x1904,
  0x1904, 0x1904, 0x1904, 0x1904, 0x1904, 0x1904, 0x1904, 0x1904, 0x1904, 0x1904, 0x1904, 0x1904,
  0x1904, 0x1904, 0x1904, 0x1904, 0x1904, 0x1904, 0x1904, 0x1904, 0x1904, 0x1904, 0x1904, 0x1904,
  0x1904, 0x1904, 0x1904, 0x1904, 0x1904, 0x1904, 0x1904, 0x1904, 0x1904, 0x1904, 0x1904, 0x1904,
  0x1904, 0x1904, 0x1904, 0x1904, 0x1904, 0x1904, 0x1904, 0x1904, 0x1904, 0x1904, 0x1904, 0x1904,
  0x1904, 0x1904, 0x1904, 0x1904, 0x1904, 0x1904, 0x1904, 0x1904, 0x1904, 0x1904, 0x1904, 0x1904,
  0x1904, 0x1904, 0x1904, 0x1904, 0x1904, 0x1904, 0x1904, 0x1904, 0x1904, 0x1904, 0x1904, 0x1904,
  0x1904, 0x1904, 0x1904, 0x1904, 0x1904, 0x1904, 0x1904, 0x1904, 0x1904, 0x1904, 0x1904, 0x1904,
  0x1904, 0x1904, 0x1904, 0x1904, 0x1904, 0x1904, 0x1904, 0x1904, 0x1904, 0x1904, 0x1904, 0x1904,
  0x1904, 0x1904, 0x1904, 0x1904, 0x1904, 0x1904, 0x1904, 0x1904, 0x1904, 0x1904, 0x1904, 0x1904,
  0x1904, 0x1904, 0x1904, 0x1904, 0x1904, 0x1904, 0x1904, 0x1904, 0x1904, 0x1904, 0x1904, 0x1904,
  0x1904, 0x1904, 0x1904, 0x1904, 0x1904, 0x1904, 0x1904, 0x1904, 0x1904, 0x1904, 0x1904, 0x1904,
  0x1904, 0x1904, 0x1904, 0x1904, 0x1904, 0x1904, 0x1904, 0x1904, 0x1904, 0x1904, 0x1904, 0x1904,
  0x1904, 0x1904, 0x1904, 0x1904, 0x1904, 0x1904, 0x1904, 0x1904, 0x1904, 0x1904, 0x1904, 0x1904,
  0x1904, 0x1904, 0x1904, 0x1904, 0x1904, 0x1904, 0x1904, 0x1904, 0x1904, 0x1904, 0x1904, 0x1904,
  0x1904, 0x1904, 0x1904, 0x1904, 0x1904, 0x1904, 0x1904, 0x1904, 0x1904, 0x1904, 0x1904, 0x1904,
  0x1904, 0x1904, 0x1904, 0x1904, 0x1904, 0x1904, 0x1904, 0x1904, 0x1904, 0x1904, 0x1904, 0x1904,
  0x1904, 0x1904, 0x1904, 0x1904, 0x1904, 0x1904, 0x1904, 0x1904, 0x1904, 0x1904, 0x1904, 0x1904,
};

// dice_spin_frame_11 36x36
const uint16_t dice_spin_frame_11_w = 36;
const uint16_t dice_spin_frame_11_h = 36;
const unsigned short dice_spin_frame_11[1296] PROGMEM = {
  0x1904, 0x1904, 0x1904, 0x1904, 0x1904, 0x1904, 0x1904, 0x1904, 0x1904, 0x1904, 0x1904, 0x1904,
  0x1904, 0x1904, 0x1904, 0x1904, 0x1904, 0x1904, 0x1904, 0x1904, 0x1904, 0x1904, 0x1904, 0x1904,
  0x1904, 0x1904, 0x1904, 0x1904, 0x1904, 0x1904, 0x1904, 0x1904, 0x1904, 0x1904, 0x1904, 0x1904,
  0x1904, 0x1904, 0x1904, 0x1904, 0x1904, 0x1904, 0x1904, 0x1904, 0x1904, 0x1904, 0x1904, 0x1904,
  0x1904, 0x1904, 0x1904, 0x1904, 0x1904, 0x1904, 0x1904, 0x1904, 0x1904, 0x1904, 0x1904, 0x1904,
  0x1904, 0x1904, 0x1904, 0x1904, 0x1904, 0x1904, 0x1904, 0x1904, 0x1904, 0x1904, 0x1904, 0x1904,
  0x1904, 0x1904, 0x1904, 0x1904, 0x1904, 0x1904, 0x1904, 0x1904, 0x1904, 0x1904, 0x1904, 0x1904,
  0x1904, 0x1904, 0x1904, 0x1904, 0x1904, 0x1904, 0x1904, 0x1904, 0x1904, 0x1904, 0x1904, 0x1904,
  0x1904, 0x1904, 0x1904, 0x1904, 0x1904, 0x1904, 0x1904, 0x1904, 0x1904, 0x1904, 0x1904, 0x1904,
  0x1904, 0x1904, 0x1904, 0x1904, 0x1904, 0x1904, 0x1904, 0x1904, 0x1904, 0x1904, 0x1904, 0x1904,
  0x1904, 0x1904, 0x1904, 0x1904, 0x1904, 0x1904, 0x1904, 0x1904, 0x1904, 0x1904, 0x1904, 0x1904,
  0x1904, 0x1904, 0x1904, 0x1904, 0x1904, 0x1904, 0x1904, 0x1904, 0x1904, 0x1904, 0x1904, 0x1904,
  0x1904, 0x1904, 0x1904, 0x1904, 0x1904, 0x1904, 0x1904, 0x1904, 0x1904, 0x1904, 0x1904, 0x1904,
  0x1904, 0x1904, 0x1904, 0x1904, 0x1904, 0x1904, 0x1904, 0x1904, 0x1904, 0x1904, 0x1904, 0x1904,
  0x1904, 0x1904, 0x1904, 0x1904, 0x1904, 0x1904, 0x1904, 0x1904, 0x1904, 0x1904, 0x1904, 0x1904,
  0x1904, 0x1904, 0x1904, 0x1904, 0x1904, 0x1904, 0x1904, 0x1904, 0x1904, 0x1904, 0x1904, 0x1904,
  0x1904, 0x1904, 0x1904, 0x1904, 0x1904, 0x1904, 0x1904, 0x1904, 0x1904, 0x1904, 0x1904, 0x1904,
  0x1904, 0x1904, 0x1904, 0x1904, 0x1904, 0x1904, 0x1904, 0x1904, 0x1904, 0x1904, 0x1904, 0x1904,
  0x1904, 0x1904, 0x1904, 0x1904, 0x1904, 0x1904, 0x1904, 0x1904, 0x1904, 0x1904, 0x1904, 0x1904,
  0x1904, 0x1904, 0x1904, 0x1904, 0x1904, 0x1904, 0x1904, 0x1904, 0x1904, 0x1904, 0x1904, 0x1904,
  0x1904, 0x1904, 0x1904, 0x1904, 0x1904, 0x1904, 0x1904, 0x1904, 0x1904, 0x1904, 0x1904, 0x1904,
  0x1904, 0x1904, 0x1904, 0x1904, 0x1904, 0x1904, 0x1904, 0x1904, 0x1904, 0x1904, 0x1904, 0x1904,
  0x1904, 0x1904, 0x1904, 0x1904, 0x1904, 0x1904, 0x1904, 0x1904, 0x1904, 0x1904, 0x1904, 0x1904,
  0x1904, 0x1904, 0x1904, 0x1904, 0x1904, 0x1904, 0x1904, 0x1904, 0x1904, 0x1904, 0x1904, 0x1904,
  0x1904, 0x1904, 0x1904, 0x1904, 0x1904, 0x1904, 0x1904, 0x1904, 0x1904, 0x1904, 0x1903, 0x2103,
  0x3123, 0x3102, 0x3942, 0x30E1, 0x3923, 0x30E1, 0x3923, 0x18A2, 0x1904, 0x1904, 0x1904, 0x1904,
  0x1904, 0x1904, 0x1904, 0x1904, 0x1904, 0x1904, 0x1904, 0x1904, 0x1904, 0x1904, 0x1904, 0x1904,
  0x1904, 0x1904, 0x1904, 0x1904, 0x1904, 0x1904, 0x1904, 0x1904, 0x1903, 0x2923, 0x2080, 0x59C4,
  0x5981, 0x8285, 0x71E2, 0x8265, 0x69A2, 0x7A04, 0x69C3, 0x61C3, 0x28A1, 0x2103, 0x1904, 0x1904,
  0x1904, 0x1904, 0x1904, 0x1904, 0x1904, 0x1904, 0x1904, 0x1904, 0x1904, 0x1904, 0x1904, 0x1904,
  0x1904, 0x1904, 0x1904, 0x1904, 0x1904, 0x1904, 0x1904, 0x2123, 0x28A1, 0x7245, 0x7A03, 0xDDB2,
  0xEF3A, 0xEED8, 0xF75A, 0xFF3A, 0xF719, 0xF718, 0xF739, 0xDDD3, 0x6182, 0x3922, 0x1904, 0x1904,
  0x1904, 0x1904, 0x1904, 0x1904, 0x1904, 0x1904, 0x1904, 0x1904, 0x1904, 0x1904, 0x1904, 0x1904,
  0x1904, 0x1904, 0x1904, 0x1904, 0x1904, 0x1904, 0x1904, 0x3922, 0x6182, 0xD5B3, 0xCD30, 0xC48D,
  0xFFFE, 0xBC0A, 0xBC4B, 0xFF5A, 0xFFDD, 0xD551, 0xB3A9, 0xFF38, 0xABEB, 0x5141, 0x2123, 0x1904,
  0x1904, 0x1904, 0x1904, 0x1904, 0x1904, 0x1904, 0x1904, 0x1904, 0x1904, 0x1904, 0x1904, 0x1904,
  0x1904, 0x1904, 0x1904, 0x1904, 0x1904, 0x1904, 0x3123, 0x3880, 0xA3CA, 0xFF39, 0xFF5A, 0xA2C5,
  0xDD92, 0xE5F3, 0xC44B, 0xF6F9, 0xFF9C, 0xEE55, 0xAB88, 0xE634, 0xE676, 0x7A44, 0x38E0, 0x2103,
  0x1904, 0x1904, 0x1904, 0x1904, 0x1904, 0x1904, 0x1904, 0x1904, 0x1904, 0x1904, 0x1904, 0x1904,
  0x1904, 0x1904, 0x1904, 0x1904, 0x1904, 0x1904, 0x3901, 0x7224, 0xE613, 0xD50F, 0xF718, 0xD551,
  0xBC2B, 0xFFFE, 0xFFBD, 0xFFDD, 0xFFFE, 0xFF9C, 0xFF7B, 0xFF7B, 0xFFFF, 0xBC8E, 0x69A2, 0x3943,
  0x1904, 0x1904, 0x1904, 0x1904, 0x1904, 0x1904, 0x1904, 0x1904, 0x1904, 0x1904, 0x1904, 0x1904,
  0x1904, 0x1904, 0x1904, 0x1904, 0x1904, 0x3123, 0x48E0, 0xB40B, 0xFEF6, 0xB387, 0xC4AE, 0xF73B,
  0xAB26, 0xD550, 0xFFFF, 0xEE97, 0xEEB8, 0xFFFF, 0xFFBC, 0xF73A, 0xEED7, 0xFF9B, 0x9B48, 0x38C0,
  0x2103, 0x1904, 0x1904, 0x1904, 0x1904, 0x1904, 0x1904, 0x1904, 0x1904, 0x1904, 0x1904, 0x1904,
  0x1904, 0x1904, 0x1904, 0x1904, 0x2903, 0x38E1, 0x8AA5, 0xF633, 0xFF7A, 0xD4EE, 0xE614, 0xFFFF,
  0xE5F4, 0xBBC8, 0xFF9C, 0xD570, 0xAAE4, 0xE635, 0xFFBD, 0xDDD3, 0x9242, 0xD52F, 0xCD92, 0x5141,
  0x2923, 0x1904, 0x1904, 0x1904, 0x1904, 0x1904, 0x1904, 0x1904, 0x1904, 0x1904, 0x1904, 0x1904,
  0x1904, 0x1904, 0x1904, 0x1904, 0x3123, 0x5121, 0xC46B, 0xFE95, 0xFF9A, 0xF6F8, 0xFFBC, 0xFFFE,
  0xFFDD, 0xC44A, 0xD550, 0xF73A, 0xE5F4, 0xFFFE, 0xFFFF, 0xFFDE, 0xE5F4, 0xF6D8, 0xFFFE, 0xA40C,
  0x3102, 0x1904, 0x1904, 0x1904, 0x1904, 0x1904, 0x1904, 0x1904, 0x1904, 0x1904, 0x1904, 0x1904,
  0x1904, 0x1904, 0x1904, 0x1904, 0x2081, 0x8AC6, 0xFE52, 0xFEF6, 0xFF17, 0xCC4A, 0xE634, 0xFF5A,
  0xFFFE, 0xE613, 0xB304, 0xE614, 0xE614, 0xE5F4, 0xDDB3, 0xDDF4, 0xD570, 0xCD0F, 0xC4EF, 0xA369,
  0x3922, 0x1903, 0x1904, 0x1904, 0x1904, 0x1904, 0x1904, 0x1904, 0x1904, 0x1904, 0x1904, 0x1904,
  0x1904, 0x1904, 0x1904, 0x1903, 0x3922, 0x9B48, 0xFED4, 0xFEB4, 0xF653, 0xB324, 0xC48C, 0xFFBD,
  0xFFDD, 0xFF59, 0xA260, 0xAAC3, 0xC42A, 0xBBA8, 0xC42A, 0xB3A8, 0xC46C, 0xB3C9, 0xCCEF, 0x9B48,
  0x3102, 0x1904, 0x1904, 0x1904, 0x1904, 0x1904, 0x1904, 0x1904, 0x1904, 0x1904, 0x1904, 0x1904,
  0x1904, 0x1904, 0x1904, 0x1904, 0x20E2, 0x7A24, 0xFE51, 0xFE53, 0xFED5, 0xE5D1, 0xF696, 0xFFFE,
  0xFF7B, 0xD52F, 0xC409, 0xFFFE, 0xFFDD, 0xFFFE, 0xFFFE, 0xFFFF, 0xF6F8, 0xFFFD, 0xFFBB, 0xAC2C,
  0x3102, 0x18E3, 0x1904, 0x1904, 0x1904, 0x1904, 0x1904, 0x1904, 0x1904, 0x1904, 0x1904, 0x1904,
  0x1904, 0x1904, 0x1904, 0x1904, 0x2903, 0x5982, 0xC44A, 0xFEF5, 0xFF78, 0xF6B6, 0xFF59, 0xFF7B,
  0xF696, 0xC3E8, 0xEE76, 0xFFFE, 0xFF9C, 0xFF7B, 0xFF7B, 0xE5F3, 0x9A62, 0xE5D2, 0xE5F4, 0x7244,
  0x1861, 0x1924, 0x1904, 0x1904, 0x1904, 0x1904, 0x1904, 0x1904, 0x1904, 0x1904, 0x1904, 0x1904,
  0x1904, 0x1904, 0x1904, 0x1904, 0x1904, 0x4122, 0x7A44, 0xFE52, 0xFEB4, 0xB386, 0xE5F2, 0xFF39,
  0xCC6B, 0xD4AC, 0xFFFE, 0xFF5B, 0xFF5B, 0xFF5B, 0xFF5A, 0xE5F3, 0xD52F, 0xF6F8, 0xABEB, 0x4920,
  0x2903, 0x1904, 0x1904, 0x1904, 0x1904, 0x1904, 0x1904, 0x1904, 0x1904, 0x1904, 0x1904, 0x1904,
  0x1904, 0x1904, 0x1904, 0x1904, 0x1904, 0x28E3, 0x40E0, 0xB3C9, 0xF611, 0xB324, 0xD50E, 0xEDF2,
  0xB366, 0xF6B6, 0xFF7B, 0xFF7B, 0xFF39, 0xFF39, 0xFF19, 0xFF39, 0xFF9A, 0xD570, 0x7203, 0x30A0,
  0x1904, 0x1904, 0x1904, 0x1904, 0x1904, 0x1904, 0x1904, 0x1904, 0x1904, 0x1904, 0x1904, 0x1904,
  0x1904, 0x1904, 0x1904, 0x1904, 0x1904, 0x2104, 0x4142, 0x8244, 0xEDF1, 0xEE31, 0xEE12, 0xCC6A,
  0xDD4F, 0xF6D6, 0xEE54, 0xFEF8, 0xFEF8, 0xFEF7, 0xFEB7, 0xFF59, 0xEE33, 0x8AE5, 0x30C0, 0x2123,
  0x1904, 0x1904, 0x1904, 0x1904, 0x1904, 0x1904, 0x1904, 0x1904, 0x1904, 0x1904, 0x1904, 0x1904,
  0x1904, 0x1904, 0x1904, 0x1904, 0x1904, 0x1904, 0x2923, 0x40C0, 0xABA8, 0xFED3, 0xD4EC, 0xBBA7,
  0xFE94, 0xAB04, 0xB346, 0xEE53, 0xFED6, 0xFE95, 0xFE94, 0xFEB5, 0xC4AC, 0x69C2, 0x28E1, 0x1904,
  0x1904, 0x1904, 0x1904, 0x1904, 0x1904, 0x1904, 0x1904, 0x1904, 0x1904, 0x1904, 0x1904, 0x1904,
  0x1904, 0x1904, 0x1904, 0x1904, 0x1904, 0x1904, 0x1903, 0x3122, 0x69E3, 0xBC4A, 0xB346, 0xDD0C,
  0xFF36, 0xDD2D, 0xFE52, 0xFF16, 0xFF16, 0xFEB4, 0xFF76, 0xE58F, 0x8A85, 0x30C0, 0x2103, 0x1904,
  0x1904, 0x1904, 0x1904, 0x1904, 0x1904, 0x1904, 0x1904, 0x1904, 0x1904, 0x1904, 0x1904, 0x1904,
  0x1904, 0x1904, 0x1904, 0x1904, 0x1904, 0x1904, 0x1904, 0x1904, 0x28E2, 0x5162, 0x8264, 0xCCCC,
  0xD52E, 0xDD4E, 0xDCED, 0xD4CC, 0xCCAB, 0xC46B, 0xB3EA, 0x7265, 0x3921, 0x2102, 0x1904, 0x1904,
  0x1904, 0x1904, 0x1904, 0x1904, 0x1904, 0x1904, 0x1904, 0x1904, 0x1904, 0x1904, 0x1904, 0x1904,
  0x1904, 0x1904, 0x1904, 0x1904, 0x1904, 0x1904, 0x1904, 0x1904, 0x18E3, 0x2903, 0x30E1, 0x5161,
  0x5120, 0x5960, 0x5920, 0x5161, 0x5141, 0x5141, 0x3901, 0x20E2, 0x10E3, 0x1904, 0x1904, 0x1904,
  0x1904, 0x1904, 0x1904, 0x1904, 0x1904, 0x1904, 0x1904, 0x1904, 0x1904, 0x1904, 0x1904, 0x1904,
  0x1904, 0x1904, 0x1904, 0x1904, 0x1904, 0x1904, 0x1904, 0x1904, 0x1904, 0x1904, 0x1903, 0x2103,
  0x2103, 0x2903, 0x2923, 0x2903, 0x2124, 0x2103, 0x1904, 0x1904, 0x1904, 0x1904, 0x1904, 0x1904,
  0x1904, 0x1904, 0x1904, 0x1904, 0x1904, 0x1904, 0x1904, 0x1904, 0x1904, 0x1904, 0x1904, 0x1904,
  0x1904, 0x1904, 0x1904, 0x1904, 0x1904, 0x1904, 0x1904, 0x1904, 0x1904, 0x1904, 0x1904, 0x1904,
  0x1904, 0x1904, 0x1904, 0x1904, 0x1904, 0x1904, 0x1904, 0x1904, 0x1904, 0x1904, 0x1904, 0x1904,
  0x1904, 0x1904, 0x1904, 0x1904, 0x1904, 0x1904, 0x1904, 0x1904, 0x1904, 0x1904, 0x1904, 0x1904,
  0x1904, 0x1904, 0x1904, 0x1904, 0x1904, 0x1904, 0x1904, 0x1904, 0x1904, 0x1904, 0x1904, 0x1904,
  0x1904, 0x1904, 0x1904, 0x1904, 0x1904, 0x1904, 0x1904, 0x1904, 0x1904, 0x1904, 0x1904, 0x1904,
  0x1904, 0x1904, 0x1904, 0x1904, 0x1904, 0x1904, 0x1904, 0x1904, 0x1904, 0x1904, 0x1904, 0x1904,
  0x1904, 0x1904, 0x1904, 0x1904, 0x1904, 0x1904, 0x1904, 0x1904, 0x1904, 0x1904, 0x1904, 0x1904,
  0x1904, 0x1904, 0x1904, 0x1904, 0x1904, 0x1904, 0x1904, 0x1904, 0x1904, 0x1904, 0x1904, 0x1904,
  0x1904, 0x1904, 0x1904, 0x1904, 0x1904, 0x1904, 0x1904, 0x1904, 0x1904, 0x1904, 0x1904, 0x1904,
  0x1904, 0x1904, 0x1904, 0x1904, 0x1904, 0x1904, 0x1904, 0x1904, 0x1904, 0x1904, 0x1904, 0x1904,
  0x1904, 0x1904, 0x1904, 0x1904, 0x1904, 0x1904, 0x1904, 0x1904, 0x1904, 0x1904, 0x1904, 0x1904,
  0x1904, 0x1904, 0x1904, 0x1904, 0x1904, 0x1904, 0x1904, 0x1904, 0x1904, 0x1904, 0x1904, 0x1904,
  0x1904, 0x1904, 0x1904, 0x1904, 0x1904, 0x1904, 0x1904, 0x1904, 0x1904, 0x1904, 0x1904, 0x1904,
  0x1904, 0x1904, 0x1904, 0x1904, 0x1904, 0x1904, 0x1904, 0x1904, 0x1904, 0x1904, 0x1904, 0x1904,
  0x1904, 0x1904, 0x1904, 0x1904, 0x1904, 0x1904, 0x1904, 0x1904, 0x1904, 0x1904, 0x1904, 0x1904,
  0x1904, 0x1904, 0x1904, 0x1904, 0x1904, 0x1904, 0x1904, 0x1904, 0x1904, 0x1904, 0x1904, 0x1904,
  0x1904, 0x1904, 0x1904, 0x1904, 0x1904, 0x1904, 0x1904, 0x1904, 0x1904, 0x1904, 0x1904, 0x1904,
  0x1904, 0x1904, 0x1904, 0x1904, 0x1904, 0x1904, 0x1904, 0x1904, 0x1904, 0x1904, 0x1904, 0x1904,
  0x1904, 0x1904, 0x1904, 0x1904, 0x1904, 0x1904, 0x1904, 0x1904, 0x1904, 0x1904, 0x1904, 0x1904,
  0x1904, 0x1904, 0x1904, 0x1904, 0x1904, 0x1904, 0x1904, 0x1904, 0x1904, 0x1904, 0x1904, 0x1904,
  0x1904, 0x1904, 0x1904, 0x1904, 0x1904, 0x1904, 0x1904, 0x1904, 0x1904, 0x1904, 0x1904, 0x1904,
};

const unsigned short* const dice_spin_frames[12] = {
  dice_spin_frame_0, dice_spin_frame_1, dice_spin_frame_2, dice_spin_frame_3, dice_spin_frame_4, dice_spin_frame_5, dice_spin_frame_6, dice_spin_frame_7, dice_spin_frame_8, dice_spin_frame_9, dice_spin_frame_10, dice_spin_frame_11
};
